Tarefa,categoria,cliente,descrição,Legenda,prazo,Dia,Hora,prioridade,responsável,status,Inspiração,Link entrega
CARROSSEL 03: Por que seu concorrente vende mais barato?,carrossel,LTV,"Slide 1 (Capa): [Texto grande] Como o seu concorrente consegue vender mais barato do que você PAGA no produto? [Visual: Imagem de duas calculadoras, uma com saldo positivo, outra negativo]
Slide 2: [Texto] Você já se perguntou como aquela marca concorrente consegue fazer promoções tão agressivas e ainda assim não quebrar?
Slide 3: [Texto] A resposta não é mágica, é ""Sourcing"". Enquanto você folheia catálogos de distribuidores locais, o seu concorrente tem uma linha direta com a fábrica na Ásia.
Slide 4: [Texto] Eles operam no modelo ""White Label"". Compram direto da fonte, colocam a própria marca no produto e eliminam todos os atravessadores.
Slide 5: [Texto] Eles não têm um produto melhor. Eles têm uma ENGENHARIA LOGÍSTICA melhor. E é exatamente isso que a LTV constrói para os clientes.
Slide 6 (Último/CTA): [Texto] Pare de tentar vencer a guerra de preços com as armas erradas. Estruture sua importação com a LTV. 📈
Legenda: Preço na ponta é reflexo de inteligência na base. Se você compra mal, vai vender mal. O segredo das marcas que lideram o mercado brasileiro hoje é a importação direta de ponta a ponta. Quer saber como implementar isso no seu negócio?",,22/04/2026,quarta-feira,,alta,Viviane,Finalizado,,G:\Meu Drive\Gasmaske\Clientes\LTV+comexblog\LTV\CARROSSEL\Por que seu concorrente vende mais barato\images
Reunião,Operacional,Gasmaske,Gustavo Venturini,,22/04/2026,,19:00:00,Baixa,Junior,Finalizado,,
"CARROSSEL 03: A Armadilha do Frete Barato (Cuidado com CIF)
",carrossel,Comexblog,"Slide 1 (Capa): [Texto grande] A Armadilha do Frete Chinês ""Incluso"". [Subtítulo] Por que o barato sai muito caro no porto de destino. [Visual: Ratoeira com um navio de brinquedo como isca]
Slide 2: [Texto] A Oferta Irrecusável: O fornecedor chinês te oferece a mercadoria no Incoterm CIF (com frete e seguro pagos até o Brasil) por um valor absurdamente barato. Você aceita achando que fez o negócio do ano.
Slide 3: [Texto] O Golpe Oculto: O frete internacional estava barato porque o agente de cargas na China jogou todo o custo operacional (e o lucro dele) para as taxas locais de destino no Brasil.
Slide 4: [Texto] A Surpresa Desagradável: Quando a carga chega no porto brasileiro, o agente de cargas nacional te cobra taxas abusivas de desconsolidação, capatazia e liberação de BL. Muito acima do mercado.
Slide 5: [Texto] A Solução: Negocie no Incoterm FOB! Assim, você contrata o seu próprio agente de cargas no Brasil, negocia todas as taxas locais com antecedência e tem controle total da logística.
Slide 6 (Último/CTA): [Texto] Não deixe o fornecedor controlar a sua logística. Compartilhe esse alerta com quem compra direto da Ásia! 🚨
Legenda: Sabe aquela história de que não existe almoço grátis? No Comex, não existe frete grátis (ou absurdamente barato) na modalidade CIF. 🚢 O que você economiza na origem, vai pagar em triplo nas taxas locais abusivas do agente no Brasil. Controle sua operação: compre FOB e contrate o frete você mesmo! Deslize e entenda a armadilha. \n\n💸 Você já caiu nessa pegadinha das taxas de destino?
",,22/04/2026,,,alta,Viviane,Finalizado,,images
revisão ,Video,Mineiro,Arrumar Broll,,22/04/2026,,,alta,Junior,Finalizado,,
Criar pasta,Operacional,Full Gaz,,,22/04/2026,,,Media,Junior,Finalizado,,
Gerar Formulario,Social,Full Gaz,,,22/04/2026,,,alta,Viviane,Finalizado,,https://forms.gle/YAFWPoZH1cLojw9UA
Organizar Fotos e videos,Operacional,Full Gaz,,,22/04/2026,,,Media,Junior,Finalizado,,
Dentista,Pessoal,Gasmaske,,,22/04/2026,,17:00:00,alta,Junior,Finalizado,,
Roteiro,Social,Cabral,"Criar roteiiro da nova loja, são 2 videos",,22/04/2026,,,alta,Junior,Finalizado,,Roteiros Maio - Dom Cabral 
Captação,Video,Aline,,,23/04/2026,,,Media,Viviane,Finalizado,,
testar o metricool,Operacional,Gasmaske,ja loguei com a conta da gasmaske,,23/04/2026,,,alta,Viviane,Finalizado,,
"ESTÁTICO 01: O Meme do ""Lucro""",Estático,LTV,"Visual: Tela dividida. Topo: Foto de uma pessoa rindo, com o texto ""Meu concorrente dando 30% de desconto"". Base: Foto de alguém tenso/suando, com o texto ""Eu sabendo que se der 10% eu empato o custo.""
Legenda: A matemática não falha. Quem não importa direto da fonte, não tem margem para brincar. Pare de sofrer na guerra de preços e venha estruturar a sua importação com a inteligência logística da LTV. 🌍💼
",,23/04/2026,,,Media,Viviane,Finalizado,,https://drive.google.com/file/d/1JZ9jlmRKgTrMPDAyfmLAKwRK9Bacrg2v/view?usp=drive_link
"ESTÁTICO 02: Meme Corporativo (A Cascata de Impostos)
",Estático,Comexblog,"Visual: Meme clássico do cara andando com a namorada olhando para outra. (Ou layout limpo corporativo com a mesma dinâmica).
Texto na Arte:
Namorada atual (sendo ignorada): ""Lucro esperado da importação.""
Cara olhando: ""Importador iniciante.""
Outra mulher passando (em vermelho): ""Capatazia, AFRMM, Taxa do Despachante, IPI, PIS, COFINS e ICMS.""
Legenda: Expectativa: ""Comprei por 1 dólar, vou vender por 5 e ficar rico!"" 🤑 Realidade: Sendo atropelado pela cascata de impostos e taxas portuárias brasileiras antes mesmo de ver a cor do produto. Nunca faça uma estimativa de custos no ""achismo"". Calcule o Landed Cost! \n\n😂 Quem nunca tomou um susto na primeira simulação de custos que atire o primeiro contêiner!
",,23/04/2026,,,Media,Viviane,Finalizado,,https://drive.google.com/file/d/1NuD8TvgASnViRESiL1zbO-noT8qppHaI/view?usp=drive_link
Roteiro,Social,HDG,Roterizar posts Organicos,,27/04/2026,,,Media,Junior,Finalizado,,
"ESTÁTICO 03: Frase de Impacto (Mindset de Câmbio)",Estático,Comexblog,"Visual: Fundo escuro com textura de aço ou painel de pregão da bolsa. Tipografia forte em branco e verde.
Texto na Arte: ""Quem não trava o câmbio na importação, trabalha de graça para a oscilação do dólar.""
Legenda: Fechou a compra com o dólar a R$ 4,90 e só foi pagar quando a carga chegou no Brasil com o dólar a R$ 5,30? Parabéns, a variação cambial acabou de engolir 100% da sua margem de lucro. 📉 Ter uma estratégia de Hedge Cambial e travamento de câmbio é obrigação de quem quer sobreviver no mercado global. \n\n💵 Como sua empresa se protege das oscilações do dólar hoje?
",,27/04/2026,,,Baixa,Viviane,Finalizado,,
"ESTÁTICO 03: Alerta de Custo
",Estático,LTV,"Visual: Estilo notificação de celular na tela de bloqueio.
Texto na Arte: ⚠️ Lembrete: O seu distribuidor local também importa da China. Você só está pagando a logística e o lucro dele.
Legenda: Já parou para pensar que quase tudo que você compra para revender vem da Ásia? A única diferença entre você e o seu fornecedor atual é a coragem de estruturar uma operação própria. A LTV viabiliza isso para você através da Carga Compartilhada. Dê o primeiro passo.
",,27/04/2026,,,Baixa,Viviane,Finalizado,,
CARROSSEL 04: Tirador de Pedido vs. Parceiro Estratégico,carrossel,LTV,"Slide 1 (Capa): [Texto grande] Despachante Tradicional vs. LTV: Entenda a diferença. [Visual: Tabela comparativa limpa e corporativa]
Slide 2: [Texto] O Despachante Tradicional: Foca apenas em burocracia. Espera você mandar os documentos. Registra a DI. Só te avisa quando dá problema. É um ""tirador de pedidos"".
Slide 3: [Texto] O Modelo LTV: Visão de Negócio. Mapeamos os custos antes de você comprar. Coordenamos a coleta na fábrica chinesa. Consolidamos a carga para baratear o frete. E fazemos o despacho com compliance absoluto.
Slide 4: [Texto] A diferença na prática: O tradicional vê sua carga como um papel a ser carimbado. Nós vemos sua carga como o fluxo de caixa e o futuro da sua empresa.
Slide 5: [Texto] Se você quer improviso, o mercado está cheio de opções. Se você quer previsibilidade, engenharia logística e proteção de margem...
Slide 6 (Último/CTA): [Texto] Você precisa conhecer a LTV. Acesse o link na nossa bio. 🛡️
Legenda: Burocracia qualquer um faz. O que dita o sucesso de uma importação é o planejamento pré-embarque e a inteligência logística aplicada. A LTV nasceu para ser o cérebro da sua operação internacional.
",,27/04/2026,,,Media,Viviane,Finalizado,,
Thumb Badico,Thumb,Badico,,,27/04/2026,,,Baixa,Junior,Finalizado,,
Captação,Video,Cabral,Captação rapida na parte frontal da loja nova,,27/04/2026,,,Baixa,Junior,Finalizado,,
"CARROSSEL 04: Drawback (O Dinheiro Deixado na Mesa)
",carrossel,Comexblog,"Slide 1 (Capa): [Texto grande] Drawback: O Dinheiro que a sua Indústria está deixando na mesa. [Visual: Pilha de dinheiro sendo ignorada ou aspirada]
Slide 2: [Texto] O que é? O Drawback é o regime aduaneiro especial mais poderoso do Brasil. Ele elimina ou suspende os impostos de importação de insumos que serão usados para fabricar um produto tipo exportação.
Slide 3: [Texto] A Regra Básica: Você importa matéria-prima ➡️ Industrializa no Brasil ➡️ Exporta o produto final.
Slide 4: [Texto] O Impacto Direto: Você zera II, IPI, PIS, COFINS e, dependendo do estado, o ICMS na compra dos insumos internacionais. O custo de produção da sua fábrica despenca, tornando seu produto hipercompetitivo no exterior.
Slide 5: [Texto] O Erro das Médias Empresas: Muitas acham que o Drawback é só para gigantes como Vale ou Embraer. Mentira! Pequenas e médias indústrias estão perdendo dinheiro por falta de assessoria tributária adequada.
Slide 6 (Último/CTA): [Texto] Sua fábrica exporta o que produz? Salve este post e vá conversar com a sua contabilidade! 🏭
Legenda: Se a sua indústria importa matéria-prima e exporta o produto finalizado sem usar o regime de Drawback, vocês estão literalmente rasgando dinheiro. 📉 A suspensão de impostos pode reduzir o custo de produção em mais de 30%. É o diferencial entre fechar um grande contrato no exterior ou perder para a concorrência asiática. \n\n⚙️ A sua empresa já utiliza algum regime especial aduaneiro?
",,27/04/2026,,,Media,Viviane,Finalizado,,
Por que o Blackwork é Diferente?,carrossel,Mineiro,"📄 1. CAPA
📸 CAPA: Foto trabalho preto sólido. Texto: '3 coisas que você não sabia sobre o Blackwork.'
📄 2. Slide 2
🎯 DURABILIDADE: O pigmento preto é o que melhor resiste ao sol e ao tempo, mantendo o desenho nítido por anos.
📄 3. Slide 3
🎨 CONTRASTE: Trabalhamos a anatomia do seu corpo usando o contraste da pele com a tinta, criando impacto visual único.
📄 4. Slide 4
🖌️ VERSATILIDADE: Do minimalista ao projeto de fechamento, o Blackwork se adapta a qualquer ideia.
📄 5. CTA
📢 CTA: Qual sua próxima ideia no estilo Blackwork? Me conta lá no WhatsApp (Link na Bio).",,27/04/2026,,,Media,Junior,Finalizado,,
CARROSSEL 05: As 3 Fases do Empresário,carrossel,LTV,"Slide 1 (Capa): [Texto grande] Em qual destas 3 fases está a sua empresa? [Visual: Degraus de uma escada apontando para cima]
Slide 2: [Texto] Fase 1: O Refém. Compra exclusivamente de atacadistas no Brasil. Tem a menor margem de lucro do mercado e sofre quando o fornecedor fica sem estoque.
Slide 3: [Texto] Fase 2: O Aventureiro. Tenta importar sozinho, usando plataformas de varejo disfarçadas de atacado. Cai em armadilhas de frete caro, não faz compliance e toma multas da Receita Federal.
Slide 4: [Texto] Fase 3: O Estrategista (Padrão LTV). Entende que o coração do negócio é o fornecimento. Contrata a LTV para estruturar cargas compartilhadas, importar direto das fábricas e blindar a operação.
Slide 5: [Texto] Apenas as empresas da Fase 3 sobrevivem a longo prazo e ditam as regras de preço no Brasil.
Slide 6 (Último/CTA): [Texto] Pronto para subir de nível? A LTV te leva para a Fase 3. Link na bio! 🚀
Legenda: O crescimento da sua empresa tem um teto, e esse teto é o seu custo de aquisição. Profissionalizar a sua cadeia de suprimentos é o único caminho para a expansão sustentável.
",,28/04/2026,,,Baixa,Viviane,Finalizado,,
"CARROSSEL 05: Anatomia de uma Multa Aduaneira
",carrossel,Comexblog,"Slide 1 (Capa): [Texto grande] Anatomia de uma Multa Aduaneira. [Subtítulo] Como um erro de digitação pode destruir seu lucro. [Visual: Lupa sobre um documento com a palavra ""MULTA"" em carimbo vermelho]
Slide 2: [Texto] A Receita Federal não interpreta intenção, ela cruza dados. Um simples erro no preenchimento da DI/DUIMP não é ""só corrigir"", é infração.
Slide 3: [Texto] Erro de NCM (Classificação Fiscal): O clássico. Errar a NCM significa declarar o imposto errado. A multa é de 1% sobre o Valor Aduaneiro da carga, mais a diferença do imposto não pago, mais multa de ofício de 75%.
Slide 4: [Texto] Divergência de Peso: O Packing List diz que a carga pesa 5.000 kg. A balança do porto pesa 5.200 kg. Multa! Toda variação além da tolerância é penalizada.
Slide 5: [Texto] Falta de LI (Licença de Importação): Emitir a LI depois que a carga já embarcou na origem? Prepare-se para uma multa de 30% sobre o Valor Aduaneiro (com limite reduzido, mas ainda doloroso).
Slide 6 (Último/CTA): [Texto] No Comex, a pressa é inimiga do lucro. Revise todos os documentos três vezes! Salve como lembrete. 📌
Legenda: Errar é humano, mas no Siscomex, errar custa caro. 💸 Um erro de classificação fiscal ou uma omissão de peso no Packing List geram multas pesadas que saem direto da sua margem de lucro. A conferência documental antes do embarque é a fase mais crítica da importação. Deslize e veja os erros que mais geram multas na Receita Federal. \n\n📑 Qual foi a multa mais absurda que você já viu acontecer numa operação?
",,28/04/2026,,,Baixa,Viviane,Finalizado,,
Save the date,Estático,HDG,"faça um resumo 

Rooftop CDL - R. Guilherme Faria, 53 - Centro de Vila Velha, Vila Velha - ES, 29100-270
data 27/05
horario 9:00

palestrantes
Augusto Mansur e Bruno Aguilar",,28/04/2026,,,Media,Junior,Finalizado,,
"ESTÁTICO 04: O Gráfico da Realidade
",Estático,LTV,"Visual: Gráfico de barras simples com a identidade da LTV.
Texto na Arte:
Barra 1 (Comprando no Brasil): 40% Custo Produto / 50% Lucro do Atacadista / 10% Seu Lucro.
Barra 2 (Importando via LTV): 30% Custo Produto / 20% Logística e Tributos / 50% Seu Lucro.
Legenda: A engenharia logística inverte o jogo da lucratividade. Nós existimos para que você fique com a maior fatia desse gráfico. Conheça a operação ponta a ponta da LTV.
",,29/04/2026,,,Baixa,Viviane,Finalizado,,
"ESTÁTICO 04: Infográfico Rápido (Sopa de Letrinhas)
",Estático,Comexblog,"Visual: Três blocos visuais lado a lado (ou empilhados) com ícones simples (Navio, Avião, Caminhão).
Texto na Arte: A Sopa de Letrinhas do Conhecimento de Carga:
🚢 BL (Bill of Lading): Para frete Marítimo.
✈️ AWB (Air Waybill): Para frete Aéreo.
🚛 CRT (Conhecimento de Transporte): Para frete Rodoviário Internacional.
Legenda: Básico que salva vidas! O Conhecimento de Transporte é o documento mais importante da logística, pois ele é o recibo de entrega e o título de propriedade da carga. Saber qual sigla cobrar do seu agente de cargas é o primeiro passo para não se perder na papelada. 📄 \n\n📌 Salve esse post rápido para não esquecer as siglas do transporte internacional!
",,29/04/2026,,,Baixa,Viviane,Finalizado,,
"ESTÁTICO 05: Check-list do Crescimento
",Estático,LTV,"Visual: Layout limpo com caixas de seleção.
Texto na Arte: 3 Sinais de que você PRECISA importar:
[ ] Seu fornecedor nacional é também seu concorrente.
[ ] Você tem giro rápido, mas sobra pouco no fim do mês.
[ ] Você quer lançar produtos com a SUA marca (White Label).
Legenda: Se você marcou pelo menos um desses itens, o modelo tradicional já não te atende mais. É hora de acessar os fabricantes globais com a segurança e a estrutura do método LTV.
",,30/04/2026,,,Baixa,Viviane,Finalizado,,
"ESTÁTICO 05: Meme Corporativo 2 (A Cobrança do Cliente)
",Estático,Comexblog,"Visual: O clássico meme do cachorro no meio da sala pegando fogo (This is fine), mas adaptado.
Texto na Arte:
O cliente no WhatsApp: ""Bom dia! Minha carga chega amanhã certinho, né?""
Eu sabendo que o navio omitiu o porto, o frete subiu, o sistema do porto caiu e a carga rolou para a próxima semana.
Legenda: A vida do profissional de Comex é ser analista, solucionador de crises e psicólogo de cliente tudo ao mesmo tempo! 😅 Quando o navio rola a carga (roll over) ou omite porto por causa de mau tempo, sobra pra gente dar a notícia ruim. Haja café e paciência! \n\n👇 Marca aqui o seu colega que passa por esse sufoco com você toda semana!
",,30/04/2026,,,Baixa,Viviane,Finalizado,,
Mitos da Cicatrização,carrossel,Mineiro,"📄 1. CAPA
📸 CAPA: Foto de luva e máscara. Texto: 'O que NÃO te contaram sobre cuidar da sua tattoo nova.'
📄 2. Slide 2
❌ MITO: 'Tem que passar pomada o tempo todo'. ✅ VERDADE: O excesso de pomada sufoca a pele. Camada fina e hidratação moderada.
📄 3. Slide 3
❌ MITO: 'Pode pegar sol se passar protetor'. ✅ VERDADE: Sol direto nos primeiros 15 dias é o maior inimigo do seu pigmento!
📄 4. Slide 4
💡 DICA DO MINEIRO: Água gelada no banho ajuda a tirar o 'ardido' dos primeiros dias e acalma a pele.
📄 5. CTA
📢 CTA: Ficou com dúvida sobre como cuidar do seu projeto? Manda um Zap (Link na Bio).",,04/05/2026,,,Media,Junior,Finalizado,,
Folga,Estático,Aline,Eu vou pro Rio dia 7 e volto dia 14. Vcs acham legal fazer uma arte pra avisar que compras feitas nesse período serão entregues a partir do dia 15?,,04/05/2026,,,alta,Viviane,Finalizado,,
Arte,Estático,HDG,"notificação para o hedge partners: Também estou à frente do Hedge Partner, uma apresentação quinzenal voltada para parceiros, colaboradores e demais envolvidos.

Gostaria de contar com a sua ajuda: a cada quinzena, um colaborador da Hedge fará uma apresentação às 16h, sempre às quintas-feiras.

Nesta quinta-feira, dia 30/04, teremos Fillipe Fernando.
No dia 06/05, será a vez de Heide Hisching.
E no dia 20/05, teremos Fernando Ferreira.",,04/05/2026,,,Media,Junior,Finalizado,,
Passeios do mês,carrossel,Hip,,,04/05/2026,,,alta,Viviane,Finalizado,,
O despachante não pilota o navio.,Social,Comexblog,"### 🚢 ESTÁTICO COMEXBLOG (Foco: Engajamento rápido e a dor da segunda-feira)
**Visual:** Fundo escuro (preto ou azul marinho), textura leve e texto centralizado e garrafal. Se quiser, um ícone de ""palhaço"" ou ""navio"" no rodapé.

**Texto na Arte:**
O despachante não pilota o navio.
O despachante não controla o clima.
E o despachante definitivamente não controla o humor do fiscal da Receita Federal na segunda-feira.

**Legenda:**
Segundou daquele jeito! 🤡 Bom dia pra quem já abriu o WhatsApp às 08h tendo que explicar pro cliente que a gente opera logística internacional e compliance, e não feitiçaria pra atracar navio na força do ódio. 

A semana só começou e o Siscomex já tá testando a nossa fé. Quem aí já teve que mandar um áudio de 3 minutos hoje pra acalmar cliente emocionado? Que os deuses do Canal Verde estejam com a gente nessa semana! 🟢🚢

",,04/05/2026,,,alta,Viviane,Finalizado,,
O seu fornecedor nacional torce todos os dias para que você continue achando que importar é muito difícil.,Social,LTV,"### 🏛️ ESTÁTICO LTV (Foco: Ragebait ToFu, Cutucada no Empresário)
**Visual:** Fundo limpo (preto ou o tom escuro da LTV), texto gigante na cor branca e um destaque na cor principal da marca. 

**Texto na Arte:**
O seu fornecedor nacional torce todos os dias para que você continue achando que importar é muito difícil.

**Legenda:**
Porque no exato minuto em que você descobrir que pode importar a mesma mercadoria, colocando até mesmo uma única caixa de papelão em um contêiner compartilhado para pagar 1/3 do preço... a margem de lucro dele acaba. 💸

O medo e a desinformação sobre importação são o modelo de negócios de quem te vende produto no Brás e em grandes distribuidoras. Você vai passar o resto do ano financiando o estoque dos outros ou vai tomar o controle da sua cadeia de suprimentos? 

Acesso o link da nossa bio e descubra como a Carga Compartilhada coloca a sua empresa direto na fonte. 🚀",,04/05/2026,,,alta,Viviane,Finalizado,,
Criar Roteiros,Roteiro,Comexblog,,,05/05/2026,,,Media,Junior,Finalizado,,
sinal do universo faça seu diagnostico tributário,Captação,HDG,,,05/05/2026,,,alta,Junior,Finalizado,,
emitir notas fiscais,Operacional,Gasmaske,,,05/05/2026,,,alta,Junior,Finalizado,,
Criar Roteiros,Roteiro,LTV,,,05/05/2026,,,Media,Junior,Finalizado,,
o que acontece com seus créditos acumulados de ppis e confins,Captação,HDG,,,05/05/2026,,,alta,Junior,Finalizado,,
Orçamento,Operacional,Full Gaz,Criar orçamento para desenvolvimento de marca ,,05/05/2026,,,Baixa,Junior,Finalizado,,
Thumb Badico,Thumb,Badico,,,06/05/2026,,,alta,Junior,Finalizado,,
Folder Simples,Estático,HDG,Folder hospitalar,,06/05/2026,,,Baixa,Junior,Finalizado,,
Folder Simples,Estático,HDG,"Folder Simples igual o do pessoal de vendas:Escopo

Auditoria das operações fiscais;
Revisão das obrigações acessórias;
Recuperação de créditos fiscais;
Gestão de riscos tributários;
Planejamento tributário e societário;
Análise da escrita contábil;
Revisão de enquadramentos da Folha de Pagamento de acordo com a convenção coletiva;Perfil de clientes

É um produto que pode ser aplicado a qualquer CNPJ que não seja MEI.

Mas, o público ideal, que tende a ter maior recuperabilidade de crédito, entendo que seria:

- Bares, restaurantes, lanchonetes;
- Farmácias e perfumarias;
- Comércios varejistas alimentícios em geral;

*quanto maior a variedade de produtos vendidos, maior a oporutnidade de créditos  Metodologia e precificação

Precisamos da procuração federal e arquivos xml dos últimos 60 meses e um questionário básico e rápido - podemos criar no google forms

Pra precificar entendo que podemos cobrar um valor de fee inicial menor e 30% de honorários sobre o ganho

Aí o valor pago no fee pode ser descontado dos 30% devidos sobre o ganho, se esse valor ultrapassar

Acho que assim fica legal pq se a empresa tiver crédito, fica praticamente de graça o trabalho, e se nao tiver, fica pelo preço do fee  ",,06/05/2026,,,Baixa,Junior,Finalizado,,
Dentista,Pessoal,Pessoal,Endereço: AV RUY BRAGA RIBEIRO Bairro: SANTA INES CEP: 29108-041 Cidade: VILA VELHA UF: ES Telefones: (27)998070944 Dr. THULIO ESPOSITO VICENTE,,06/05/2026,,09:00:00,alta,Viviane,Finalizado,,
Video Barbeira,Video,Cabral,edição,,06/05/2026,,,alta,Junior,Finalizado,,
1 - Dia das mães,Video,Aline,"Narração Aline: Dizem que quando nasce uma mãe, o coração passa a bater fora do peito.
Em 2025, a vida me entregou a minha maior transformação. A Nina chegou e me ensinou que o amor não tem limites...
Ao viver o meu primeiro ano como mãe, eu passei a enxergar todas as outras mães de um jeito diferente.
Eu entendi o peso e a beleza das madrugadas em claro. A força que a gente tira de onde não tem. As inseguranças e as culpas que a gente carrega em silêncio...
...e que o cuidado é a forma mais bonita de amar. Foi desse amor, maduro e profundo, que nasceu a Nina Baby Store.
Por trás de cada produto enviado, de cada mãezinha que cruza o meu caminho, eu sei que existe uma mulher dando o seu máximo, sendo o mundo inteiro de alguém.
Hoje quero celebrar a coragem, a doçura e a força de quem doa a própria vida todos os dias. Feliz Dia das Mães, para todos os corações que batem fora do peito.",,07/05/2026,,,alta,Viviane,Finalizado,,
"2- O Fim da ""Guerra"" do Nariz Entupido",Video,Aline,Edição,,07/05/2026,,,Baixa,Viviane,Finalizado,,
3- Kit Soninho Tranquilo,Video,Aline,Edição,,07/05/2026,,,Baixa,Viviane,Finalizado,,
"4 - O ""Hack"" do Dentinho",Video,Aline,Edição,,07/05/2026,,,Baixa,Viviane,Finalizado,,
"5 - O ""Abraço de Mãe"" em Forma de Pelúcia",Video,Aline,Edição,,07/05/2026,,,Baixa,Viviane,Finalizado,,
Banner,Estático,HDG,"Banner 1,90 x 0,75 da marca",,07/05/2026,,,alta,Junior,Finalizado,,
Call,Operacional,Venturini,"🏥 Sobre a Cirurgia (Para o Reality dos 25 Dias)
Precisamos entender o nível de zoeira que podemos aplicar e as limitações reais dele.

Qual é exatamente a cirurgia? (Dá pra fazer piada com isso? É algo estético, no joelho, na garganta? Precisamos saber pra criar o tom das brincadeiras).

Quais são as limitações físicas REAIS nos primeiros 10 dias? (Ele vai poder sentar? Vai estar com curativo no rosto? Vai poder falar normal ou vai estar grogue de remédio?).

Onde vai ser o repouso? (No hospital por uns dias e depois em casa? Como é o quarto dele? Tem espaço pra gente posicionar um tripé ou alguém gravar ele?).

Quem vai ser o ""enfermeiro"" dele? (Mãe, namorada, irmão, amigo da banda? Essa pessoa pode virar um personagem coadjuvante nos vídeos, tipo a pessoa que não aguenta mais ele reclamando que quer voltar pro palco).

Ele tem alguma fobia ou frescura com hospital/remédio? (Se ele tem medo de agulha, odeia tomar comprimido, isso rende meme fácil).

📖 Sobre o ""De Onde Eu Vim"" (Para os 10 Vídeos de História)
Aqui a gente quer o suco do perrengue capixaba, da estrada e da superação. Peça pra ele ser bem descritivo.
6. Qual foi o pior cachê que você já recebeu na vida? (Cantar em troca de lanche, tocar pra ninguém, receber calote de contratante).
7. Qual foi o show mais desastroso que você já fez? (Aquela vez que a luz acabou no meio da música, o som queimou, choveu no palco, ou que só tinha 3 pessoas na plateia bebendo cerveja quente).
8. Conta um perrengue pesado de estrada. (A van quebrou no meio do nada? O pneu furou indo pra uma prefeitura no interior? Dormiram no chão do palco?).
9. Tem foto ou vídeo antigo e humilhante guardado? (Aquele primeiro violão, roupa de show cafona, ele cantando criança. Peça pra ele fuçar o rolo da câmera ou pedir pra mãe dele e mandar tudo pro WhatsApp da agência).
10. Qual foi o momento exato em que você disse ""Tudo só depende 100% de mim""? (Qual foi o gatilho? Alguém duvidou dele? Tomou um não de alguma produtora?).
11. Qual foi o primeiro show que você viu a galera cantando sua música ou vibrando muito? (Onde foi, como ele se sentiu. Esse é o momento de emoção do arco).

🎵 Sobre as 6 Músicas do Lançamento
Pra gente não fazer só vídeo de dancinha, precisamos de contexto pra criar ganchos virais.
12. Qual é a história real por trás de ""Vampiro"" e ""Você Me Libertou""? (Foi chifre dele? História de amigo? Precisamos de fofoca pra gerar identificação).
13. Qual das 6 músicas é a SUA favorita e por quê?
14. Quando a banda tocou o ""Medley Terremoto"" no ensaio a primeira vez, qual foi a reação? (Tem vídeo disso? Se não tem, precisamos forjar/gravar algo parecido antes dele internar).
15. Se você tivesse que descrever o clima do ""Só Botadão"" pra quem nunca ouviu, que cena de festa vem na sua cabeça?",,07/05/2026,,11:00:00,alta,Junior,Finalizado,,
contas de casa,Pessoal,Pessoal,falta o plano de saude,,07/05/2026,,,Baixa,Viviane,Finalizado,,
Criar Roteiros,Roteiro,Venturini,,,07/05/2026,,,alta,Junior,Finalizado,,
arrumar gaveta cozinha,Pessoal,Pessoal,,,11/05/2026,,,Baixa,Junior,Finalizado,,
arrumar porta cozinha,Pessoal,Pessoal,,,11/05/2026,,,Baixa,Junior,Finalizado,,
"CARROSSEL 05: O ""Segredo Sujo"" das Promoções do Concorrente
",carrossel,LTV,"Slide 1 (Ragebait): [Texto grande] O seu concorrente não está falindo com aquela promoção absurda. Ele só é mais inteligente que você. 
Slide 2: [Texto] Você olha pro concorrente e pensa: ""Não é possível, ele tá vendendo abaixo do preço de custo, ele vai falir!""
Slide 3: [Texto] Ele não está falindo. Ele simplesmente não compra mais a mercadoria de onde você compra.
Slide 4: [Texto] Ele está operando no modelo White Label. Achou uma fábrica na China, colocou a marca dele e importou pagando 1/3 do preço que você paga no atacadista.
Slide 5: [Texto] Quando ele dá 30% de desconto, ele não está cortando na carne, ele está apenas espremendo a sobra gigante da margem da importação direta.
Slide 6 (Último/CTA): [Texto] Cansado de tomar porrada no preço? A LTV estrutura a sua virada. Link na bio! 🛡️
Legenda: Você vê o cara dando 30% de desconto e acha que ele tá desesperado queimando estoque, né? Não tá. Ele simplesmente parou de comprar no Brasil, foi pra China, colocou a marca dele no produto (White Label) e derrubou o custo de aquisição lá pro chão. A promoção dele ainda dá mais lucro que a sua venda no preço cheio. Tá na hora de parar de apanhar da concorrência. Clica no link da bio que a gente desenha a sua importação ponta a ponta. 🛡️ 
",,11/05/2026,,,Baixa,Viviane,Finalizado,,
CARROSSEL 04: A Matemática do CBM,carrossel,Comexblog,"Slide 1 (Clickbait): [Texto grande] Você está pagando frete marítimo por ar (e eu vou te provar). 
Slide 2: [Texto] O que é CBM? É o ""Cubic Meter"" (Metro Cúbico). No frete LCL (carga solta), o armador vai te cobrar pelo que for maior: o peso da carga ou o volume dela (CBM).
Slide 3: [Texto] A Fórmula Básica: Comprimento x Largura x Altura (em metros).
Slide 4: [Texto] Exemplo Prático: Uma caixa tem 80cm x 60cm x 50cm. Convertendo para metros: 0,80 x 0,60 x 0,50 = 0,24 CBM.
Slide 5: [Texto] O pulo do gato: A matemática é fácil, o erro é não considerar o espaço do PALETE. O agente de cargas sempre vai cubar a carga paletizada. Considere os centímetros a mais!
Slide 6 (Último/CTA): [Texto] Salva esse post para não errar a matemática no seu próximo embarque! 📐
Legenda:A matemática do frete LCL é implacável: você paga pelo peso ou pelo volume (o que for maior). O problema é que a galera calcula a caixa de papelão bonitinha no escritório, mas esquece que a madeira do palete também viaja no navio! Resultado? O agente de cargas te cobra o volume do palete inteiro e você toma aquele susto na fatura. Pega a visão da fórmula no post e para de dar bobeira. 📏 Quem aí já tomou invertida de cubagem na hora do embarque?",,11/05/2026,,,Baixa,Viviane,Finalizado,,
Arrumar plataforma tráfego pago ,Social,Mineiro,aguardando o envio do tutorial,,12/05/2026,,,Media,Viviane,Finalizado,,
"ESTÁTICO 01: Notificação do Banco (Realidade paralela)
",Estático,LTV,"Visual: Estilo notificação de celular na tela de bloqueio (App do banco fictício).
Texto na Arte: ⚠️ Nubank: O seu fornecedor atacadista acabou de trocar de carro na concessionária usando a margem de lucro que deveria ser da sua empresa.
Legenda: É duro de ler, mas é a verdade. Cada vez que você reestoca o seu e-commerce comprando no Brasil, você cede até 40% do lucro que seria seu para um intermediário. Estruturar uma importação direta com a Carga Compartilhada da LTV é fechar esse ralo financeiro de uma vez por todas. 💸
",,12/05/2026,,,Baixa,Junior,Finalizado,,
ESTÁTICO 03: Mindset Cirúrgico,Estático,Comexblog,"Visual: Fundo escuro premium, tipografia elegante e agressiva.
Texto na Arte: ""Comércio Exterior não é para amadores. Um '0' a mais na digitação do Siscomex pode custar a margem do seu semestre inteiro.""
Legenda: Um erro de digitação no peso da carga, na conversão cambial ou na classificação fiscal não gera um aviso amigável da Receita, gera multa de ofício. Conferência tripla não é preciosismo, é sobrevivência no mercado global. 📑🔍",,12/05/2026,,,Baixa,Junior,Finalizado,,
email marketing,Social,HDG,agenda,,12/05/2026,,,Baixa,Junior,Finalizado,,
"CARROSSEL 03: O Sócio Oculto do seu Negócio
",carrossel,LTV,"Slide 1 (Ragebait): [Texto grande] O seu distribuidor tá rindo da sua cara enquanto você briga por centavos no Mercado Livre. 
Slide 2: [Texto] Você paga o marketing, o aluguel do CD, a folha de pagamento e lida com todas as trocas dos clientes.
Slide 3: [Texto] Mas quem leva a maior parte do dinheiro que circula na sua empresa é o Distribuidor/Atacadista brasileiro que te fornece a mercadoria.
Slide 4: [Texto] Ele ganha na escala porque importa direto da fábrica, enquanto você ganha centavos no varejo brigando com o vizinho no Mercado Livre.
Slide 5: [Texto] Demitir esse ""sócio"" tem um nome: Importação Direta via Carga Compartilhada. A LTV pega o seu pedido e embarca no nosso contêiner na China, te entregando a margem total.
Slide 6 (Último/CTA): [Texto] Fique com a margem que é sua. Converse com um especialista no link da bio. 📈
Legenda: Você paga os anúncios, lida com cliente chato, banca a folha de pagamento... e na hora de fechar a conta, não sobra nada. Por quê? Porque quem ganha dinheiro de verdade na sua operação é quem te fornece a mercadoria. Enquanto você não cortar o atravessador e comprar direto da fábrica na Ásia (usando a nossa Carga Compartilhada), seu e-commerce nunca vai ter escala real. Manda uma DM pra gente conversar sobre estrutura de verdade. 📈 
",,13/05/2026,,,Baixa,Viviane,Finalizado,,
CARROSSEL 05: A Vitória do FCA sobre o EXW,carrossel,Comexblog,"Slide 1 (Ragebait): [Texto grande] Só importador preguiçoso e desatualizado ainda usa isso
Slide 2: [Texto] O EXW (Ex Works) é a zona de conforto do fornecedor chinês. Ele larga a carga no chão de fábrica e você que se vire para fazer o desembaraço de exportação na China.
Slide 3: [Texto] O Risco: Se o seu fornecedor não tem licença de exportação, o seu agente de cargas vai cobrar uma fortuna para fazer a liberação aduaneira no país de origem para você.
Slide 4: [Texto] A Evolução (FCA - Free Carrier): O fornecedor é obrigado a entregar a carga no armazém do seu agente de cargas E fazer o desembaraço de exportação.
Slide 5: [Texto] FCA te dá o melhor dos dois mundos: Controle total sobre o frete internacional, mas jogando a burocracia de exportação nas costas de quem fabricou.
Slide 6 (Último/CTA): [Texto] Atualize suas cotações. Compartilha essa dica com o setor de compras! 🔄
Legenda: Pode doer ouvir isso, mas o EXW (Ex Works) virou armadilha de iniciante. Você deixa a carga lá no chão de fábrica e assume toda a burocracia de exportação no país do chinês. Se a fábrica não tem licença de exportação, você vai pagar uma fortuna pro seu agente dar um ""jeito"". O mercado profissional já virou a chave pro FCA: você controla o frete, mas a burocracia na origem fica com o fornecedor. Atualiza esse mindset logístico! 🔄 E aí, qual Incoterm domina as suas planilhas hoje? 
",,13/05/2026,,,Baixa,Junior,Finalizado,,
Como se preparar para sua sessão?,carrossel,Mineiro,"📄 1. CAPA
📸 CAPA: Bancada arrumada com batoques. Texto: 'Vai tatuar essa semana? 3 coisas que você PRECISA fazer antes.'
📄 2. Slide 2
🍔 1. ALIMENTAÇÃO: Nunca venha tatuar de estômago vazio. Seu corpo precisa de energia para lidar com o processo.
📄 3. Slide 3
💧 2. HIDRATAÇÃO: Beba muita água nos dias anteriores. Pele hidratada pega o pigmento preto muito mais fácil e a dor é menor.
📄 4. Slide 4
👕 3. ROUPAS CONFORTÁVEIS: Venha com roupas soltas que não apertem o local. O conforto ajuda na resistência.
📄 5. CTA
📢 CTA: Tudo pronto pra sua próxima sessão? Se ainda não agendou, clica no link da bio!",,14/05/2026,,,Media,Junior,Finalizado,,
"ESTÁTICO 03: O Checklist da Insanidade
",Estático,LTV,"Visual: Layout limpo e moderno com caixas de seleção estilo bloco de notas.
Texto na Arte: O Checklist do Giro Burro:
[x] Vende o dia inteiro sem parar.
[x] A equipe trabalha exausta despachando pedido.
[x] No fim do mês, o caixa não tem dinheiro porque a margem do produto comprado no Brasil não fecha a conta.
Legenda: Crescer o faturamento sem crescer a margem é apenas girar roda de hamster. Você trabalha mais e o lucro não aparece. O único jeito de estourar a tampa desse gargalo é comprar direto da fonte. A LTV foi criada para desenhar esse caminho para o seu negócio.
",,14/05/2026,,,Baixa,Junior,Finalizado,,
ESTÁTICO 04: O Ciclo Rápido do Contêiner,Estático,Comexblog,"STÁTICO 04: O Ciclo Rápido do Contêiner
Visual: Gráfico minimalista e circular. 1) Booking (Reserva) -> 2) Estufagem (Fábrica) -> 3) Gate In (Entrada no Porto) -> 4) Transit Time (Navio) -> 5) Descarga -> 6) Devolução do Vazio.
Legenda: O ciclo de vida do contêiner. Para quem tá fora, é só uma caixa de metal. Para quem tá no Comex, é uma bomba-relógio de Demurrage e Detention batendo em dólar todo dia! ⏳⚓️ Em qual etapa do processo a sua carga costuma agarrar mais?
",,14/05/2026,,,Baixa,Junior,Finalizado,,
"CARROSSEL 04: O Mito de 1 Milhão x Uma Caixa de Papelão
",carrossel,LTV,"Slide 1 (Clickbait): [Texto grande] A mentira que inventaram para te manter longe do lucro da China. 
Slide 2: [Texto] O que te dizem: ""Para compensar a importação da China, você precisa comprar meio milhão de reais e encher um contêiner de 40 pés sozinho.""
Slide 3: [Texto] O que nós fazemos: Com a Carga Compartilhada, você pode importar apenas UMA caixa de papelão, se quiser. E isso vai ser lucrativo.
Slide 4: [Texto] A Mágica do LCL: Nós colocamos a sua caixa pequena junto com a de dezenas de outros empresários dentro do nosso contêiner. O custo brutal do frete e da armazenagem é fatiado entre todos.
Slide 5: [Texto] Você paga apenas pelos metros cúbicos que o seu negócio ocupa. O fluxo de caixa respira e você acessa o mercado chinês sem engessar dinheiro.
Slide 6 (Último/CTA): [Texto] Sim, o seu CNPJ já é grande o suficiente. Clique no link da bio e faça a simulação! 🚢
Legenda: Te contaram que pra importar precisa de 1 Milhão no bolso e lotar um contêiner inteiro, né? Mentiram pra você não entrar no jogo dos grandes. A real é que com o método de Carga Compartilhada da LTV, dá pra você importar até uma caixa de papelão. A gente junta o seu pedido com o de outras empresas e todo mundo divide o custo do frete internacional. Sem desculpas e sem engessar o seu fluxo de caixa. Bora? 🚢 
",,15/05/2026,,,Baixa,Junior,Finalizado,,
enviar teclado,Pessoal,Pessoal,,,15/05/2026,,,Baixa,Junior,Finalizado,,
ESTÁTICO 05: A Expectativa do Cliente,Estático,Comexblog,"Visual: Meme de expectativa vs realidade. Expectativa: O despachante em uma sala de controle cheia de telas, dirigindo o navio cargueiro com um joystick. Realidade: O despachante apertando F5 freneticamente no site travado do porto esperando a atracação.
Legenda: ""Ô fulano, consegue dar uma ligadinha pro capitão do navio pra ele acelerar um pouco? Preciso dessa carga pra ontem!"" 😅 A gente faz mágica na documentação, mas milagre com mau tempo a gente ainda tá aprendendo! Marca aqui o cliente que acha que a gente pilota a embarcação.
",,15/05/2026,,,Baixa,Junior,Finalizado,,
Thumb Badico,Thumb,Badico,,,15/05/2026,,,Baixa,Junior,Finalizado,,
"ESTÁTICO 04: Meme Pablo Escobar (Esperando o Lucro)
",Estático,LTV,"Visual: O clássico meme do Pablo Escobar triste de ""Narcos"" (sozinho no balanço e olhando pro nada, ou versão ilustrada corporativa similar).
Texto na Arte: Eu esperando a alta margem de lucro aparecer... / Sabendo que só compro mercadoria de intermediários que cobram o dobro do preço de custo chinês.
Legenda: Não adianta orar por margem alta se a sua engenharia de custos está quebrada na base. Importar deixou de ser exclusividade de megacorporações. A LTV viabiliza importações para pequenas e médias empresas, colocando você cara a cara com o lucro real do seu produto.
",,18/05/2026,,,Baixa,Viviane,Finalizado,,
Video gustavo doc,Video,Venturini,,,19/05/2026,,,Media,Junior,Finalizado,,
organizar Logins,Social,Venturini,,,19/05/2026,,,Media,Junior,Finalizado,,
Hedge Partners apresentação,Design,HDG,"Dra Aline Guimarães palestrante do dia 28/05/2026 às 16h quinta feira

Tema: Holldings

Hedge Partners Brasil",,19/05/2026,,,alta,Junior,Finalizado,,
O Mapa da Dor,carrossel,Mineiro,"📄 1. CAPA
📸 CAPA: Silhueta do corpo. Texto: 'Qual é o lugar que mais dói na hora de tatuar?'
📄 2. Slide 2
🔍 A verdade: A dor é relativa, mas lugares com menos gordura e próximos ao osso costumam ser mais sensíveis.
📄 3. Slide 3
✅ NÍVEL DE BOA: Antebraço, ombro, panturrilha e coxa (parte externa).
📄 4. Slide 4
⚠️ NÍVEL HARD: Costelas, peito do pé, joelho e pescoço. Nesses a gente respira fundo e vai na raça!
📄 5. CTA
📢 CTA: E aí, qual parte do corpo vai receber seu próximo Blackwork? Me conta no WhatsApp (Link na Bio).",,19/05/2026,,,Media,Junior,Finalizado,,
O Alerta da Pirataria (Marcas Famosas),Estático,Comexblog,"Visual: Imagem dividida em duas partes. Do lado esquerdo, um tênis com a logo de uma marca global famosa borrada, com um grande ""X"" vermelho por cima. Do lado direito, um produto de alta qualidade sem logo (White Label), com um selo de aprovação verde e o texto ""Sua Marca Aqui"".
Texto na Imagem: A ilusão de importar réplicas de marcas famosas para revender no Brasil.
Legenda: ""Mas o meu fornecedor na China jurou que o produto é original de fábrica."" Cuidado. Tentar importar tênis, roupas ou eletrônicos de marcas registradas globais sem ter a licença de distribuição oficial emitida pela marca dona da patente é o caminho mais rápido para perder todo o seu capital. A Receita Federal retém a mercadoria por crime de pirataria e envia o lote inteiro diretamente para a destruição. Quer construir um negócio milionário de verdade com importação? Esqueça as réplicas. Foque em trazer produtos genéricos de alta qualidade (White Label) e construa o valor da sua própria marca no mercado.
",,19/05/2026,,,Baixa,Junior,Finalizado,,
Frase C-Level (Controle e Governança),Estático,LTV,"Visual: Design sóbrio com estética premium corporativa. Fundo em tons de cinza grafite e azul escuro fosco, utilizando fontes de peso e a logo da LTV aplicada de forma sutil e minimalista.
Texto na Imagem: ""A escala real de uma organização só é alcançada quando a governança assume o controle absoluto sobre a matriz de suprimentos do produto.""
Legenda: Depender exclusivamente de fornecedores intermediários nacionais para abastecer a engrenagem principal da sua empresa limita o seu teto de crescimento e deixa o seu negócio vulnerável às decisões de terceiros. Assumir a liderança através da importação direta é o divisor de águas entre corporações que apenas sobrevivem e marcas que ditam o ritmo e dominam os seus mercados de atuação.
",,19/05/2026,,,Baixa,Junior,Finalizado,,
Roteiro 2 (v4) - Sua precificação vai sobreviver à Reforma Tributária? ,Video,HDG,,,19/05/2026,,,Media,Junior,Finalizado,,
Roteiro 3 (v4) - Quanto ficou para trás na sua,Video,HDG,,,19/05/2026,,,Media,Junior,Finalizado,,
Roteiro 1 (v4) - Sua empresa compra de fornecedores do Simples Nacional? ,Video,HDG,,,19/05/2026,,,Media,Junior,Finalizado,,
Roteiro 4 (v4) - O seu concorrente já sabe o que você ainda não descobriu,Video,HDG,,,19/05/2026,,,Media,Junior,Finalizado,,
Convite evento,Video,HDG,,,19/05/2026,,,alta,Junior,Finalizado,,
Aparelho de metal é coisa do passado? (O Fixo Convencional),Video,Juliana,Edição,,20/05/2026,,,Baixa,Viviane,Finalizado,,
"O ""Banho de Loja"" do seu Sorriso (Limpeza Profissional)",Video,Juliana,Edição,,20/05/2026,,,Baixa,Viviane,Finalizado,,
"O Segredo dos Movimentos (Os ""Botõezinhos"" / Attachments)",Video,Juliana,Edição,,20/05/2026,,,Baixa,Viviane,Finalizado,,
Sorriso monitor,Video,Juliana,Edição,,20/05/2026,,,Baixa,Viviane,Finalizado,,
Criar roteiros,Roteiro,Gasmaske,Criar roteiros numa pegada de marketing,,20/05/2026,,,Media,Viviane,Finalizado,,
não sei se vc esqueceu isso,Video,Juliana,Edição,,20/05/2026,,,Baixa,Viviane,Finalizado,,
jato de ar,Video,Juliana,Edição,,20/05/2026,,,Baixa,Viviane,Finalizado,,
1. Holding Patrimonial,carrossel,HDG,"Card 1 (Capa / Gancho): Tem gente pagando 6% de imposto sobre aluguel. Tem gente pagando 27,5%. A diferença não é sorte. É um CNPJ.
Card 2 (Dor): Na Pessoa Física, o Leão te espera em três momentos: no aluguel que recebe todo mês, na herança que vai deixar, e no inventário que vai custar caro demais para processar.
Card 3 (Dor): Um inventário comum no Brasil consome entre 10% e 20% do patrimônio em ITCMD, honorários e cartório. Numa herança de R$ 2 milhões, até R$ 400 mil vão embora antes de chegar nos filhos.
Card 4 (Virada): A Holding Patrimonial transfere os bens para um CNPJ. O aluguel passa a ser tributado como renda empresarial. A sucessão acontece via cotas societárias, sem inventário. Tudo legal. Tudo previsto em lei.
Card 5 (CTA): Você construiu um patrimônio. A estrutura que protege ele existe  e é mais acessível do que parece. Manda uma mensagem no Direct: ""HOLDING"" e a gente explica o que faz sentido para o seu caso.",,20/05/2026,,,Baixa,Junior,Finalizado,,
mail marketing,Operacional,HDG,,,20/05/2026,,,alta,Junior,Finalizado,,
Vou conseguir tirar meu alinhador? (O medo do 'tira e põe'),Video,Juliana,Edição,,20/05/2026,,,Baixa,Viviane,Finalizado,,
O Perigo da Carga Compartilhada Amadora,carrossel,Comexblog,"Slide 1 (Capa): Por que a sua carga travou no porto... por culpa de outro importador?
Slide 2: Importar via Carga Compartilhada (LCL) é a melhor forma de baratear custos. Você compra o volume que precisa e divide o espaço e o frete do contêiner com outras empresas.
Slide 3: O grande problema ocorre quando você contrata agentes amadores. Eles misturam a sua mercadoria com a de importadores sem documentação correta, sem Radar Siscomex ou com NCM falsa.
Slide 4: O resultado? O contêiner inteiro é retido pela Receita Federal para inspeção do canal vermelho. A sua carga, que estava 100% correta e legalizada, fica travada por semanas por erro do ""vizinho"".
Slide 5: Como a Comexblog resolve isso? Nós temos um filtro documental implacável antes do embarque na China. Só entra no nosso contêiner compartilhado quem passa pela nossa auditoria de compliance.
Slide 6 (CTA): Carga compartilhada com segurança, inteligência e zero dor de cabeça. Entre em contato pelo direct para simular o seu próximo lote de importação.",,20/05/2026,,,Baixa,Junior,Finalizado,,
A Nova Era da Fiscalização (A DUIMP e o Risco Fiscal),carrossel,LTV,"CARROSSEL 1: A Nova Era da Fiscalização (A DUIMP e o Risco Fiscal)
Slide 1 (Capa): A Receita Federal sabe o que a sua empresa importou antes mesmo do navio chegar ao Brasil.
Slide 2: O mercado de Comércio Exterior mudou as regras de fiscalização. A antiga Declaração de Importação (DI) foi substituída definitivamente pela DUIMP (Declaração Única de Importação), centralizada no Portal Único Siscomex.
Slide 3: Essa mudança não é apenas uma alteração de layout ou burocracia eletrônica. Trata-se da implementação da fiscalização baseada em Inteligência Artificial e cruzamento automatizado de dados aduaneiros.
Slide 4: O governo federal agora exige o preenchimento prévio do Catálogo de Produtos. O sistema da Receita Federal analisa e audita as informações fiscais das mercadorias antes mesmo do embarque acontecer na Ásia.
Slide 5: Qualquer inconsistência na classificação fiscal (NCM), descrição incompleta de itens ou divergência de valores resulta em parametrização automática para canal vermelho ou cinza, travando a operação da empresa.
Slide 6 (CTA): Na LTV, nós não somos despachantes operacionais comuns; atuamos como o escudo de compliance do seu negócio. Acesse o link na bio para migrar a sua operação para a nova era aduaneira com segurança absoluta.",,20/05/2026,,,Baixa,Junior,Finalizado,,
Criar lamina nova da majoração do lucro presumido,Design,HDG,"MAJORAÇÃO ILEGAL DOS PERCENTUAIS DO LUCRO PRESUMIDO

Com a publicação da Lei Complementar nº 224/2025, o Governo Federal promoveu diversas medidas para aumentar a arrecadação, entre elas a alteração na forma de apuração do IRPJ e da CSLL para empresas optantes pelo lucro presumido, com o acréscimo de 10% nos percentuais de presunção do lucro para empresas com receita bruta superior a R$ 5.000.000,00 por ano.

A regulamentação da Receita Federal estabeleceu que esse limite deve ser analisado por trimestre, o que pode gerar cobrança maior já durante o ano, mesmo que a empresa não ultrapasse o limite anual ao final do exercício. Isso pode causar pagamento antecipado indevido e impactar diretamente o fluxo de caixa.

O principal ponto discutido judicialmente é que o lucro presumido não é um benefício fiscal, mas apenas uma forma simplificada de calcular o imposto, prevista em lei como alternativa ao lucro real. Ou seja, não se trata de incentivo que possa ser reduzido, mas sim de um método de apuração do tributo.

Nesse sentido, a Justiça Federal vem reconhecendo que o lucro presumido é apenas uma forma de cálculo do imposto e não pode ser tratado como benefício fiscal. Também destacou que o aumento pode resultar na cobrança de tributo sobre renda que a empresa não teve, o que justifica a suspensão da exigência até o julgamento final:

(...) Sob esse aspecto, fica evidente que o lucro presumido consiste em método expressamente previsto na legislação, para apuração de base de cálculo de incidência do IRPJ e da CSLL, assim como o lucro real e o lucro arbitrado, mediante a opção conferida ao contribuinte, que implica a renúncia à apuração do lucro efetivo e à dedução de custos e despesas reais, em contrapartida à adoção de critério objetivo e simplificado de tributação, não se confundido com benefício fiscal.
Com efeito, o que se verifica é que a disposição prevista no art. 4º, § 4º, VII, e § 5º, da LC 224/2025, além de majorar a base de cálculo, determinando o acréscimo de 10% sobre o lucro presumido, equipara uma forma de tributação prevista em lei, em benefício fiscal, o que não se pode admitir, sob pena de violação dos princípios constitucionais da legalidade estrita.
Há que se considerar, ainda, que a majoração do percentual de presunção, como instituído pela LC 224/2025, fundada exclusivamente no volume de faturamento anual (de R$ 5.000.000,00 no ano calendário) — não considera ou demanda qualquer demonstração concreta de que tenha havido alteração na lucratividade média das atividades abrangidas.
Nesse sentido, entendo ser inaplicável, por ora e indistintamente o precedente do C. Supremo Tribunal Federal, no sentido de não se reconhecer direito adquirido a regime jurídico tributário, justamente em razão da existência de indícios de que a alteração legislativa pode resultar em tributação de riqueza inexistente, bem como na violação ao princípio da capacidade contributiva.
A alegação de perigo na demora também se revela plausível, na medida em que a alteração legislativa se deu em 26 de dezembro de 2025, portanto, ao final do exercício financeiro, com efeitos imediatos para o exercício seguinte, sem conferir ao contribuinte optante pelo regime do lucro presumido, período hábil para adequação e reorganização do planejamento financeiro-tributário.
Desta forma, resta evidente o risco de impactos sobre fluxo de caixa de um lado, caso a Agravante seja compelida a se sujeitar à majoração do percentual de presunção e, de outro, de sofrer autuações pela Receita Federal do Brasil, inclusive com imposição de multa e de restrição à obtenção de certidões de regularidade fiscal, circunstâncias aptas a causar prejuízo de difícil reparação.
Por esses fundamentos, ao menos em sede de cognição sumária, tenho como presentes os requisitos necessários para concessão da liminar pretendida, sendo que o perigo da demora também se faz presente e decorre da possibilidade de vir a Agravante a recolherem tributos que, ao que tudo indica, são indevidos, para submeterem-se, após, ao regime de repetição de indébito tributário (vedação ao solve et repete), em contrariedade ao princípio da economia e celeridade processual.
Isto posto, defiro a medida liminar nos termos pleiteados, para o fim de suspender a exigibilidade do crédito tributário decorrente da majoração de 10% nos percentuais de presunção aplicáveis ao IRPJ e à CSLL no regime do lucro presumido, prevista no art. 4º, § 4º, VII e § 5º da Lei Complementar n. 224/25 e nos atos infralegais que a regulamentaram, assegurando à impetrante o direito de apurar e recolher o IRPJ e a CSLL mediante a aplicação dos percentuais originais de presunção, até ulterior manifestação deste Juízo, nos termos da fundamentação supra. (TRF-3, AI nº 5003793-26.2026.4.03.0000, Rel. Des. Fed. Wilson Zauhy, decisão de 18/02/2026)

Dessa forma, ao aumentar automaticamente os percentuais de presunção do lucro, a Lei Complementar nº 224/2025 pode criar uma base de cálculo artificialmente maior e aumentar a carga tributária sem que haja efetivo aumento de capacidade econômica. 

Essa situação pode violar princípios constitucionais que regem a tributação, como a capacidade contributiva, a isonomia, a livre concorrência e a segurança jurídica, especialmente porque a alteração foi publicada apenas no final de 2025 e passou a produzir efeitos já em 2026, surpreendendo empresas que haviam estruturado seu planejamento tributário com base nas regras anteriormente vigentes.",,20/05/2026,,,Baixa,Junior,Finalizado,,
Gráfico do Impacto Fiscal da NCM,Estático,LTV,"Visual: Infográfico minimalista exibindo duas barras contrastantes com cores da identidade LTV. A primeira barra mostra o custo operacional padrão e a segunda barra demonstra um aumento drástico de custos, destacando a fragilidade de uma classificação errada.
Texto na Imagem: Um único dígito incorreto na Classificação Fiscal (NCM) pode elevar a carga tributária final da sua operação em até 30% ou paralisar o seu CNPJ em multas alfandegárias.
Legenda: A NCM (Nomenclatura Comum do Mercosul) funciona como o DNA de identificação de qualquer produto perante a Receita Federal. Delegar essa classificação para profissionais generalistas ou despachantes operacionais sem critério técnico expõe o fluxo de caixa do seu negócio a riscos fiscais severos. A LTV aplica engenharia tributária rigorosa na auditoria de cada item para garantir a máxima eficiência fiscal com blindagem aduaneira absoluta.
",,21/05/2026,,,Baixa,Viviane,Finalizado,,
Frase de Impacto (Inteligência Logística),Estático,Comexblog,"Visual: Fundo escuro minimalista e elegante, com a silhueta sutil de um navio cargueiro ao fundo e tipografia limpa e moderna em destaque.
Texto na Imagem: ""Importar não é sobre ter rios de dinheiro. É sobre usar o modelo logístico correto para o tamanho do caixa que você tem hoje.""
Legenda: O mito de que o Comércio Exterior pertence apenas às multinacionais bilionárias é o principal fator que impede o crescimento de pequenos e médios e-commerces no Brasil. Com o avanço do sistema de Carga Compartilhada (LCL), você pode comprar volumes menores, pagar impostos proporcionais e validar novos produtos com baixo risco financeiro. A inteligência logística democratizou o acesso aos fabricantes globais.
",,21/05/2026,,,Baixa,Viviane,Finalizado,,
Despachante Tradicional vs. Consultor Estratégico (O Padrão LTV),carrossel,LTV,"Slide 1 (Capa): A sutil diferença entre o profissional que apenas aperta botões no Siscomex e o parceiro que blinda o lucro do seu negócio.
Slide 2: O Despachante Tradicional opera de forma reativa: Ele aguarda o envio da papelada por parte da sua empresa, digita as informações no sistema governamental e simplesmente notifica quando a carga cai em canal de conferência física. É um mero preenchedor de formulários.
Slide 3: O modelo LTV de Consultoria Estratégica atua na base do planejamento: Nós desenhamos toda a engenharia tributária e fiscal da operação antes mesmo do pagamento ao fornecedor internacional acontecer.
Slide 4: Nós realizamos a auditoria técnica de toda a documentação aduaneira (Invoice e Packing List) diretamente na origem, mitigando erros ortográficos ou fiscais que servem de gatilho para a retenção de mercadorias.
Slide 5: Nós não enxergamos o Comércio Exterior como uma pilha de papéis a serem carimbados e taxas a pagar. Enxergamos a cadeia de suprimentos como o coração financeiro e estratégico da sua corporação.
Slide 6 (CTA): Pare de delegar a inteligência logística da sua marca para profissionais obsoletos. Agende uma reunião estratégica com o time C-Level da LTV através do link na bio.
",,22/05/2026,,,Baixa,Viviane,Finalizado,,
Remessa Conforme vs. Importação Formal,carrossel,Comexblog,"Slide 1 (Capa): Importação de R$ 200 vs. Importação de R$ 200.000: Qual é o seu jogo?
Slide 2: O mercado internacional mudou drasticamente. Se você traz pacotes pequenos e isolados da Ásia para uso próprio, você está jogando dentro das regras do Remessa Conforme.
Slide 3: No entanto, se o seu objetivo é revenda comercial, escala de estoque e abastecimento de e-commerce, tentar usar o formato simplificado internacional é um erro gravíssimo.
Slide 4: Trazer volumes comerciais fingindo ser pessoa física configura fraude aduaneira. A Receita Federal vai apreender a mercadoria e aplicar sanções pesadas ao seu CNPJ.
Slide 5: O mercado profissional exige a Importação Formal: Habilitação no Radar Siscomex, classificação fiscal correta de produtos e recolhimento de guias de impostos de comércio exterior.
Slide 6 (CTA): Quer parar de arriscar o futuro da sua empresa com amadorismo? Acompanhe o nosso perfil diário para aprender a jogar o jogo dos adultos.
",,22/05/2026,,,Baixa,Viviane,Finalizado,,
Cotar sacola,Operacional,Gasmaske,,,25/05/2026,,,alta,Junior,Finalizado,,
Taxa-das-Blusimhas,Video,Comexblog,"A taxa das blusinhas acabou.
E como eu falei: isso nunca foi sobre proteger a indústria nacional. 👀

Mas sabe o que é engraçado?
Pra quem importa de verdade, praticamente nada mudou.

Quem trabalha com operação séria já pagava imposto, já calculava custo e já tinha previsibilidade.

Quem ficou desesperado com cada mudança do governo nunca teve operação. Tinha improviso. 📦

Importação não é comprinha.
É estratégia.

#Importação #TaxaDasBlusinhas #Shein #Shopee #AliExpress #MercadoLivre #Ecommerce #Marketplace
",,26/05/2026,,,Baixa,Junior,Finalizado,,
Orçammento Carol,Operacional,Gasmaske,site e a logomarca 600,,27/05/2026,,,alta,Junior,Finalizado,,
Criar roteiros,Roteiro,Mineiro,Criar roteiros numa pegada de marketing,,28/05/2026,,,alta,Viviane,Finalizado,,
Teaser evento ,Video,HDG,,,28/05/2026,,,alta,Junior,Finalizado,,
Criação de logo ,Design,Full Gaz,fazer documentação,,28/05/2026,,,alta,Junior,Finalizado,,
O Fim do MOQ Absurdo e a Carga Compartilhada Premium,carrossel,LTV,"Slide 1 (Capa): Como acessar os principais fabricantes industriais asiáticos sem comprometer centenas de milhares de reais em um único contêiner.
Slide 2: O principal obstáculo enfrentado por empresas de e-commerce e distribuidores nacionais em expansão é o MOQ (Quantidade Mínima de Pedido) exigido pelas grandes indústrias na China.
Slide 3: Como as fábricas estrangeiras operam abastecendo mercados globais, as exigências de volumes mínimos iniciais costumavam inviabilizar o acesso direto por parte de pequenas e médias empresas brasileiras.
Slide 4: A Engenharia Logística da LTV soluciona esse gargalo de mercado através da nossa infraestrutura de Carga Compartilhada Premium (LCL Hub). Nós unificamos a demanda de múltiplos players de alta performance.
Slide 5: Nós consolidamos as mercadorias estratégicas dentro de contêineres próprios em nossos armazéns na origem, permitindo que a sua empresa pague exclusivamente pelo espaço em metros cúbicos (CBM) utilizado.
Slide 6 (CTA): Diversifique o seu portfólio de produtos, reduza o risco financeiro e mantenha o seu fluxo de caixa livre para investir em tração de vendas. Fale hoje mesmo com um engenheiro de negócios da LTV.
",,29/05/2026,,,Baixa,Viviane,Finalizado,,
Como Começar a Importar com Pouco Dinheiro,carrossel,Comexblog,"Slide 1 (Capa): ""Não tenho caixa para lotar um contêiner. Consigo importar direto da fábrica?""
Slide 2: A maior mentira que já te contaram sobre Comércio Exterior é que você precisa de milhões de reais guardados para começar a trazer produtos da China.
Slide 3: No modelo logístico tradicional, as empresas eram obrigadas a alugar um contêiner exclusivo (FCL). Isso realmente engessava e quebrava o fluxo de caixa de empresas menores.
Slide 4: A solução inteligente para quem está começando se chama Carga Compartilhada (LCL). Você compra apenas 2 ou 3 metros cúbicos de mercadoria diretamente com o fabricante.
Slide 5: Nós coletamos a sua mercadoria, unificamos no nosso contêiner e você paga uma fração proporcional do frete e das taxas portuárias. Você acessa o preço da fonte sem queimar o seu capital.
Slide 6 (CTA): O Comércio Exterior é viável para quem tem o planejamento certo. Mande uma mensagem no direct e faça uma simulação de volume para o seu nicho.",,29/05/2026,,,Baixa,Viviane,Finalizado,,
Reels 001 - Você vende no Mercado Livre,Video,Comexblog,"Você não perde margem porque vende mal.
Você perde porque vende o MESMO produto que todo mundo. 📦

Enquanto a maioria briga por centavos no marketplace, quem entende o jogo já está criando marca própria direto na China — com embalagem, posicionamento e margem de verdade.

Importar produto é commodity.
Importar marca é negócio.

Comenta “MARCA” que eu te explico como começar mesmo sem contêiner cheio. 👇

#Importação #MercadoLivre #Shopee #Amazon #MarcaPrópria #ImportaçãoDaChina #Ecommerce #Seller #Empreendedorismo #Marketplace
",,01/06/2026,,,Baixa,Junior,Finalizado,,
Criar roteiros,Roteiro,Aline,Criar roteiros numa pegada de marketing,,02/06/2026,,,Media,Viviane,Finalizado,,
Formulário,Operacional,HDG,Formulário Inteligente de Qualificação de Leads,,02/06/2026,,,Baixa,Junior,Finalizado,,
Video 40min Igor,Video,HDG,,,02/06/2026,,,Media,Junior,Finalizado,,
A Matemática da Importação Direta,carrossel,LTV,"Slide 1 (Capa): Existe um sócio oculto e silencioso drenando até 40% da margem de lucro real da sua empresa.
Slide 2: Se a cadeia de suprimentos do seu e-commerce ou da sua distribuidora depende exclusivamente da aquisição de mercadorias junto a atacadistas e importadores locais no Brasil, você está financiando o crescimento deles.
Slide 3: Todo o custo da estrutura logística internacional, o risco de variação cambial, as despesas de despacho aduaneiro e, principalmente, a margem de lucro do distribuidor nacional estão embutidos no preço final que você paga.
Slide 4: Migrar para o modelo de Importação Direta utilizando a infraestrutura de consolidação da LTV permite que a sua corporação elimine por completo esse elo intermediário da corrente de valor.
Slide 5: Ao assumir o controle das compras direto na fonte industrial, a sua margem operacional ganha um fôlego de até 40%, devolvendo à sua marca o poder de precificação competitiva e liderança de mercado.
Slide 6 (CTA): Assuma o controle definitivo da infraestrutura de fornecimento do seu negócio. Clique no link da bio e inicie o projeto de transição com a LTV.
",,02/06/2026,,,Baixa,Viviane,Finalizado,,
O Mito da Qualidade Asiática,Estático,Comexblog,"Visual: Imagem comparativa de dois produtos tecnológicos. Um deles desmontado mostrando peças de alta tecnologia e o outro finalizado com acabamento premium, quebrando o preconceito visual.
Texto na Imagem: ""Tudo que vem da China é de baixa qualidade."" (A grande mentira que os importadores gigantes espalham para você não competir com eles).
Legenda: A China abriga a linha de produção dos componentes descartáveis de plástico mais baratos do planeta e, ao mesmo tempo, as fábricas de altíssima tecnologia que montam os smartphones mais caros do mundo. No Comércio Exterior, você recebe exatamente o nível de qualidade pelo qual decide pagar e auditar. Realizar uma curadoria rigorosa de fornecedores (Sourcing) elimina qualquer risco de surpresas ruins na entrega.
",,02/06/2026,,,Baixa,Viviane,Finalizado,,
1: Swap,Video,Gasmaske," [Gancho] O Instagram acabou de criar a maior contradição do ano.
[Desenvolvimento] Eles estão testando uma nova função nos Reels chamada Swap... e isso vai mudar muita coisa na criação de conteúdo. Basicamente, você vai poder pegar o vídeo viral de outra pessoa e trocar apenas o texto da tela. Mesmo vídeo. Mesmo timing. Mesma estrutura. Só que com a sua mensagem.
[O Conflito] Aí que tá o problema: o Instagram vive dizendo que quer priorizar conteúdo original e punir quem só copia... Mas ao mesmo tempo, testa uma ferramenta que facilita a clonagem.
[O Impacto] Pra criadores e marcas? Fica muito mais rápido entrar nas trends. Mas pro público? Prepara o dedo, porque vai rolar uma avalanche de conteúdo preguiçoso.
[A Lição] E é aqui que você precisa prestar atenção: originalidade não é inventar a roda do zero. É pegar uma ideia e colocar a sua visão, a sua voz e a sua utilidade. Porque trocar duas frases num vídeo não é criatividade. É só copiar mais rápido.
[CTA] E você? Acha que o Swap vai ajudar quem cria ou vai transformar o Instagram num mar de clones? Comenta aqui embaixo.",,03/06/2026,,,alta,Junior,Finalizado,,
Reels 005 - Hoje eu vou falar sobre o seu distribuidor nacional,Video,Comexblog,"O distribuidor não é seu parceiro.
Na maioria das vezes… ele é o seu teto. 📉

Você valida o produto.
Você cria anúncio.
Você gera demanda.

E depois ele aparece vendendo mais barato que você.

Enquanto você depender da origem dos outros, sua margem sempre vai ter limite.

Quem controla a origem controla o jogo.

#Importação #Distribuidor #MercadoLivre #Marketplace #Ecommerce #Shopee #Amazon #Empresário #VendasOnline

",,03/06/2026,,,Baixa,Junior,Finalizado,,
Video ovo no espelho ,Video,Venturini,edição,,05/06/2026,,,alta,Viviane,Finalizado,,
reunião,Operacional,Venturini,,,08/06/2026,,18:00:00,alta,Junior,Finalizado,,
reunião,Operacional,Mineiro,,,08/06/2026,,,Media,Junior,Finalizado,,
Reels 006 - Você fechou o preço,Video,Comexblog,"O fornecedor te passou um preço lindo…
E quando a carga chegou no Brasil o custo dobrou. 😵‍💫

Porque FOB NÃO é custo final.

Frete, imposto, armazenagem, desembaraço, ICMS… tudo isso entra na conta.

Importação sem simulação é aposta.
Importação com cálculo é estratégia.

Quer entender o custo real do seu produto antes de importar? Me chama. 👊

#FOB #Importação #China #MercadoLivre #Ecommerce #DespachoAduaneiro #Marketplace #Empreendedorismo

",,08/06/2026,,,alta,Junior,Finalizado,,
repassar Roteiros,Operacional,Renan,aguardando a hora da call,,08/06/2026,,,Media,Junior,Finalizado,,
reunião,Operacional,Full Gaz,,,08/06/2026,,12:00:00,alta,Junior,Finalizado,,
repassar Roteiros,Roteiro,Venturini,"banais para ponta de funil, ele grvar e postar",,08/06/2026,,,Media,Junior,Finalizado,,
Criar Roteiros,Roteiro,Full Gaz,,,08/06/2026,,,Media,Viviane,Finalizado,,
Contrato,Operacional,icecream,assinatura contrato,,09/06/2026,,,alta,Junior,Finalizado,,
2: Hashtag ,Video,Gasmaske," [Gancho] As hashtags voltaram a fazer sentido no Instagram…  mas não do jeito que você pensa.
[O Problema] Por muito tempo, usar hashtag era perda de tempo. Você colocava 30 de uma vez, copiava aquele bloco pronto, rezava pro alcance vir... e o vídeo continuava flopado.
[A Virada] Mas o algoritmo atualizou. O Instagram mudou o jeito de ler o seu conteúdo. Esquece aquela regra de ""quanto mais, melhor"". Agora, as hashtags funcionam como reforço de contexto.
[A Explicação] Funciona assim: o Instagram lê o que você fala no vídeo, o texto que aparece na tela e a sua legenda. A hashtag entra ali só para confirmar o assunto e mostrar pro algoritmo quem é o seu público.
[A Prática] Então, chega de hashtag genérica. O vídeo é sobre tráfego pago? Usa hashtag de tráfego pago. É sobre academia? Hashtag de academia. Tem que ser estratégico.
[O Fechamento] As hashtags deixaram de ser o motor do alcance e viraram o GPS do algoritmo. E quem continuar usando hashtag como em 2021... vai ficar preso nos resultados de 2021.
",,09/06/2026,,,alta,Viviane,Finalizado,, 2- Hashtag.mp4
Roteiro 5: Pitch de Vendas e Portfólio (Mineiro),Video,Mineiro,,,09/06/2026,,,alta,Viviane,Finalizado,,Roteiro 5- Pitch de Vendas e Portfólio (Mineiro)_1.mp4
Fábrica Real ou Atravessador Internacional?,carrossel,LTV,"Slide 1 (Capa): Você tem certeza absoluta de que está negociando direto com a fábrica na China ou caiu na rede de um intermediário oculto?
Slide 2: O Alibaba e as feiras de negócios internacionais exibem milhares de perfis comerciais atraentes e estruturados. No entanto, estimativas de mercado apontam que cerca de 80% dessas empresas são, na verdade, Trading Companies.
Slide 3: As Tradings atuam como intermediárias: Elas adquirem os produtos diretamente dos verdadeiros fabricantes locais, aplicam a sua própria margem de lucro por cima do custo e revendem a mercadoria para o mercado externo.
Slide 4: Além de encarecer consideravelmente o custo final de aquisição do seu estoque, negociar com intermediários limita drasticamente a capacidade da sua empresa de personalizar produtos (White Label) ou exigir controle rigoroso na esteira de produção.
Slide 5: O serviço de Sourcing Estratégico da LTV atua diretamente na raiz do mercado asiático. Nós auditamos presencialmente e documentalmente as licenças operacionais de fornecedores para garantir que a sua negociação aconteça exclusivamente com quem detém o maquinário.
Slide 6 (CTA): Elimine as camadas de custos desnecessárias e proteja a exclusividade da sua marca. Fale com os especialistas em Sourcing da LTV através do link na bio.
",,09/06/2026,,,alta,Viviane,Finalizado,,
"Gerar e enviar Contrato (3 meses, R$ 1.200)",Operacional,Suricato,,,09/06/2026,,,alta,Junior,Finalizado,,
Criar pastas,Operacional,Suricato,,,09/06/2026,,,alta,Junior,Finalizado,,
O Calendário de Promoções Globais,carrossel,Comexblog,"Slide 1 (Capa): Se você quer lucrar alto nos maiores eventos de vendas do ano, o seu cronograma começa agora.
Slide 2: O tempo logístico do mercado internacional não acompanha o calendário do varejo local. Quem tenta comprar produtos em outubro para vender no Natal brasileiro está completamente atrasado.
Slide 3: O segundo semestre concentra os maiores picos de demanda global: O aquecimento para a Black Friday, o gigantesco festival do 11.11 na China (Dia dos Solteiros) e as festas de fim de ano.
Slide 4: Durante esse período, os portos asiáticos sofrem com falta de contêineres e overbooking em navios, o que faz os preços dos fretes explodirem da noite para o dia.
Slide 5: Logo após o fim do ano, o mercado enfrenta o Ano Novo Chinês, período em que as fábricas param totalmente por semanas. Se o seu estoque não for planejado com meses de antecedência, sua empresa vai parar.
Slide 6 (CTA): Antecipação logística é sinônimo de margem protegida. Mande uma mensagem no direct para estruturar o cronograma de embarques do seu negócio.
",,09/06/2026,,,alta,Viviane,Finalizado,,
Cartão,Design,Full Gaz,criar arte cartão de visita,,10/06/2026,,,alta,Junior,Finalizado,,
Orçamento,Orçamento,Full Gaz,"https://www.printi.com.br/bloco-para-rascunho/?_gl=1*10dgqk*_up*MQ..*_gs*MQ..&gclid=Cj0KCQjw0JnRBhDJARIsALobnXYy_e0Pp0NKfDX16CGMgK_hk6KUWGWUwpHPO-fD3J_UZG1nMb4scFgaAj0WEALw_wcB

https://www.printi.com.br/bloco-de-notas-c-capa-wire-o/?_gl=1*10dgqk*_up*MQ..*_gs*MQ..&gclid=Cj0KCQjw0JnRBhDJARIsALobnXYy_e0Pp0NKfDX16CGMgK_hk6KUWGWUwpHPO-fD3J_UZG1nMb4scFgaAj0WEALw_wcB&pwrpad_stock=090op_4x0_bloco_25vias

https://www.printi.com.br/caderno-pequeno-personalizado-capa-impressa/?_gl=1*10dgqk*_up*MQ..*_gs*MQ..&gclid=Cj0KCQjw0JnRBhDJARIsALobnXYy_e0Pp0NKfDX16CGMgK_hk6KUWGWUwpHPO-fD3J_UZG1nMb4scFgaAj0WEALw_wcB",,10/06/2026,,,Media,Junior,Finalizado,,
Thumb Badico,Thumb,Badico,,,10/06/2026,,,Media,Junior,Finalizado,,
"4 ""O Kit Completo do Seu Pequeno (Escolha seu Bichinho)""",Video,Aline,,,10/06/2026,,,Baixa,Viviane,Finalizado,,
Autoridade e Risco de Mercado,Estático,Comexblog,"Visual: Imagem realista e imponente de uma operação noturna em um terminal portuário de contêineres, transmitindo seriedade e solidez corporativa.
Texto na Imagem: No Comércio Exterior, a falta de informação correta cobra o seu preço em dólares americanos.
Legenda: Tentar conduzir operações de comércio internacional baseando-se em palpites ou em tutoriais antigos da internet é a receita perfeita para sofrer retenções de mercadorias, pagar diárias pesadas de porto e arruinar o caixa do seu negócio. Acompanhe o nosso conteúdo diariamente aqui no perfil para se manter atualizado sobre as regras aduaneiras e proteger a lucratividade da sua empresa.
",,10/06/2026,,,Baixa,Junior,Finalizado,,
Aviso Estratégico (O Risco da Fidelidade ao Atacado),Estático,LTV,"Visual: Layout limpo e moderno simulando uma publicação em formato de comunicado oficial da diretoria executiva, utilizando tipografia com forte presença visual.
Texto na Imagem: O maior erro estratégico de um e-commerce é passar anos mantendo fidelidade a um distribuidor atacadista nacional, para depois descobrir que ele vende o mesmo produto para os seus concorrentes de mercado pelo mesmo preço de tabela.
Legenda: Não estruture o crescimento a longo prazo da sua marca dependendo de estoques gerendados por terceiros no mercado local. Construir um diferencial competitivo sustentável e desenvolver produtos com marca própria (White Label) exige independência comercial. A LTV constrói o canal logístico direto entre a sua empresa e os principais parques industriais globais.
",,10/06/2026,,,Baixa,Junior,Finalizado,,
3: Links no reels,Video,Gasmaske,"[Gancho]  O Instagram finalmente resolveu o maior defeito do Reels.
[A Revelação] Agora você tem como colocar links clicáveis direto na tela do vídeo.  
[A Dor do Passado] Pensa comigo: até ontem, o Reels era o destino final. A pessoa assistia ao seu vídeo, dava uma risada, aprendia alguma coisa... e ia embora rolar o feed. Você perdia a audiência.
[A Solução / O Funil] Agora, você consegue mandar essa pessoa direto para outro conteúdo seu, com um toque na tela. No seu Instagram, você vai clicar em novo vídeo e escolhe a opção Edits. Quando o aplicativo abrir, você vai selecionar um novo vídeo. Pode ser um vídeo que esteja na sua galeria ou um vídeo que você editou até em outro programa. Você vai apertar em link e escolher reels. Seleciona o reel que você quer divulgar e pronto.
",,11/06/2026,,,Media,Junior,Finalizado,,
Reels 007 - Você já importou um produto,Video,Comexblog,"Produto bombando no marketplace NÃO significa produto bom para importar. ⚠️

Às vezes o imposto mata a margem.
Às vezes o frete inviabiliza tudo.
Às vezes precisa de certificação e ninguém te avisou.

Hype vende clique.
Critério constrói operação.

Antes de importar qualquer coisa, você precisa analisar viabilidade de verdade.

#Importação #MercadoLivre #Shopee #Amazon #Marketplace #China #Ecommerce #Empresário #Seller

",,11/06/2026,,,Baixa,Junior,Finalizado,,
Bloco de notas,Design,Full Gaz,,,12/06/2026,,,alta,Junior,Finalizado,,
Executar a Captação Presencial,Captação,Suricato,,,12/06/2026,,,Baixa,Junior,Finalizado,,
1-  Conforto e Fofura Pimpolho,Video,Aline,,,12/06/2026,,,Baixa,Viviane,Finalizado,,
organizar Logins,Social,Full Gaz,"Pra registrar, já alterei a senha do
Instagram 
Senha: Fullg@z26",,12/06/2026,,,Media,Viviane,Finalizado,,
Criar roteiros do 1º mês,Roteiro,Suricato,,,12/06/2026,,,alta,Viviane,Finalizado,,
Roteiro 6: Tour Guiado / Chegada ao Estúdio,Video,Mineiro,,,12/06/2026,,,alta,Viviane,Finalizado,, Roteiro 6- Tour Guiado - Chegada ao Estúdio.mp4
A Ilusão do Alibaba e a Gestão Profissional de Supply Chain,carrossel,LTV,"Slide 1 (Capa): Clicar no botão de compra em sites internacionais não significa que a sua empresa estruturou uma cadeia de suprimentos internacional.
Slide 2: A facilidade de navegação em plataformas B2B da internet criou a falsa ilusão de que importar comercialmente resume-se a escolher um produto, inserir dados de pagamento e aguardar a entrega da carga no galpão.
Slide 3: Operações de comércio de alto volume corporativo exigem infraestrutura robusta: Análise prévia de viabilidade econômica, emissão de Licenças de Importação (LI) junto a órgãos anuentes, contratação de seguros internacionais e gerenciamento de frete de linha marítima.
Slide 4: Ignorar o compliance processual e tratar a importação como se fosse uma compra de varejo pessoal é o gatilho perfeito para enfrentar apreensões de contêineres, multas fiscais retroativas e graves prejuízos operacionais.
Slide 5: A LTV profissionaliza todo o setor de suprimentos internacionais da sua corporação, transformando processos de compras descentralizados em uma operação corporativa previsível, segura e de alto rendimento.
Slide 6 (CTA): Eleve o nível operacional da sua empresa. Elimine os riscos de amadorismo contratando a assessoria premium da LTV. Link disponível na bio.
",,12/06/2026,,,alta,Junior,Finalizado,,
Os 3 Erros de Quem Importa na Pessoa Física,carrossel,Comexblog,"Slide 1 (Capa): Os 3 erros clássicos que fazem você jogar dinheiro no lixo ao importar no CPF.
Slide 2: Erro 1: Trazimento de quantidade comercial. Importar 30 ou 40 unidades do mesmo produto no seu CPF deixa claro para a fiscalização que o destino é a revenda, gerando apreensão imediata da mercadoria.
Slide 3: Erro 2: Desconsiderar o cálculo do Valor Aduaneiro. No Brasil, os impostos federais e estaduais incidem sobre a soma do valor do produto + o custo do frete internacional + o seguro de carga.
Slide 4: Erro 3: Achar que a fiscalização alfandegária funciona como uma loteria baseada na sorte. A Receita Federal utiliza cruzamento de dados bancários e operacionais para auditar todas as remessas.
Slide 5: Se você quer construir um negócio sólido e lucrativo de revenda de produtos importados, o único caminho sustentável é abrir uma empresa e obter o Radar Siscomex.
Slide 6 (CTA): Pare de agir como amador e comece a faturar como profissional. Acompanhe a Comexblog para dominar as bases do mercado.
",,12/06/2026,,,alta,Junior,Finalizado,,
3. Fator R (Simples Nacional),carrossel,HDG,"Card 1 (Capa / Gancho): Se você é médico, engenheiro, arquiteto ou trabalha com TI  e está no Simples  é bem provável que seu contador esteja te custando dinheiro todo mês sem saber.
Card 2 (Dor): O Simples Nacional tem 6 anexos. Profissões liberais e serviços técnicos caem automaticamente no Anexo V, que cobra alíquotas de até 30,5%. É o mais caro da tabela.
Card 3 (Dor): A maioria dos empresários não sabe que pode estar no anexo errado. Ninguém avisa. O DAS vem, você paga  e a diferença vai embora mês a mês.
Card 4 (Virada): Existe uma regra chamada Fator R: se o total pago em folha (incluindo pró-labore) representar 28% ou mais do faturamento, a empresa migra para o Anexo III  que começa em 6%. Um ajuste simples, com impacto direto no caixa.
Card 5 (CTA): Manda ""FATOR R"" no nosso Direct. A gente faz o cálculo e te mostra em quanto tempo o ajuste se paga.",,15/06/2026,segunda-feira,18:00:00,Media,Junior,Finalizado,,
Post,carrossel,Hip,,,15/06/2026,segunda-feira,18:00:00,Baixa,Viviane,Finalizado,,
Criar roteiro para 4 videos isntitucionais,Roteiro,Suricato,,,15/06/2026,segunda-feira,,Baixa,Junior,Finalizado,,
Post,Estático,animales,,,15/06/2026,segunda-feira,18:00:00,Baixa,Viviane,Finalizado,,
Roteiro 1: Bastidores e Preparação,Video,Mineiro,"Objetivo: Mostrar profissionalismo, biossegurança e gerar satisfação visual (ASMR).
Áudio: Música com batidas bem marcadas (Beat drop no final) + Som ambiente realçado (Cliques, estalos de luva).
Cena 1 (A Chegada):
Visual: Close-up da mão empurrando a porta. Corte rápido para um plano geral das luzes acendendo.
Cena 2 (Biossegurança):
Visual: Close-up das mãos calçando luvas pretas de procedimento. Plano médio borrifando produto de limpeza na bancada e secando com papel toalha. Movimento de câmera envolvendo a maca/cadeira com plástico filme.
Cena 3 (Arsenal):
Visual: Take macro encapando máquina e fonte. Close-up da agulha sendo aberta e encaixada com um ""clique"". Plano detalhe dos batoques vazios na bancada.
Cena 4 (O Clímax):
Visual: Câmera sobre o ombro mostrando o iPad com o decalque ou a impressora térmica. Câmera lenta da tinta preta pingando no batoque (sincronizado com o drop da música). Tatuador senta na cadeira, máquina na mão, ajusta a luz para a maca.
",,15/06/2026,segunda-feira,18:00:00,Baixa,Junior,Finalizado,,
Reels 008 - Se você já importou,Video,Comexblog,"Se a NCM do seu produto estiver errada…
Você pode pagar imposto errado, tomar multa ou até ter carga retida. 🚨

E o pior: muita gente ainda escolhe NCM no chute.

A Receita Federal não aceita “achei parecido”.

Classificação fiscal não é detalhe.
É o que define se sua operação vai passar lisa ou virar dor de cabeça.

#NCM #Importação #ReceitaFederal #DespachoAduaneiro #China #Marketplace #MercadoLivre #Empreendedorismo

",,15/06/2026,segunda-feira,18:00:00,Baixa,Junior,Finalizado,,
CAll,Operacional,Juliana,,,15/06/2026,segunda-feira,17:00:00,Baixa,Junior,Finalizado,,
Alerta Siscomex (A Ilusão do Canal Verde),Estático,LTV,"Visual: Sinalização gráfica discreta e elegante de alerta corporativo, sobreposta à imagem desfocada de um pátio de contêineres sob auditoria alfandegária.
Texto na Imagem: A liberação em Canal Verde não significa salvo-conduto definitivo perante o fisco. O rigor técnico da LTV protege a sua empresa contra auditorias retroativas.
Legenda: Obter a liberação rápida de uma carga na alfândega por meio do Canal Verde é excelente para o fluxo operacional, mas não isenta a operação de fiscalizações futuras. A Receita Federal dispõe do prazo legal de até 5 anos para realizar auditorias homologatórias retroativas sobre qualquer processo de importação. Operar com a assessoria da LTV assegura que o compliance documental da sua empresa permaneça blindado contra passivos fiscais ocultos ao longo dos anos.
",,16/06/2026,terça-feira,18:00:00,Baixa,Viviane,Finalizado,,
"3- Operação ""Pezinhos Estilosos""",Video,Aline,,,16/06/2026,terça-feira,18:00:00,Baixa,Viviane,Finalizado,,
#6 Bebs_ A Virada de Chave Que Mudou Minha Carreira Musical Para Sempre!,Video,Venturini,Corte podcast,,16/06/2026,terça-feira,18:00:00,Baixa,Junior,Finalizado,,
1 - Organico - o cerco fechou,Video,HDG,"[FALA - GANCHO] (Tom ágil e incisivo): O cerco fechou para quem acha que pode rolar dívida de ICMS com a barriga.
[FALA - CONTEXTO]: Os Estados agora estão classificando empresas desorganizadas como Devedor Contumaz. Sabe o que isso significa na prática? Bloqueio de emissão de notas e perda imediata de benefícios fiscais. É a sua operação inteira paralisada por amadorismo. Esse é o custo da inação.
[FALA - A VIRADA]: A Hedge é a sua blindagem contra a fúria do fisco. Nós não fazemos mágica, fazemos análise de dados e revisão inteligente. Aplicamos inteligência e estratégia tributária de alto nível, com a experiência de quem já atendeu gigantes, mas de forma direta e sem burocracia para o seu negócio.
[FALA - CTA]: Não espere o bloqueio chegar. Agende um diagnóstico gratuito e vamos proteger a sua margem de lucro.
",,16/06/2026,terça-feira,18:00:00,Media,Junior,Finalizado,,
Post 1,carrossel,Mineiro,,,16/06/2026,terça-feira,18:00:00,Baixa,Viviane,Finalizado,,
Post,Estático,animales,,,16/06/2026,terça-feira,18:00:00,Baixa,Viviane,Finalizado,,
4 - Seu Algoritmo ,Video,Gasmaske,"[O Fechamento (Punchline)]  O Instagram não quer mais só vídeos virais soltos. Ele quer criadores que saibam manter as pessoas presas consumindo em loop. Quem aprender a conectar conteúdos agora, vai dominar o alcance.

[Gancho — 0 a 5 segundos] Você finalmente vai poder assumir o controle do seu algoritmo no Instagram.
[A Novidade — 5 a 15 segundos] Eles acabaram de liberar uma ferramenta nova na aba Reels chamada ""Seu Algoritmo"". Basicamente, a inteligência artificial do Insta vai te mostrar um painel com a lista exata de tudo que ela acha que você gosta de consumir.
[A Solução — 15 a 25 segundos] E a mágica é essa: você vai poder deletar os temas que não quer mais ver e adicionar interesses novos. Acabou aquela história de curtir um vídeo sem querer e o seu feed virar um lixo. Dá até pra compartilhar sua lista nos Stories.
[O Alerta / Punchline — 25 a 45 segundos] Isso já tá rodando nos Estados Unidos e chega no Brasil nas próximas semanas. Pro usuário normal, isso é incrível. Mas pra quem cria conteúdo, o jogo ficou pesado: se o seu vídeo for chato, a pessoa te arranca do algoritmo dela com um clique.
[CTA Final] Seu conteúdo sobrevive a essa peneira?
",,16/06/2026,terça-feira,18:00:00,Media,Junior,Finalizado,,
A Nova Realidade do Dropshipping,carrossel,Comexblog,"Slide 1 (Capa): A ""Taxa das Blusinhas"" CAIU! O que ninguém te contou sobre a volta da isenção de US$ 50.
Slide 2: O jogo virou de novo no cenário internacional. Com a assinatura da Medida Provisória que zera o imposto de importação para compras abaixo de 50 dólares, as plataformas voltaram a ter uma vantagem gigantesca.
Slide 3: O modelo de Dropshipping respira aliviado. Enviar o produto direto do fornecedor para o CPF do cliente final volta a garantir margens de lucro absurdas em produtos de ticket menor.
Slide 4: Mas há o outro lado da moeda: A indústria e o varejo nacional estão em alerta máximo. A concorrência asiática direta voltou com força total, eliminando a blindagem tributária que as lojas brasileiras tinham.
Slide 5: Como agir estrategicamente? Se você opera com Drop, é hora de acelerar a escala de testes de produtos inovadores. Se você vende com estoque local, foque em agilidade de entrega e na criação de uma marca própria forte para não virar refém da guerra de preços.
Slide 6 (CTA): O mercado internacional não tolera quem fica desatualizado. Salve este post para debater com seus sócios e siga o perfil para não perder nenhuma mudança nas regras.
",,16/06/2026,terça-feira,18:00:00,Baixa,Viviane,Finalizado,,
Post,Estático,Hip,,,16/06/2026,terça-feira,18:00:00,Baixa,Viviane,Finalizado,,
1: O Fim da Inocência,Video,Renan,"[GANCHO]: (3s) A polícia bateu na sua porta às 6 da manhã. A pior coisa que você pode fazer é oferecer um cafezinho e a sua senha do celular.
[CORPO]: Tem muita gente que acha que ser o anfitrião do ano na hora de uma busca e apreensão vai render algum ponto com o delegado. A verdade é que o mandado judicial tem limites cirúrgicos, e a polícia só pode levar o que está estritamente escrito ali. Se o papel não diz ""acesso aos aparelhos eletrônicos"", o seu celular fica no seu bolso. Você não vai impedir a entrada de ninguém, porque isso é crime de desobediência, mas você tem o direito absoluto de acompanhar a busca cômodo por cômodo, igual uma sombra. Até para garantir que nada ilícito ""apareça"" magicamente na sua gaveta. E mais, você tem o direito de chamar um advogado da sua confiança para acompanhar a busca.
[CTA]: Quer parar de depender da sorte e realmente entender como a lei funciona na prática? Siga o perfil para mais análises.
[DIREÇÃO VISUAL]: Iluminação dramática, bem dark. No gancho, som abafado de batidas na porta. Legendas dinâmicas sem exageros, destacando palavras como ""cafezinho"" com uma cor mais pálida.",,16/06/2026,terça-feira,18:00:00,Baixa,Junior,Finalizado,,
Criar roteiro 3 estático e 3 carroseis,Roteiro,Mineiro,,,16/06/2026,terça-feira,,Baixa,Viviane,Finalizado,,
"Criar roteiro para 4 videos, 4 carrosseis e 4 estáticos",Roteiro,icecream,,,16/06/2026,terça-feira,,Baixa,Junior,Finalizado,,
Subir videos,Operacional,Suricato,,,16/06/2026,terça-feira,,alta,Viviane,Finalizado,,
Solicitar acesso Admin no Google Meu Negócio,Operacional,Suricato,,,17/06/2026,quarta-feira,17:00:00,Baixa,Junior,Finalizado,,
1- A Essência Full Gaz ,carrossel,Full Gaz,"A Capa (O Convite à Excelência)
Direção Visual: Tipografia branca, de traços retos e elegantes. Estética de luxo minimalista.
Copy no card:
A excelência em sua forma mais completa.
Apresentamos a Full Gaz.
Slide 2: A Nossa Filosofia
Direção Visual: Foto profissional de Laila Gazul em postura de liderança executiva .
Copy no card:
A alta gastronomia exige mais do que a perfeição na apresentação de um prato.
Ela exige uma orquestração impecável dos bastidores, onde a hospitalidade forma memórias, fidelização, geração de valor emocional e a promoção orgânica.
Nascemos para elevar o padrão da gestão gastronômica, unindo o rigor técnico ao mais alto nível de serviço.
Slide 3: O Significado (A Palavra FULL)
Direção Visual: Fundo off-white ou cinza claro para criar um contraste arquitetônico e forte. Destaque imponente para a palavra ""FULL"".
Copy no card: FULL. Porque pensamos na experiência desde o momento da reserva ou chegada ao restaurante, até o encerramento da refeição e a saída do cliente. Há preocupação e cuidado rigoroso em todas as etapas.
A hospitalidade é a chave que transforma um simples serviço em memória afetiva. Quando a eficiência operacional encontra o acolhimento genuíno e a personalização, a experiência gera conexão emocional, que é o que faz o cérebro registrar e eternizar uma vivência
Slide 4: O Significado (A Palavra GAZ)
Direção Visual: Retorno ao fundo escuro e sólido. Foco na palavra ""GAZ"".
Copy no card: GAZ. A assinatura Gazul. Mais do que conexão e energia, o Gaz carrega a nossa identidade e o compromisso executivo com a sua entrega. A hospitalidade perfeita é o conjunto da obra: o rigor técnico implacável nos bastidores, orquestrado de forma elegante e gentil, como o serviço ganha vida no salão. 
Slide 5: O Nosso Compromisso
Copy no card:
Estruturamos operações gastronômicas com foco em:
Transparência com números e dados.
Valorização e capacitação da brigada.
Combate ao desperdício e sustentabilidade.
Lucratividade e margem.
Slide 6: A Assinatura (Fundo de Funil)
Direção Visual: O símbolo da Full Gaz aplicado sozinho, centralizado, de forma extremamente minimalista e forte em um fundo preto profundo.
Copy no card: Transformamos um momento simples em um momento especial e significativo. Full Gaz. Consultoria executiva em negócios gastronômicos. Solicite uma avaliação da sua operação através do link na bio.",,17/06/2026,quarta-feira,18:00:00,Baixa,Junior,Finalizado,,
Solicitar Login e Senha do Instagram,Operacional,Suricato,,,17/06/2026,quarta-feira,17:00:00,Baixa,Junior,Finalizado,,
Engenharia Tributária e o Mecanismo do Ex-Tarifário,carrossel,LTV,"Slide 1 (Capa): Por que os líderes do seu segmento de mercado conseguem pagar significativamente menos impostos na importação de ativos?
Slide 2: No ambiente de Comércio Exterior brasileiro, as alíquotas de tributos não são imutáveis. Grandes corporações utilizam a inteligência aduaneira para reduzir custos tributários de forma totalmente legal e estratégica.
Slide 3: Um dos principais instrumentos utilizados para essa otimização é o regime do Ex-Tarifário, que permite a redução temporária da alíquota do Imposto de Importação (II) para até 0%.
Slide 4: Esse benefício fiscal é concedido a bens de capital (maquinários industriais, linhas de produção) e bens de informática e telecomunicações que não possuam produção nacional equivalente comprovada.
Slide 5: Os despachantes tradicionais costumam omitir essa possibilidade devido à alta complexidade técnica exigida. O processo demanda um estudo aprofundado de classificação fiscal (NCM) e a elaboração de pleitos formais junto ao governo. A equipe jurídica e fiscal da LTV realiza todo o processo para a sua empresa.
Slide 6 (CTA): Pare de desperdiçar recursos financeiros pagando o teto de alíquotas por falta de assessoria especializada. Agende um diagnóstico fiscal com o time C-Level da LTV através do link na bio.
",,17/06/2026,quarta-feira,18:00:00,Baixa,Junior,Finalizado,,
video musica 1,Video,Venturini,Teaser da musica,,17/06/2026,quarta-feira,08:30:00,Baixa,Junior,Finalizado,, musica 1.mp4
Copa Gowind de FTV,Estático,Rsat,"📋 Aprovação de Dados - Circuito Gowind de Futevôlei

Olá! Segue o resumo das informações para a criação da arte. Por favor, confira se todos os dados estão corretos antes de darmos andamento ao design:

📍 Informações Gerais
Evento: Circuito Gowind de Futevôlei
Datas: 11 e 12 de julho
Local: CT Pelé
Regra: Cada dupla pode trazer 4 convidados

💰 Inscrições e Pagamento
1º Lote: R$ 350,00
2º Lote: R$ 380,00
Pix e Contato: (27) 99970-7728

🏆 Cronograma e Premiações
Dia 11 (Sábado): Iniciante com Intermediário
Prêmio: R$ 2.000,00 + Troféu + Uniforme

Dia 12 (Domingo): Aprendiz com Iniciante
Prêmio: R$ 2.000,00 + Troféu + Uniforme

🤝 Divisão de Patrocinadores (Logos)
Master: Gowind
Secundário: Rsat, Unilog e Fcar
Terciário: Joceandro Ecodata, Tutyfruti e Prime

Aguardo o seu ""OK"" para iniciar a montagem!",,17/06/2026,quarta-feira,11:00:00,alta,Junior,Finalizado,,
Carrossel 1 (Pilar 3: Pop Culture),carrossel,Renan,"Capa: SAUL GOODMAN NO BRASIL: POR QUE AQUELE LAVA-RÁPIDO TE LEVARIA DIRETO PARA A CADEIA.
Slide 2: Em Breaking Bad, usar um negócio de fachada de moedas e notas para lavar dinheiro parecia genial. No Brasil de hoje, é um convite para a Polícia Federal.
Slide 3: O sistema financeiro brasileiro não é os anos 2000. O COAF monitora transações atípicas quase em tempo real. Aquele depósito fragmentado para não chamar atenção (o famoso smurfing) é o primeiro alarme que toca.
Slide 4: E a Lei de Lavagem de Dinheiro aqui não perdoa quem ""fecha os olhos"". O contador que assinou e o sócio que ""não sabia de nada"" respondem junto com o cabeça da operação.
Slide 5: No mundo real, a ficção não te salva de um bloqueio integral de bens antes mesmo de você sentar para o café da manhã.
Slide 6: A prevenção penal corporativa é o único escudo contra a inteligência financeira do Estado.
Slide 7 (CTA): Siga o perfil para entender como o processo penal de alto nível realmente funciona.
Conceito Visual: Criar no Photoshop. Fundo dark, tipografia bold. Elementos sutis de lavagem (cifras desfocadas).",,17/06/2026,quarta-feira,11:30:00,Baixa,Junior,Finalizado,,Carrossel 1 (Pilar 3 Pop Culture)
4. Tributação Monofásica,carrossel,HDG,"Card 1 (Capa / Gancho): Se você tem bar, restaurante, loja de autopeças ou perfumaria no Simples Nacional  existe um imposto na sua DAS que não deveria estar lá. E você paga ele todo mês.
Card 2 (Dor): Bebidas frias, combustíveis e peças de reposição têm um regime chamado Tributação Monofásica. Isso significa que o PIS e o COFINS já foram pagos pela indústria  por toda a cadeia de distribuição, incluindo você.
Card 3 (Dor): Só que se o contador não segregar esses produtos na hora de gerar o DAS, o sistema cobra de novo. É um pagamento duplo  e absolutamente silencioso.
Card 4 (Virada): Corrigir a base de cálculo zera esse pagamento duplo a partir de agora. E dá para reaver o que foi pago a mais nos últimos 5 anos. Já atendemos empresas que recuperaram valores acima de R$ 80 mil.
Card 5 (CTA): Fale com a Hedge pelo link da bio. Vamos revisar sua base de cálculo sem custo e mostrar quanto você pode recuperar.","🚨 Você pode estar pagando impostos em duplicidade no Simples Nacional sem saber.

Se você é dono de bar, restaurante, loja de autopeças ou perfumaria, preste muita atenção: produtos sujeitos à Tributação Monofásica já tiveram o PIS e o COFINS recolhidos lá na indústria. Se o seu DAS não está segregando isso corretamente, o seu dinheiro está indo pelo ralo todos os meses.

👉 Arraste para o lado para entender como esse erro silencioso acontece e, o mais importante: como a Hedge pode te ajudar a estancar essa perda e recuperar o que você pagou a mais nos últimos 5 anos.

Pare de deixar o lucro do seu negócio na mesa. Clique no link da bio e agende uma revisão gratuita da sua base de cálculo com a nossa equipe! 📊",17/06/2026,quarta-feira,15:00:00,Baixa,Junior,Finalizado,,images
tattoss femininas,carrossel,Mineiro,"Este é o sinal que faltava para tirar o seu projeto do papel. O blackwork une personalidade, elegância e presença em uma arte feita para destacar quem você é. Se você quer fazer uma tatuagem que transmita sua essência e continue bonita ao longo dos anos, me chama no direct.

Qual dessas artes mais combina com você?

Atendimento na Praia da Costa, Vila Velha.
Vamos transformar sua ideia em uma arte única para a sua pele. 🖤",,17/06/2026,quarta-feira,12:00:00,Baixa,Junior,Finalizado,,Fotos
08  - Vai demorar muito?,Video,Suricato,"O baerbeiro e o cliente sentado numa bike eletrica, com o zoom no maximo mostrando só o corte, dai ele pergunta se vai demorar muito, o barbeiro fala que mais uns 30 min e ele diz, não da tempo não - e sai andando com a bike eletrica",,17/06/2026,quarta-feira,,Baixa,Junior,Finalizado,,
Mail Marketing 03: SUPERMERCADOS (Foco: Reforma Tributária),Email,HDG,"📧 E-MAIL 03: SUPERMERCADOS (Foco: Reforma Tributária)
📝 Resumo: E-mail nichado para donos de supermercados alertando sobre o fim de benefícios (Cesta Básica/Isenções) com a Reforma e risco de cumulatividade. 🎯 Melhor Setor (Tag Brevo): Supermercados, Varejo Alimentício
Assunto: A Reforma Tributária pode aumentar os custos do seu supermercado 🛒 (Opção B: Atenção Supermercadista: o impacto da Reforma nas suas margens)
Corpo do E-mail:
Olá, [Nome do Lead],
O seu supermercado está pronto para as mudanças que vêm com a Reforma Tributária?
O setor supermercadista é um dos mais impactados pelas alterações nas regras de consumo. Margens que já são apertadas podem desaparecer se você não ficar atento a estes pontos críticos:
❌ Fim de benefícios fiscais estaduais (como isenções e reduções de base de cálculo); ❌ Regras de crédito do IBS e da CBS que podem encarecer produtos de cesta básica; ❌ Risco de cumulatividade caso sua empresa não se adeque corretamente.
Na Hedge Tax, já estamos ajudando supermercados de todo o Brasil a:
Simular o impacto da Reforma em diferentes categorias de produtos (SKUs);
Ajustar o mix tributário para preservar a competitividade;
Reestruturar operações com foco em eficiência fiscal.
⏳ O tempo para agir é agora. Quanto mais cedo você se preparar, menos impacto e mais controle terá sobre seu negócio.
👉 [Clique aqui e agende uma conversa gratuita com um especialista]
Não espere a conta chegar para perceber que ela ficou mais alta.
Hedge Tax Consultoria Tributária
",,17/06/2026,quarta-feira,15:00:00,Baixa,Junior,Finalizado,,
Alerta de Precificação Amadora,Estático,Comexblog,"Visual: Ícone estilizado de uma calculadora com uma linha de alerta vermelha piscando ao redor.
Texto na Imagem: Pare de calcular sua margem de lucro apenas convertendo o preço em dólar do Alibaba no dia da compra.
Legenda: Se a sua estratégia de precificação de produtos importados consiste em apenas olhar o valor em dólares do fornecedor, multiplicar pelo câmbio do dia e aplicar uma margem comercial, o seu e-commerce corre sérios riscos. A importação profissional exige a inclusão de despesas de capatazia, armazenagem alfandegária, honorários de despacho e transporte interno rodoviário. Margem real se calcula na entrega final.
",,17/06/2026,quarta-feira,18:00:00,Baixa,Junior,Finalizado,,
2- O Teste de Terreno ,Video,Aline,,,17/06/2026,quarta-feira,18:00:00,Baixa,Viviane,Finalizado,,
Criar roteiro para 8 videos,Roteiro,HDG,,,18/06/2026,quinta-feira,22:00:00,Baixa,Junior,Finalizado,,https://docs.google.com/document/d/118Z_EgjmM09hULp0qkdDIHdz-lHnYjrV2TNtySeg7iE/edit?usp=sharing
2 - Organico - meter a mão no seu dinheiro,Video,HDG,,,18/06/2026,quinta-feira,16:00:00,Baixa,Junior,Finalizado,,
Post edição Renan,Video,Gasmaske,,,18/06/2026,quinta-feira,18:00:00,Media,Viviane,Finalizado,, Comparativo 1 O Fim da Inocência - renan.mp4
video musica 2,Video,Venturini,Teaser da musica,,18/06/2026,quinta-feira,,Baixa,Junior,Finalizado,, musica 2.mp4
Roteiro 4: Humor (O Verdadeiro Vilão da Tatuagem),Video,Mineiro,"Objetivo: Gerar identificação e engajamento rápido através do humor.
Áudio: Áudio de suspense que corta abruptamente para uma música engraçada ou som de atrito.
Cena 1 (A Expectativa - 00:00 a 00:02):
Visual: Foco puxando lentamente para a agulha da máquina (tom de suspense).
Texto na Tela: ""O que o cliente acha que dói""
Cena 2 (A Realidade - 00:03 a 00:09):
Visual: Corte seco na batida. Tatuador esfregando repetidamente um pedaço de papel toalha seco na pele (simulando o final de uma sessão longa).
Texto na Tela: ""O que realmente dói 😅""

",,18/06/2026,quinta-feira,18:00:00,Baixa,Junior,Finalizado,,
Post,Estático,Hip,,,18/06/2026,quinta-feira,18:00:00,Baixa,Viviane,Finalizado,,
Roteiro 1: A Criança e o Paladar (A Origem),Video,Full Gaz,,,18/06/2026,quinta-feira,18:00:00,Baixa,Junior,Finalizado,,Roteiro 1- A Criança e o Paladar (A Origem) - final_4.mp4
Post,Estático,animales,,,18/06/2026,quinta-feira,18:00:00,Baixa,Viviane,Finalizado,,
Vídeo 2 (Pilar 2: Desespero - Blitz),Video,Renan,"[GANCHO]: (3s) O lema ""quem não deve não teme"" na blitz policial, ele pode custar a sua liberdade.
[CORPO]: Existe um mito de que você precisa responder todas as perguntas do policial na rua com um sorriso no rosto. Se a autoridade te parar, entregue os documentos e obedeça às ordens legais. Mas lembre-se: você tem o direito constitucional ao silêncio. Se o agente perguntar de onde você está vindo ou o que tomou no jantar, você não é obrigado a falar nada que vá te complicar  ali no meio da calçada, nem mesmo na delegacia. Além disso, a revista no seu carro exige ""fundada suspeita"", e não apenas a intuição divina do policial. O abuso de autoridade anula a prova.
[CTA]: A informação é a única coisa que te protege do abuso. Siga meu perfil para não ser pego desprevenido.
[DIREÇÃO VISUAL]: Tom irônico no gancho. Fundo com luzes vermelhas e azuis muito desfocadas (bokeh profundo) simulando um giroflex distante. Sem música alta.","🚨 Muita gente acredita que, se não fez nada de errado, precisa responder qualquer pergunta durante uma abordagem policial.

Mas conhecer os seus direitos não é desrespeitar a autoridade. É garantir que eles sejam respeitados.

Nem toda revista é legal. Nem toda exigência pode ser feita sem fundamento. E, principalmente, você não é obrigado a produzir provas contra si mesmo.

A falta de informação é o que mais abre espaço para abusos.

▶️ Assista ao vídeo e entenda o que a lei realmente diz.

💬 Você sabia desses direitos ou também acreditava no famoso ""quem não deve, não teme""?

#Direito #Advocacia #AbordagemPolicial #SeusDireitos #DireitoPenal",19/06/2026,sexta-feira,,alta,Junior,Finalizado,,
Post,Video,Hip,,,19/06/2026,sexta-feira,,Baixa,Viviane,Finalizado,,
19.06 Exposição Lajinha - MG,Video,Venturini,Post notificação,"hoje é o dia 👊🎶

GUSTAVINN • Exposição Lajinha - MG
corre que é hoje!!

quem vai? confirma aqui 👇

#gustavinn #lajinha #showaoVivo",19/06/2026,sexta-feira,,Media,Junior,Finalizado,,
2 - A Evolução para Full Gaz,carrossel,Full Gaz,"Direção Visual:   Tipografia branca, elegante e imponente. Nenhuma presença de cores vibrantes, respeitando o rigor estético da marca.
Copy no card:
A alta gastronomia exige mais do que talento na cozinha. Exige uma excelente gestão.
A Maison Coccinelle evoluiu para Full Gaz.
Slide 2: A Bagagem e a Evolução
Direção Visual: Foto profissional de Laila Gazul (preferencialmente em preto e branco ou com filtro frio), transmitindo a postura de uma executiva estratégica com o rigor de uma chef internacional.
Copy no card: A Maison Coccinelle nasceu em 2009. Ao longo dos anos, o mercado mudou, os negócios tornaram-se mais complexos e a nossa consultoria precisou evoluir para acompanhar este cenário. Ficou claro que a excelência na composição de um prato, sozinha, não sustenta uma operação.
Slide 3: O Diagnóstico do Mercado
Direção Visual: Fundo liso em tons da identidade visual. Textos alinhados à esquerda, precisos e diretos, focados na dor do empresário.
Copy no card:
Ter o salão lotado à noite, uma vez por semana, não garante lucro no fim do mês.
O verdadeiro problema de um restaurante está no desperdício invisível, na falta de supervisão, no estoque conduzido pela intuição, na ausência de padrão e de um atendimento primoroso.
Slide 4: O Significado da Mudança
Direção Visual: Contraste elegante. Com foco total no peso da tipografia e na explicação do novo posicionamento.
Copy no card:  Nós entregamos a reestruturação executiva do seu negócio.  
Slide 5: O Método de Execução
Direção Visual: Layout limpo, utilizando tons frios para organizar os pilares do método de trabalho sofisticado.
Copy no card:
Transformamos empresários sobrecarregados em gestores no controle da própria empresa.
A nossa entrega envolve:
Gestão cirúrgica de compras, armazenamento e estoque.
Controle rígido de desperdício, precisão e validação das fichas técnicas.
Apresentação pessoal e treinamento de hospitalidade para a equipe.
Slide 6: Posicionamento e Escassez (Fundo de Funil)
Direção Visual:  Aplicação minimalista do logotipo da Full Gaz (Símbolo + Tipografia).
Copy no card:
Pare de trabalhar para a sua cozinha e faça a sua operação trabalhar para você.
Atendemos um número restrito de operações já estabelecidas para garantir excelência absoluta. Link na bio para aplicar o seu restaurante.","A paixão pela cozinha me trouxe até aqui. A Maison Coccinelle não morreu. Ela evoluiu para Full Gaz.

Viramos a chave para entregar a reestruturação executiva que o mercado exige. Porque lotar o salão uma vez por semana não paga as contas do mês. O que paga é o controle do estoque, a precisão das fichas técnicas e uma equipe que respira hospitalidade.

Pare de trabalhar para sua cozinha. Faça sua operação trabalhar para você.

 Clique no link da bio e veja se o seu negócio está pronto para essa transformação.",19/06/2026,sexta-feira,,Media,Junior,Finalizado,https://drive.google.com/drive/folders/11B2uQOyYfklE8aVyVI3KWl9iV-IiCWfa,
A receita esta dando uma janela,carrossel,HDG,verificar inspiração,"🚨 A Receita Federal identificou R$ 44 bilhões em divergências nos créditos de PIS/Cofins — e 12 mil empresas estão na mira.

Você sabe se a sua está entre elas?

O dado assusta, mas a realidade é que a maioria dos casos não envolve fraude. São erros de enquadramento, falhas na escrituração ou documentação inadequada. O crédito pode ser legítimo — o problema está em como foi informado.

E a boa notícia: a Receita está dando uma janela para regularização. Mas esse prazo tem limite. Após 2027, créditos com inconsistências podem deixar de ser reconhecidos.

Este é o momento certo para revisar a EFD-Contribuições e blindar seus créditos antes que a Receita chegue primeiro.

👉 Fale com a Hedge e garanta que seus créditos tributários estejam seguros.",19/06/2026,sexta-feira,,Media,Junior,Finalizado,https://drive.google.com/drive/folders/1TEroF6tMkONvPc7gVgQHEnqQcrCeeNjm,
Checklist do Custo Real (Landed Cost),Estático,Comexblog,"Visual: Layout simulando uma folha de prancheta ou planilha digital limpa com tópicos bem organizados e fáceis de ler.
Texto na Imagem: Vai nacionalizar um lote de produtos? Calcule o Custo Real na Porta:
[ ] Valor da Mercadoria (Fábrica)
[ ] Frete e Seguro Internacional
[ ] Impostos Federais (II, IPI, PIS, COFINS)
[ ] Imposto Estadual (ICMS)
[ ] Taxas e Despesas Portuárias
Legenda: O preço que o fornecedor exibe na tela do site internacional representa apenas o primeiro degrau da escada de custos. Deixar de calcular o ""Landed Cost"" (o custo final do produto colocado dentro do seu galpão) é o erro que faz muitas empresas operarem no prejuízo sem perceber. Antes de fechar qualquer pedido, faça as contas detalhadas da cascata tributária nacional.
",,19/06/2026,sexta-feira,,Media,Junior,Finalizado,,
Posicionamento de Marca: Long Term Value,Estático,LTV,"Visual: O logotipo da LTV posicionado centralmente em tipografia metálica ou de alta definição sobre fundo escuro premium, com o significado do nome destacado de forma sóbria e conceitual na base da arte.
Texto na Imagem: Nós não atuamos no mercado como despachantes focados em transações isoladas. Nós somos a LTV: Long Term Value.
Legenda: Enquanto o mercado convencional de comércio exterior consome energia focando em burocracias de curto prazo e preenchimento mecânico de guias, a LTV constrói parcerias corporativas duradouras. O nosso propósito principal é desenvolver engenharia logística sob medida, proteção fiscal contínua e inteligência de mercado estruturada para que as corporações de e-commerce e distribuição cresçam com previsibilidade, segurança e valorização do negócio a longo prazo.",,19/06/2026,sexta-feira,,Media,Junior,Finalizado,,
"06 - O Hino da Barbearia
",Video,Suricato,"CENÁRIO: Interior da barbearia. TEXTO NA TELA: ""Nossa equipe se preparando para o expediente:""
CENA 1: A Postura Ação: barbeiros estão perfilados em fila indiana, em posição de respeito absoluto. Eles estão com a mão direita no peito, postura ereta, queixo levantado e olhando fixamente para um ponto no horizonte (como se estivessem olhando para uma bandeira). 
",,19/06/2026,sexta-feira,,Baixa,Junior,Finalizado,,
 01_sudene_norte_es,Blog,HDG,"---
title: ""SUDENE no Espírito Santo: como a indústria do norte capixaba corta 75% do IRPJ""
meta_description: ""28 municípios do norte do ES estão na área da SUDENE. Indústria no Lucro Real reduz 75% do IRPJ sobre o lucro da exploração até 2028. Como funciona, quem tem direito e os erros que anulam o benefício.""
keywords: SUDENE Espírito Santo, redução 75% IRPJ, incentivo fiscal norte capixaba, lucro da exploração, SUDENE Linhares, incentivo SUDENE indústria, reinvestimento SUDENE, planejamento tributário indústria ES
author: Igor Izoton — Hedge Tax
focus_keyword: SUDENE Espírito Santo
---

# SUDENE no Espírito Santo: como a indústria do norte capixaba corta 75% do IRPJ

Numa reunião com o diretor de uma indústria que fatura cerca de R$ 1 bilhão por ano, o assunto era operação logística pelo Espírito Santo. Em dado momento, comentei que um concorrente dele tinha aberto fábrica em Linhares. A resposta veio rápida:

> ""Pode ser. A gente conhece o dono. Mas por que Linhares e não São Paulo, que é onde está o nosso mercado?""

A pergunta certa seria outra: por que **não** Linhares? Quem monta indústria no norte do Espírito Santo paga 25% de Imposto de Renda sobre apenas um quarto do lucro da operação incentivada. Os outros três quartos saem de graça. E quase nenhum empresário do Sudeste sabe que essa porta existe a 200 km de casa.

## O norte do ES é Nordeste para efeito de incentivo federal

A SUDENE — Superintendência do Desenvolvimento do Nordeste — administra um dos incentivos federais mais antigos e mais subaproveitados do país. A maioria associa SUDENE a Bahia, Pernambuco, Ceará. Poucos sabem que **28 municípios do norte do Espírito Santo** estão dentro da área de atuação da autarquia.

São municípios acima do paralelo que corta o estado na altura de Aracruz, incluindo polos industriais reais como Linhares, São Mateus, Colatina e a região da Foz do Rio Doce. Uma indústria instalada ali tem o mesmo direito que uma instalada em Salvador ou Recife: redução de 75% do Imposto de Renda da Pessoa Jurídica.

A base legal é o Decreto nº 4.213/2002, que define os setores prioritários, combinado com a Lei nº 8.167/1991 e a Medida Provisória nº 2.199-14/2001, que estruturam o benefício. O prazo para protocolar novos pedidos vai até **31 de dezembro de 2028**.

## O que exatamente é reduzido — e a pegadinha do ""lucro da exploração""

Aqui está o ponto que separa quem entende de quem só ouviu falar. A redução de 75% **não incide sobre o lucro contábil inteiro**. Ela incide sobre o *lucro da exploração* — um conceito específico da legislação do IRPJ.

Lucro da exploração é o resultado da atividade incentivada, depurado de receitas e despesas que não vêm da operação industrial: receitas financeiras, variações cambiais, resultados não operacionais, parte das subvenções. O cálculo parte do lucro líquido e ajusta esses itens.

Na prática: uma indústria que apura R$ 40 milhões de lucro líquido, dos quais R$ 32 milhões são lucro da exploração, aplica o benefício sobre esses R$ 32 milhões. O IRPJ desses R$ 32 milhões cai de 25% para 6,25% — uma economia direta. Sobre o adicional de 10% do IRPJ, o benefício também alcança a parcela incentivada.

Quem projeta o ganho usando o lucro líquido cheio superestima o benefício e se frustra na entrega. Quem ignora o lucro da exploração subestima e deixa dinheiro na mesa. O número real está no meio, e depende da estrutura de receitas da empresa.

## O reinvestimento de 30%: o benefício que vem por cima

Além da redução de 75%, a SUDENE permite o reinvestimento de 30% do IRPJ devido em projetos de modernização e ampliação, com complementação de recursos próprios. É um mecanismo separado, voltado a quem está em ciclo de investimento — exatamente o caso de quem acabou de aplicar R$ 400 milhões em expansão, como a indústria da reunião.

A lógica: parte do imposto que iria para a União fica na empresa, vinculada a um projeto produtivo aprovado pela SUDENE. Não é caixa livre, mas é capital de investimento que sairia do bolso do acionista.

## ""Mas eu preciso estar no Lucro Real?"" — sim, e isso muda o cálculo

A primeira objeção real de qualquer empresário a quem apresento a SUDENE: o benefício exige Lucro Real. Empresa no Lucro Presumido não acessa.

Isso não é detalhe burocrático — é o cerne da decisão. Para uma indústria com margem relevante, migrar para o Lucro Real só pela SUDENE pode já valer a pena, porque a redução de 75% do IRPJ frequentemente supera a diferença de carga entre os regimes. E quando se soma o aproveitamento de créditos de PIS/COFINS não cumulativos sobre insumos industriais — que o Presumido não permite —, a conta tende a fechar com folga.

O erro clássico é tratar regime tributário e incentivo como decisões separadas. São a mesma decisão.

## As condições que precisam estar de pé

A SUDENE não é automática. Para fruir o benefício, a empresa precisa:

- Estar no **Lucro Real**.
- Ter **projeto aprovado** pela SUDENE, enquadrado em setor prioritário do Decreto 4.213/2002.
- Estar **em operação** no município incentivado (o benefício começa a ser usufruído a partir do ano seguinte à entrada em operação do empreendimento, conforme o laudo).
- Manter **regularidade fiscal** durante todo o período de fruição.
- Cumprir as obrigações acessórias específicas, incluindo o laudo constitutivo emitido pela SUDENE.

O benefício vale por **10 anos** contados da aprovação. Perder a regularidade fiscal no meio do caminho suspende a fruição — e recuperar exige reabilitação.

## A camada da Reforma Tributária

A SUDENE incide sobre IRPJ — tributo que **não** é tocado pela Reforma Tributária. EC 132/2023 e LC 214/2025 reformam o consumo (PIS, COFINS, ICMS, ISS → CBS e IBS), não a renda. Isso torna a SUDENE um dos poucos incentivos com horizonte previsível enquanto o resto do sistema se reorganiza.

A ressalva: os incentivos **estaduais** de ICMS no Espírito Santo — como o INVEST e o COMPETE — entram na transição da Reforma e perdem força gradualmente até 2033, com compensação parcial via Fundo de Desenvolvimento Regional. A SUDENE, por ser federal e sobre a renda, atravessa esse período intacta. Para quem decide localização industrial olhando 10 anos à frente, isso pesa.

Vale ainda combinar SUDENE (federal, IRPJ) com os incentivos capixabas de ICMS enquanto eles existem. São camadas que não se excluem.

## Tabela-resumo

| Item | Como funciona |
|---|---|
| Benefício principal | Redução de 75% do IRPJ + adicional sobre o lucro da exploração |
| Base de cálculo | Lucro da exploração (não o lucro líquido cheio) |
| Reinvestimento | 30% do IRPJ em projetos de modernização/ampliação |
| Abrangência no ES | 28 municípios do norte (Linhares, São Mateus, Colatina, região) |
| Regime exigido | Lucro Real |
| Prazo de fruição | 10 anos da aprovação |
| Prazo para protocolar | Até 31/12/2028 |
| Base legal | Decreto 4.213/2002, Lei 8.167/1991, MP 2.199-14/2001 |
| Reforma Tributária | Não afetada (incide sobre renda, não consumo) |

## O ponto

A indústria do Sudeste decide localização olhando mercado e logística. Faz sentido. Mas a 200 km de São Paulo existe uma faixa do Espírito Santo onde o Imposto de Renda cai 75% por uma década — e a janela para entrar fecha em 2028. Às vezes a melhor decisão tributária não está na sua planilha de custos. Está no mapa.

**Sobre a Hedge Tax.** Somos uma consultoria tributária boutique com sede em Vila Velha (ES), reconhecida como uma das principais referências em incentivos fiscais e planejamento tributário para a indústria no Espírito Santo. Nosso time tem passagem por Deloitte, ArcelorMittal e Vale S.A. Estruturamos projetos de SUDENE de ponta a ponta — do enquadramento no setor prioritário ao cálculo do lucro da exploração e à manutenção da fruição ao longo dos 10 anos. Se a sua indústria está no norte do ES, ou avalia onde instalar a próxima planta, fale com a gente: **hedgeconsultoria.com**.

Fale comigo diretamente pelo WhatsApp nesse link:
https://api.whatsapp.com/send/?phone=5527999614664

Igor Izoton
CEO, Hedge Tax
+55 27 99961-4664
igor@hedgeconsultoria.com

*Este conteúdo tem caráter informativo e não constitui consultoria tributária individualizada. O enquadramento na SUDENE, o cálculo do lucro da exploração e o ganho efetivo dependem da estrutura de cada empresa e exigem análise específica. As regras, percentuais e prazos citados baseiam-se na legislação vigente (Decreto 4.213/2002, Lei 8.167/1991, MP 2.199-14/2001, EC 132/2023 e LC 214/2025) e estão sujeitos a alteração.*
",,22/06/2026,segunda-feira,19:00:00,Baixa,Junior,Finalizado,,
Reels 010 - Dois sellers importam,Video,Comexblog,"Dois sellers vendem o mesmo produto.
Um briga por preço.
O outro vende mais caro — e vende mais. 👀

A diferença? Marca.

OEM é o que permite você importar produto personalizado com sua logo, embalagem e identidade… sem precisar criar nada do zero.

Experiência gera percepção de valor.
Percepção de valor gera margem.

#OEM #MarcaPrópria #Importação #China #MercadoLivre #Shopee #Amazon #Ecommerce #Marketplace

",,22/06/2026,segunda-feira,18:00:00,alta,Viviane,Finalizado,,
"Roteiro 3: Educativo (O Poder de 1cm na Tatuagem)",Video,Mineiro,"Objetivo: Quebrar a objeção sobre o tamanho do desenho e mostrar paciência no atendimento.
Áudio: Trilha rítmica (cada batida marca a colagem de um decalque).
Cena 1 (O Gancho):
Visual: Tatuador cola o primeiro decalque no pulso/antebraço.
Texto na Tela: ""1cm faz diferença"" (Centro) | ""3cm"" (Ao lado do decalque).
Cena 2 (A Comparação):
Visual: No mesmo ângulo, o tatuador cola rapidamente os próximos decalques (exatamente o mesmo desenho) um abaixo do outro.
Texto na Tela (Sincronizado): ""4cm"" ➔ ""5cm"" ➔ ""6cm"" ➔ ""7cm"".
Cena 3 (O Conforto):
Visual: Tatuador retira os decalques do maior para o menor, de forma suave.
Texto na Tela: ""Não sinta vergonha em pedir para mudar o tamanho""
",,22/06/2026,segunda-feira,18:00:00,alta,Viviane,Finalizado,,
Post,Video,Hip,,,22/06/2026,segunda-feira,18:00:00,Baixa,Viviane,Finalizado,,
post,carrossel,Venturini,definir,,22/06/2026,segunda-feira,18:00:00,Baixa,Viviane,Finalizado,,
" 5 -  O Fim do Nariz Entupido 
",Video,Aline,,,22/06/2026,segunda-feira,18:00:00,Baixa,Viviane,Finalizado,,
Post,Estático,animales,,,23/06/2026,terça-feira,18:00:00,Baixa,Viviane,Finalizado,,
Post,Estático,Hip,,,23/06/2026,terça-feira,18:00:00,Baixa,Viviane,Finalizado,,
Post 3,carrossel,Mineiro,,,23/06/2026,terça-feira,18:00:00,Baixa,Junior,Finalizado,,
Desenvolver Roteiro estático,Roteiro,Suricato,,,23/06/2026,terça-feira,,Baixa,Junior,Finalizado,,
2. 02_compete_es_atacadista_crossdock,Blog,HDG,"---
title: ""Indústria de SP: como vender para o Nordeste pagando 1,1% de ICMS via Espírito Santo""
meta_description: ""O COMPETE-ES Atacadista reduz o ICMS efetivo a 1,1% nas saídas interestaduais. Indústria de SP monta crossdock no ES, mantém destaque de 12% e corta imposto sem mudar a fábrica. Como funciona na prática.""
keywords: COMPETE-ES atacadista, crossdock Espírito Santo, ICMS 1,1%, incentivo fiscal ES indústria, vender para o Nordeste, crédito presumido ICMS, operação logística tributária, triangulação Espírito Santo
author: Igor Izoton — Hedge Tax
focus_keyword: COMPETE-ES atacadista
---

# Indústria de SP: como vender para o Nordeste pagando 1,1% de ICMS via Espírito Santo

A cena se repete em quase toda reunião com indústria de São Paulo. O empresário descreve a operação, fala da margem apertada nas vendas para o Nordeste e do frete que come o resultado. Em algum momento, alguém da mesa diz:

> ""A gente até queria crescer no Nordeste, mas com o ICMS de 7% na saída e o frete, não fecha a conta.""

O problema raramente é o produto ou o preço. É de onde a nota sai. E existe um caminho legal, capixaba e pouco explorado para resolver isso: o estabelecimento passa a faturar pelo Espírito Santo com carga efetiva de **1,1% de ICMS**, mantendo destaque de 12% para o cliente.

## Como o ICMS interestadual destrói a margem da venda para fora

Quando uma indústria paulista vende para outro estado, a alíquota interestadual de ICMS depende do destino. Para a maioria do Sul e Sudeste, é 12%. Para Norte, Nordeste e Centro-Oeste, é 7%. Esse percentual sai da margem do vendedor — é imposto sobre a operação de saída.

Parece que 7% para o Nordeste é ""melhor"" que 12%. É o contrário. Com 7% de destaque, o cliente no destino recebe menos crédito de ICMS para abater. Resultado: ou o vendedor baixa o preço para compensar, ou perde competitividade contra um concorrente local. A alíquota baixa na origem vira desvantagem no destino.

## A virada: faturar pelo ES com o COMPETE Atacadista

O Espírito Santo tem um incentivo desenhado exatamente para atrair operação de distribuição: o **COMPETE-ES Atacadista**, previsto na Lei estadual nº 10.568/2016 (art. 16), com a relevante atualização da Lei nº 12.220/2024.

O mecanismo: o estabelecimento atacadista capixaba, nas saídas interestaduais, recebe um **crédito presumido de ICMS** que reduz a carga efetiva para **1,1%**. O crédito de entrada fica limitado a 7% (art. 16, §2º), e a apuração é feita em separado, sob código de receita próprio (380-8).

Na operação real, o desenho é um *crossdock*: a indústria de SP abre uma filial no ES dentro de um operador logístico. O caminhão sai da fábrica em SP, passa pelo operador no ES, troca a nota (a mercadoria é faturada pela filial capixaba) e segue para o cliente final. A rota física muitas vezes nem muda — quem vende para a Bahia já passa pela BR-101, que corta o Espírito Santo.

## ""Mas eu vou pagar imposto duas vezes?"" — não

A objeção imediata: se a mercadoria entra no ES e sai de novo, não haveria dupla tributação? Não. A entrada no ES gera crédito (limitado a 7%), e a saída interestadual é que recebe o tratamento do COMPETE, com carga efetiva de 1,1%. A apuração em separado garante que o benefício se aplica à saída incentivada.

O resultado contraintuitivo: você **destaca 12%** na nota para o cliente — dando a ele crédito cheio — mas a sua carga efetiva no Espírito Santo é de apenas 1,1%. O cliente ganha crédito maior, você paga menos. Para vendas a Nordeste e Centro-Oeste, onde a alternativa seria destacar 7%, o ganho é duplo: mais crédito para o cliente e carga efetiva baixíssima para você.

## Quanto custa montar e operar

Esse é o ponto que torna a operação viável mesmo para quem o Nordeste não é o carro-chefe. Os custos são modestos:

- **Filial no operador logístico:** algo em torno de R$ 700/mês de estrutura (sala/endereço fiscal).
- **Crossdock:** o operador cobra cerca de **0,8% sobre o valor da nota** para receber, trocar a documentação e despachar.

Some 0,8% de crossdock à carga efetiva de 1,1% de ICMS e compare com os 7% (ou 12%) que sairiam da margem na operação direta. A diferença é o ganho líquido — e ela cresce conforme o volume.

## Onde isso funciona melhor — e onde não funciona

Não é abrir filial e pronto. As variáveis que decidem:

- **Valor agregado do produto.** A operação brilha em produto de alto valor agregado, onde o frete adicional é irrisório perto do imposto economizado. Numa reunião com indústria de embalagens, a conta não fechava: embalagem tem muito volume e pouco valor — uma carreta leva 30 toneladas de papel mas só 5 de embalagem, então o frete encarece mais que o ICMS economiza. Produto denso em valor é o caso ideal.
- **Destino das vendas.** O benefício do COMPETE Atacadista é para saída **interestadual** do ES. Vender do ES para dentro do próprio ES não pega o incentivo. Faz sentido para quem atende Nordeste, Centro-Oeste e parte do Sudeste.
- **Rota logística.** Se a rota natural já passa pelo ES (caso de quem vende para a Bahia saindo do Sudeste), o crossdock quase não adiciona quilometragem.
- **Tratamento das transferências.** A transferência da fábrica para a filial capixaba precisa ser estruturada sem ICMS, porque no ES o benefício transforma o crédito — mandar com ICMS cheio anularia parte do ganho.

## A camada da Reforma Tributária

Aqui está a urgência. O COMPETE-ES é incentivo de **ICMS**, e o ICMS será extinto até 2033 pela Reforma (EC 132/2023, LC 214/2025), substituído pelo IBS — imposto de **destino**, não de origem. A lógica de ""faturar de um estado com benefício"" perde força à medida que o IBS avança, porque o imposto passa a ser devido onde o cliente está.

A transição vai de 2029 a 2033, com redução gradual do ICMS. Até lá, o COMPETE segue válido. Há ainda a compensação parcial via Fundo de Desenvolvimento Regional para benefícios onerosos habilitados. Quem montar a operação agora aproveita a janela inteira de transição; quem deixar para 2030 pega o benefício já em redução.

## Tabela-resumo

| Item | Operação direta de SP | Via crossdock no ES (COMPETE) |
|---|---|---|
| ICMS na saída para o Nordeste | 7% destacado | 12% destacado, **1,1% efetivo** |
| Crédito para o cliente | Menor (7%) | Maior (12%) |
| Custo de estrutura | — | ~R$ 700/mês filial |
| Custo logístico extra | — | ~0,8% crossdock |
| Base legal | — | Lei ES 10.568/2016, art. 16; Lei 12.220/2024 |
| Validade | — | Até a transição da Reforma (2029–2033) |

## O ponto

A indústria gasta energia tentando baixar o custo do produto para ganhar o Nordeste. Muitas vezes o problema não é o produto. É de onde ele sai. Trocar a praça de faturamento — sem mover a fábrica, sem mudar a rota — pode fazer mais pela margem do que qualquer renegociação com fornecedor. E a janela para fazer isso pelo Espírito Santo tem prazo: a Reforma já está correndo.

**Sobre a Hedge Tax.** Somos uma consultoria tributária boutique com sede em Vila Velha (ES), reconhecida como uma das principais referências em incentivos fiscais do Espírito Santo e operações logístico-tributárias para a indústria. Nosso time tem passagem por Deloitte, ArcelorMittal e Vale S.A. Estruturamos a operação completa — adesão ao COMPETE via SisCOMPETE, desenho do crossdock com operador logístico parceiro e a engenharia das transferências. Se a sua indústria vende para fora do estado e a margem aperta no ICMS, fale com a gente: **hedgeconsultoria.com**.

Fale comigo diretamente pelo WhatsApp nesse link:
https://api.whatsapp.com/send/?phone=5527999614664

Igor Izoton
CEO, Hedge Tax
+55 27 99961-4664
igor@hedgeconsultoria.com

*Este conteúdo tem caráter informativo e não constitui consultoria tributária individualizada. A viabilidade do COMPETE-ES depende do produto, do destino das vendas, da rota logística e da estrutura de cada empresa, exigindo análise específica. As regras, alíquotas e percentuais citados baseiam-se na legislação vigente (Lei ES 10.568/2016, Lei ES 12.220/2024, EC 132/2023, LC 214/2025) e estão sujeitos a alteração.*
",,23/06/2026,terça-feira,20:00:00,Baixa,Junior,Finalizado,,
Vídeo 3 (Pilar 1: Newsjacking),Video,Renan,"[GANCHO]: (4s) A polícia pode simplesmente abrir seu WhatsApp e dar aquela espiadinha nas suas conversas?
[CORPO]: É impressionante como o Estado adora atropelar regras básicas. O fato de o seu aparelho ter sido apreendido em uma operação não transforma a polícia na dona da sua intimidade. O STJ já cansou de decidir , é pacificado que o acesso às suas mensagens exige uma ordem judicial específica para quebra de sigilo telemático. Se um agente pegar seu celular, mandar você colocar a digital na tela e começar a ler seu WhatsApp na viatura, parabéns para ele: acabou de contaminar toda a prova. A lei chama isso de ""prova ilícita"", e ela serve para exatamente nada num tribunal.
[CTA]: Quer entender os limites do poder da polícia? Siga o perfil para mais informações.
[DIREÇÃO VISUAL]: Corte mais fechado no rosto, postura inquisitiva. Texto na legenda acompanhando o ritmo acelerado da fala.",,23/06/2026,terça-feira,18:00:00,Baixa,Junior,Finalizado,,
"O Mistério de ""Curitiba""",carrossel,Comexblog,"Slide 1 (Capa): O que REALMENTE acontece quando a sua encomenda internacional chega em Curitiba?
Slide 2: A Unidade dos Correios em Curitiba não é um buraco negro logístico. Ela abriga o Centro de Tratamento Internacional, o principal portal de entrada de pacotes postais no Brasil.
Slide 3: O que faz uma mercadoria ficar travada por semanas por lá não é lentidão operacional dos funcionários, mas sim o processo de triagem e fiscalização da Receita Federal.
Slide 4: Os fiscais utilizam sistemas avançados de raio-x e Inteligência Artificial para cruzar a declaração de conteúdo feita pelo remetente com o valor de mercado real do produto.
Slide 5: Se o sistema identificar que você tentou declarar um eletrônico de alto valor como se fosse um acessório de 5 dólares para fugir de tributação, a carga é retida e multada por subfaturamento.
Slide 6 (CTA): No Comércio Exterior, a verdade documental é o único caminho para não ter prejuízos. Acompanhe nossas publicações para entender a engrenagem alfandegária.
",,23/06/2026,terça-feira,18:00:00,Baixa,Junior,Finalizado,,
09 - Entrevista Marcelo,Video,Suricato,,,23/06/2026,terça-feira,14:00:00,alta,Junior,Finalizado,,
3- Ficha Técnica não é Receita,carrossel,Full Gaz,"Card 1: O Gancho (Capa)
Visual: Fundo nos tons da identidade visual da Full Gaz. Ao fundo, com bastante desfoque, uma mão com uma pinça finalizando um prato de alta gastronomia.
Texto Principal (Tipografia Serifada Grande): Receita é para quem cozinha em casa, um guia.
Texto Secundário (Abaixo, em negrito e itálico): Ficha técnica é uma ferramenta completa para quem quer lucrar.
Card 2: A Diferença Brutal
Texto: A receita usa ""um fio de azeite"" e ""uma pitada de sal"". Ela foca no romantismo. A ficha técnica usa gramaturas exatas, rendimento real e custo por porção. Ela foca na sua margem de lucro.
Card 3: A Libertação Operacional
Texto: Quem não tem ficha técnica não tem controle. Tem uma operação que é refém da memória, do humor e do ""olhômetro"" do funcionário.
Card 4: A Tríade da Lucratividade
Visual: Fundo escuro. O texto deve ser alinhado à esquerda, criando uma escadinha lógica visual.
Texto: Uma ficha técnica milimétrica garante o inegociável na sua operação:
1. O cliente recebe o mesmo padrão, independente de quem realize o preparo.
2. Seu estoque é blindado contra desvios e quebras.
3. O seu CMV deixa de ser uma surpresa e passa a ser controlado.
Card 5: CTA 
Visual: Minimalista. Apenas o logotipo da Full Gaz em branco sobre o fundo e o texto centralizado.
Texto: A Full Gaz estrutura operações de alta resiliênicia.
Texto Menor (Abaixo): Preencha a aplicação no link da bio para reservar o seu lugar na nossa consultoria.",,23/06/2026,terça-feira,18:00:00,Baixa,Junior,Finalizado,,
Checklist do Compliance LTV (Blindagem de Origem),Estático,LTV,"Visual: Arte em formato de documento técnico de engenharia logística, exibindo de forma limpa três caixas de seleção marcadas com selos de validação de qualidade na cor da marca.
Texto na Imagem: O Protocolo LTV de Blindagem Documental na Origem:
[x] Invoice e Packing List validados item por item na fábrica.
[x] Auditoria prévia de NCM e análise de exigências de órgãos anuentes (LI).
[x] Sincronização automatizada com os novos parâmetros do Portal Único.
Legenda: No ambiente de comércio internacional da LTV, as inconformidades e os riscos fiscais são mitigados e neutralizados ainda em território asiático, antes da carga entrar no navio. Quando o contêiner inicia a jornada marítima rumo ao Brasil, toda a estrutura processual e documental já passou pelos critérios de compliance que garantem um desembaraço rápido, previsível e sem sustos na alfândega.
",,23/06/2026,terça-feira,18:00:00,Baixa,Junior,Finalizado,,
6. Lucro Real,carrossel,HDG,"Card 1 (Capa / Gancho): Existe um regime tributário que cobra imposto zero quando a empresa tem prejuízo. A maioria das empresas tem medo dele. As maiores do Brasil adoram.
Card 2 (Dor): No Simples e no Lucro Presumido, o imposto incide sobre o faturamento  independentemente do que sobrou. Mês ruim, com margem apertada ou custo alto? O DAS ou o DARF vêm do mesmo jeito.
Card 3 (Dor): Para empresas com despesas operacionais altas  folha robusta, aluguel, insumos  pagar imposto sobre faturamento é uma distorção. Você tributa receita bruta, não riqueza gerada.
Card 4 (Virada): No Lucro Real, IRPJ e CSLL incidem apenas sobre o que foi efetivamente lucrado. Mês com prejuízo: imposto zero. Além disso, créditos de PIS e COFINS sobre insumos reduzem ainda mais a carga. Para o perfil certo, é o regime mais eficiente do sistema.
Card 5 (CTA): O melhor regime é o que faz sentido para os números da sua empresa  não para o mercado em geral. A Hedge faz a simulação comparativa para você. Link na bio.",,23/06/2026,terça-feira,18:00:00,Baixa,Viviane,Finalizado,,
#10 Noivo Quis Roupa de Ovelha_ Festa Vira Caos Total!,Video,Venturini,Corte podcast,,23/06/2026,terça-feira,,Baixa,Junior,Finalizado,,
"Roteiro 2: A Mente Organizada (A Base Profissional)
",Video,Full Gaz,,,24/06/2026,quarta-feira,18:00:00,alta,Junior,Finalizado,,
CARROSSEL 3  Qual jogador você é na barbearia?,carrossel,Suricato,,,24/06/2026,quarta-feira,18:00:00,alta,Junior,Finalizado,,
Roteiro,Roteiro,animales,,,24/06/2026,quarta-feira,,Baixa,Viviane,Finalizado,,
Post 4,Video,Mineiro,,,24/06/2026,quarta-feira,18:00:00,Baixa,Viviane,Finalizado,,
"7 - ""Prontos para o Passeio? (Combo Passeio)""",Video,Aline,,,24/06/2026,quarta-feira,18:00:00,Baixa,Viviane,Finalizado,,
O Paradoxo do Tamanho Empresarial,Estático,LTV,"imagem de uma grande infraestrutura portuária industrial conectada a uma marcação gráfica de precisão de volumes menores, demonstrando flexibilidade de escala.
Texto na Imagem: ""A minha empresa ainda não tem o porte necessário para realizar importações estruturadas."" (A barreira de entrada derrubada pela Engenharia LTV).
Legenda: O mercado tradicional passou anos alimentando o mito de que o Comércio Exterior exigia investimentos financeiros astronômicos em ativos logísticos. Através do desenvolvimento da nossa infraestrutura de Carga Compartilhada Premium, a LTV adaptou a escala das compras globais à exata realidade do orçamento operacional do seu negócio, viabilizando o acesso direto às fábricas internacionais com alta previsibilidade e proteção jurídica.
",,24/06/2026,quarta-feira,18:00:00,Baixa,Viviane,Finalizado,,
O Perigo da Madeira (Alerta MAPA),Estático,Comexblog,"Visual: Foto macro em alta definição focada em um palete de madeira bruta sustentando caixas de papelão, dando zoom no carimbo internacional gravado na madeira (Selo IPPC).
Texto na Imagem: O detalhe na embalagem de madeira que pode forçar a sua carga a voltar para a Ásia.
Legenda: Você fez o planejamento tributário, pagou os impostos e o navio chegou no porto perfeitamente. No entanto, a sua carga foi bloqueada pelo Ministério da Agricultura (MAPA). O motivo? As caixas vieram apoiadas sobre paletes de madeira bruta que não passaram pelo processo de tratamento exigido por lei. Toda embalagem ou suporte de madeira rústica na importação precisa conter o carimbo internacional de fumigação (IPPC) para atestar que não há presença de pragas. A ausência desse pequeno detalhe resulta na proibição de entrada da carga e na obrigação de devolvê-la imediatamente à origem, com custos inteiramente por conta do importador.
",,24/06/2026,quarta-feira,18:00:00,Baixa,Viviane,Finalizado,,
Post,Estático,animales,,,24/06/2026,quarta-feira,18:00:00,Baixa,Viviane,Finalizado,,
Post,Estático,Hip,,,24/06/2026,quarta-feira,18:00:00,Baixa,Viviane,Finalizado,,
Vídeo 4 (Pilar 2: Desespero),Video,Renan,"[GANCHO]: (3s) O desespero bate e você acha que a solução é ir até a delegacia discutir com o delegado para soltar o preso.
[CORPO]: Se grito resolvesse problema jurídico, não precisava de juiz. Fazer barraco na delegacia só vai render uma acusação por desacato. Nos primeiros 10 minutos de uma prisão em flagrante, a única coisa que importa é blindar o preso. O preso precisa ser instruído imediatamente a ficar em silêncio absoluto. O que for dito ali, no calor da emoção e do medo, é o que o promotor vai usar no dia seguinte na audiência de custódia para pedir a prisão preventiva dele. O silêncio é a primeira grande estratégia de defesa que o sistema te dá de graça.
[CTA]: Não piore a situação de quem você ama. Siga o perfil para saber agir no momento de crise.
[DIREÇÃO VISUAL]: Vídeo mais denso, Dr. Renan falando pausadamente para passar tranquilidade. Tons escuros, color grading com contraste alto.",,25/06/2026,quinta-feira,18:00:00,alta,Junior,Finalizado,,
agenda da semana,Video,Venturini,,,25/06/2026,quinta-feira,,alta,Viviane,Finalizado,,
4 - Estoque é Cofre,carrossel,Full Gaz,"Card 1: O Gancho (Capa)
Texto Principal: Você deixaria a porta do seu cofre aberta?
Texto Secundário (Abaixo, em itálico): Então por que você não controla o seu estoque?
Card 2: O Ralo Invisível
Texto: Compras mal feitas e falta de organização não são apenas ""problemas operacionais"". São dinheiro imobilizado, parado (apodrecendo) nas suas prateleiras.
Card 3: O Diagnóstico
Texto: Muitos restaurantes sangram o próprio caixa comprando por impulso ou baseados no ""olhômetro"" da equipe. O lucro que você procura para fechar a conta do mês muitas vezes está no desperdício que você ignora.
Card 4: A Estruturação
Texto: A gestão de compras, estoque e armazenamento é a espinha dorsal de um negócio verdadeiramente rentável. Não por acaso, este é o serviço de maior impacto e o carro-chefe da nossa consultoria. Sem esse controle, o seu CMV é apenas uma ilusão.
Card 5: CTA (A Conversão)
Texto: A Full Gaz estrutura a sua gestão para que o seu estoque seja blindado e a sua margem de lucro seja real.
Texto Menor (Abaixo): Acesse o link da bio e aplique-se para uma das nossas vagas de consultoria.",,25/06/2026,quinta-feira,18:00:00,Baixa,Junior,Finalizado,,
Reels 011 - Você escolheu frete aéreo,Video,Comexblog,"Escolher modal errado destrói margem sem você perceber. ✈️🚢

Tem produto que faz sentido no aéreo.
Tem produto que só funciona no marítimo.

Quem escolhe sem estratégia fica sem estoque ou sem lucro.

Frete não é detalhe logístico.
É decisão financeira.

#FreteAéreo #FreteMarítimo #Importação #China #Logística #Marketplace #MercadoLivre #Ecommerce

",,25/06/2026,quinta-feira,18:00:00,alta,Junior,Finalizado,,
2. Recuperação Tributária,carrossel,HDG,"Card 1 (Capa / Gancho): Existe uma conta bancária que provavelmente tem dinheiro seu guardado. Ela não rende juros. E a cada mês que passa, parte desse saldo desaparece para sempre.
Card 2 (Dor): O sistema tributário brasileiro tem mais de 90 obrigações acessórias e alíquotas que mudam por setor, produto e regime. Erros de cálculo e de classificação são a regra  não a exceção. Estima-se que 9 em cada 10 empresas pagam mais do que deveriam.
Card 3 (Dor): O prazo para recuperar o que foi pago indevidamente é de 5 anos. Todo mês fechado sem auditoria é um mês prescrito. O dinheiro não volta mais.
Card 4 (Virada): A Recuperação Tributária é uma auditoria que rastreia tudo que foi pago a mais. Se não encontrar crédito, você não deve nada. Se encontrar, o valor volta para o seu caixa  em dinheiro ou abatimento de guias futuras.
Card 5 (CTA): Qual foi o seu faturamento nos últimos 12 meses? Esse número define o potencial de recuperação da sua empresa. Clique no link da bio e peça sua avaliação gratuita.
",,25/06/2026,quinta-feira,18:00:00,Baixa,Junior,Finalizado,,
Post,Estático,Hip,,,25/06/2026,quinta-feira,18:00:00,Baixa,Viviane,Finalizado,,
Post,Estático,animales,,,25/06/2026,quinta-feira,18:00:00,Baixa,Viviane,Finalizado,,
Criar roteiro 3 estático e 3 carroseis,Roteiro,Venturini,lançar na planilha,,26/06/2026,sexta-feira,,Baixa,Junior,Finalizado,https://docs.google.com/document/d/18Hq3ldIzLtLPSs7jN2N6e45Gh-eyncXxh9l21_U_88E/edit?tab=t.0#heading=h.7x30tw8kh9th,
Criar roteiro 8 carrosseis e 8 estáticos,Roteiro,LTV,lançar na planilha,,26/06/2026,sexta-feira,,Baixa,Junior,Finalizado,,
Criar roteiro 8 carrosseis e 8 estáticos,Roteiro,Comexblog,lançar na planilha,,26/06/2026,sexta-feira,,Baixa,Junior,Finalizado,,
3. 03_invest_importacao_es_alagoas_sc,Blog,HDG,"---
title: ""Implementar a Reforma Tributária: as 5 frentes que sua empresa precisa atacar antes de janeiro de 2027""
meta_description: ""Saber o que muda na Reforma Tributária não basta. Veja o passo a passo real de um projeto de implementação: sistemas, fornecedores, precificação, treinamento de equipes e o prazo de setembro de 2026 que pode definir sua competitividade.""
keywords: implementação da reforma tributária, como implementar reforma tributária, projeto reforma tributária empresa, cClassTrib, regime híbrido simples nacional, split payment, precificação reforma tributária, fornecedor simples nacional crédito, consultoria reforma tributária
author: Igor Izoton — Hedge Tax
focus_keyword: implementação da reforma tributária
---

# Implementar a Reforma Tributária: as 5 frentes que sua empresa precisa atacar antes de janeiro de 2027

Toda apresentação que faço sobre Reforma Tributária termina com a mesma pergunta, feita de jeitos diferentes:

> ""Já existe ferramenta, legislação e regulamentação suficiente para a gente planejar e implementar a Reforma de verdade — ou ainda é cedo?""

A resposta é sim, já existe. Temos a Emenda Constitucional 132/2023, a Lei Complementar 214/2025, regulamento publicado e centenas de instruções normativas e portarias da Receita Federal. As regras-chave estão postas. Vai haver ajuste pelo caminho? Vai. Mas quem espera ""tudo ficar pronto"" para começar vai descobrir que o prazo dele acabou em 1º de janeiro de 2027 — quando o PIS/COFINS deixa de existir e a CBS entra integralmente.

A questão real não é mais ""o que muda"" (já escrevi sobre isso [aqui](#)). É **o que a sua empresa precisa fazer, em que ordem, e até quando**. Um projeto sério de implementação da Reforma Tributária tem cinco frentes. Vou abrir cada uma, do jeito que a gente executa nos clientes.

## Antes de tudo: por que isso não é um problema só do fiscal

A Reforma é estrutural demais para ficar trancada no departamento tributário. Ela mexe em sistemas, em compras, em precificação, em logística e no time comercial. Por isso um projeto de implementação começa com uma **reunião de kickoff** que junta os times: contábil, fiscal, gerência, financeiro. Define-se líder de projeto, quem interage com quem, cronograma e prioridades.

Hoje, todo mundo — empresário, departamento fiscal, contador, advogado — está trocando o pneu do carro com o carro em movimento. A diferença entre as empresas que vão atravessar bem a transição e as que vão sofrer está em transformar esse caos em método. As cinco frentes abaixo são o método.

## Frente 1 — Adequação técnica: garantir que sua empresa consegue faturar em 2027

Parece básico, mas é o ponto mais urgente: **em 1º de janeiro de 2027, sua empresa precisa conseguir emitir nota fiscal e faturar sob as novas regras.** Sem isso, nenhuma discussão sofisticada de planejamento importa.

A adequação técnica significa olhar todas as operações do cliente — entradas e saídas — e parametrizar corretamente cada uma:

- **cClassTrib** (código de classificação tributária, novo campo da NF-e) para cada operação;
- **Novos CSTs de IBS/CBS**;
- **CINDOP** (código indicador de operação — que define se a operação gera ou não crédito);
- Layout atualizado de NF-e/NFS-e e obrigações acessórias (SPED/EFD).

Errar a parametrização tem duas consequências diretas. Na saída, tributar errado. Na entrada, **deixar de creditar uma despesa que seria creditável** — dinheiro deixado na mesa todo mês, silenciosamente.

E há os tratamentos especiais: reduções de alíquota, imunidades, receitas não tributadas. Cada um desses casos exige apontamento específico nas obrigações acessórias. Quem não trata corretamente perde o benefício na prática, mesmo tendo direito a ele na lei.

2026 é o ano de teste justamente para isso. Quem chega em dezembro sem os destaques de IBS/CBS rodando redondos no sistema vai virar o ano apagando incêndio.

## Frente 2 — Entradas: seus fornecedores valem mais (ou menos) do que você pensa

Uns 80% do conteúdo que circula por aí sobre Reforma trata das compras. Tem motivo: a mudança mais profunda do novo sistema é o **crédito financeiro integral**. Acaba a lógica do crédito físico do ICMS e a discussão de ""conceito de insumo"" do PIS/COFINS. Regra nova: tudo que o seu fornecedor pagou de imposto na operação vira crédito para você, salvo exceções pontuais (como bens de uso pessoal de sócios).

Só que crédito integral muda o valor relativo de cada fornecedor. O primeiro dever de casa é **mapear toda a base de fornecedores e classificá-la**: quem é do Simples Nacional, quem é do Lucro Presumido, quem é do Lucro Real. O tratamento de crédito é diferente para cada um — e o fornecedor do Simples, no modelo padrão, transfere ao comprador apenas o crédito limitado ao que efetivamente recolheu dentro do DAS.

A conta que o seu time de compras vai precisar fazer não é ""qual o menor preço"", e sim **qual o menor resultado líquido da compra**: preço menos o crédito que aquela nota gera. Um fornecedor do Lucro Real com preço 8% maior pode ser mais barato que um fornecedor do Simples mais ""em conta"", dependendo do crédito.

### O prazo que está passando despercebido: setembro de 2026

Aqui entra uma data que muita empresa do Simples — e muito comprador de empresa do Simples — ainda não registrou. A Resolução CGSN nº 186/2026 definiu que a opção pelo chamado **regime híbrido** (a empresa permanece no Simples, mas recolhe IBS e CBS ""por fora"", pelo regime regular, transferindo crédito integral aos clientes) deve ser formalizada **entre 1º e 30 de setembro de 2026**, com efeitos a partir de 1º de janeiro de 2027. A desistência é possível até o fim de novembro de 2026; depois disso, a escolha é irretratável para o semestre. Quem não optar segue no modelo padrão, com IBS/CBS dentro do DAS — e crédito limitado para o cliente.

Grandes indústrias já entenderam isso e estão fazendo eventos para os próprios fornecedores, fomentando que os do Simples avaliem o híbrido. O fornecedor B2B do Simples que ficar parado pode simplesmente perder competitividade — e perder cliente — a partir de 2027.

### Split payment: o imposto sai do seu caixa antes

Outro ponto da frente de entradas que afeta diretamente o financeiro: o **split payment**. Hoje, o dinheiro da venda entra no caixa, gira, e o imposto é pago no mês seguinte. No novo modelo, parte do imposto é retida na própria liquidação financeira da operação. Isso muda a projeção de desembolso e o capital de giro. Empresa que opera com caixa apertado precisa simular esse efeito agora, não em 2027.

## Frente 3 — Saídas: dois sistemas ao mesmo tempo até 2032

Na ponta da venda, muda a regra de origem para destino, mudam alíquotas com IBS/CBS — e, principalmente, **sua empresa vai conviver com dois sistemas de apuração simultâneos**. Em 2027 acaba o PIS/COFINS e entra a CBS, mas o ICMS segue até 2032, com a transição gradual para o IBS começando em 2029. São duas apurações, duas lógicas, rodando em paralelo por anos.

O trabalho aqui é o que chamamos de análise **as-is vs. to-be**: como a sua operação é tributada hoje versus como será em 2027, 2028, e em cada degrau da transição até 2033. O resultado é uma resposta objetiva: quanto você vai pagar de CBS, quanto vai ter de crédito, e se a conta fecha acima ou abaixo do que você paga hoje de PIS/COFINS.

- Se for **mais**, isso precisa entrar no seu preço — senão você opera no prejuízo sem perceber.
- Se for **menos**, você decide: repassa e ganha mercado, ou segura e ganha margem.

## Frente 4 — Precificação: a diferença entre sobreviver e prosperar

Precificação tributária merece frente própria porque é onde a Reforma decide quem fica vivo. Com mudança de alíquotas, crédito integral, produtos com redução de alíquota, imunidades e regimes diferenciados convivendo na mesma carteira, **precificar errado em 2027 não é perder margem — é poder operar deficitário em escala**.

Cada produto e serviço tem suas variáveis: alíquota cheia ou reduzida, imunidade, perfil de crédito dos insumos, mix B2B/B2C (o cliente PJ valoriza seu crédito; o consumidor final não). A precificação correta cruza tudo isso, período a período da transição.

E há o lado ofensivo: um vendedor que entende a Reforma vende mais. Exemplo real: sua empresa é do Lucro Real, o concorrente é do Simples padrão. Seu preço nominal é maior — mas você transfere crédito integral ao cliente PJ. ""Meu preço é maior, só que eu te dou o crédito cheio de IBS/CBS. Você já fez essa conta?"" Esse argumento fecha negócio. Mas só existe se o comercial for treinado para usá-lo.

## Frente 5 — Treinamento e planejamento permanente: o papel sozinho não implementa nada

Um estudo bonito em PDF não muda o comportamento de quem compra e de quem vende todo dia. Por isso a última frente é gente:

- **Time de compras:** treinado para distinguir fornecedor do Simples, do híbrido, do Presumido e do Real — com planilhas automáticas para simular o resultado líquido da compra em tempo real, sem precisar ligar para o fiscal a cada cotação.
- **Time comercial:** treinado para reprecificar em campo e usar o crédito como argumento de venda. Situações atípicas vão existir e exigem consulta; o dia a dia, não.
- **Time de TI:** ninguém de fora deve programar o sistema do cliente, mas o time interno precisa receber todos os apontamentos técnicos (códigos, parametrizações, layouts) mastigados para executar.

E o trabalho não termina na entrega. As regras-chave estão postas, mas instruções normativas e portarias continuam saindo. Operamos com monitoramento contínuo: a operação do cliente (NCMs comercializados e adquiridos, perfil das operações) é cruzada com cada norma nova publicada — e quando algo impacta aquele cliente específico, o consultor analisa e age. Reunião mensal de fechamento, revisão dos impostos e do planejamento.

Tem ainda a camada estratégica de longo prazo: **os incentivos fiscais de ICMS acabam em 2033**. Empresa que montou fábrica em Minas, no Sergipe ou no Ceará por causa de benefício estadual precisa se perguntar desde já se aquela logística continua fazendo sentido no mundo do IBS no destino. Em muitos casos, a resposta vai redesenhar a operação.

## Resumo: o cronograma de quem leva a sério

| Frente | O que entrega | Prazo crítico |
|---|---|---|
| Adequação técnica | Sistemas parametrizados (cClassTrib, CST IBS/CBS, CINDOP), empresa faturando em 2027 | 31/12/2026 |
| Entradas | Base de fornecedores mapeada (Simples / híbrido / Presumido / Real), simulador de resultado líquido da compra | Decisão de fornecedores do Simples: **set/2026** |
| Saídas | Apuração as-is vs. to-be em cada ano da transição (2027–2033) | Antes de fechar preços de 2027 |
| Precificação | Preço recalculado por produto/serviço, considerando crédito, alíquotas e mix de clientes | Antes de 01/01/2027 |
| Pessoas e permanência | Compras, comercial e TI treinados + monitoramento legislativo contínuo | Permanente |

## O ponto

A Reforma Tributária vai ser difícil para todo mundo — fisco, contador, advogado, empresário. A diferença não vai estar em quem sofre menos, e sim em quem se preparou em método: sistema rodando, fornecedor mapeado, preço recalculado e time treinado antes de janeiro de 2027. O papel não implementa a Reforma. Quem implementa é a sua equipe — bem assessorada e com a conta feita.

---

**Sobre a Hedge Tax.** Somos uma consultoria tributária boutique com sede em Vila Velha (ES), reconhecida como uma das principais referências em consultoria de implementação e adaptação à Reforma Tributária no Espírito Santo, com atuação em todo o país. Nosso time tem passagem por Deloitte, ArcelorMittal e Vale S.A. Conduzimos projetos completos de implementação — da parametrização técnica dos sistemas ao treinamento dos times de compras e comercial, com acompanhamento mensal permanente e área dedicada de precificação tributária. Se a sua empresa ainda não sabe quanto vai pagar de CBS em 2027, fale com a gente: **hedgeconsultoria.com**.

Fale comigo diretamente pelo WhatsApp nesse link:
https://api.whatsapp.com/send/?phone=5527999614664

Igor Izoton
CEO, Hedge Tax
+55 27 99961-4664
igor@hedgeconsultoria.com

---

*Este conteúdo tem caráter informativo e não constitui consultoria tributária individualizada. O impacto da Reforma Tributária depende da operação, do regime tributário, do mix de produtos e da base de fornecedores de cada empresa — a análise correta exige simulação com dados reais. As regras, prazos e percentuais citados baseiam-se na legislação vigente (EC 132/2023, LC 214/2025, Resolução CGSN nº 186/2026) e estão sujeitos a alteração.*
",,26/06/2026,sexta-feira,21:00:00,alta,Junior,Finalizado,,
Roteiro 7: Qualidade e Identidade (Manifesto),Video,Mineiro,"Objetivo: Foco no processo artístico, cuidado aos detalhes e personalização.
Áudio Sugerido: Locução em Voiceover (áudio gravado por cima).
Cena 1:
Visual: Colando o decalque na pele.
Locução: ""A pior coisa é fazer uma tattoo e se arrepender depois.""
Cena 2:
Visual: Preparando os equipamentos na bancada.
Locução: ""Por isso aqui eu não faço só tatuagem. Eu crio algo que combine com você, com teu estilo e que faça sentido daqui a muitos anos.""
Cena 3:
Visual: Tatuando (foco nos detalhes e traços).
Locução: ""Cada detalhe importa. Traço, encaixe, acabamento… tudo.""
Cena 4:
Visual: Mineiro levanta a cabeça e olha para a câmera enquanto tatua.
Locução: ""Tattoo boa não é só desenho bonito… é identidade.""
Cena 5:
Visual: Take bonito da tatuagem finalizada.
Locução: ""Tá esperando o quê? Manda um direct, bora marcar a sua.""
",,26/06/2026,sexta-feira,18:00:00,alta,Junior,Finalizado,,
2 - Julgamento CARF,Video,HDG,"HOOK (O Gancho) ""Sabe aquele consultor milagreiro que prometeu zerar os impostos da sua empresa usando Título da Dívida Pública? Ele acabou de colocar a sua casa na mira da Receita Federal.""
""O CARF julgou agora em março um caso assustador. Uma empresa do Simples Nacional caiu nessa exata conversa. O resultado? Um rombo de mais de um milhão e meio de reais, exclusão do Simples com data retroativa e o pior de tudo: a conta foi direto para o CPF dos administradores.""
""E não adiantou dar uma de vítima e dizer que foi enganado pela consultoria. A lei é clara: quem assina, responde. Teve até uma ex-sócia que rodou junto e ficou com os bens travados, simplesmente porque a defesa processual esqueceu de avisar que ela já tinha saído da empresa. Um erro amador.""
""Fórmula mágica para pagar menos imposto não existe. O que existe é inteligência jurídica, análise técnica e estratégia segura. Quer proteger o patrimônio da sua família e revisar seus impostos sem cair em armadilha? O link da Hedge Consultoria está na bio. Fale com quem resolve de verdade.""
","Legenda: Milagre tributário custa caro. 💸🚨
O CARF acabou de manter uma autuação de R$ 1,6 milhão contra uma empresa que tentou extinguir impostos do Simples Nacional usando Títulos da Dívida Pública. O resultado? Exclusão do regime e responsabilização direta no CPF dos sócios.
A Receita não perdoa o uso de ""atalhos"" oferecidos por consultores aventureiros. E um erro na defesa pode comprometer até quem já saiu do quadro societário.
Não coloque o patrimônio da sua família em risco. Na Hedge Consultoria, entregamos inteligência tributária com base legal sólida e segurança real.
📲 Clique no link da bio e faça uma revisão segura com nossos especialistas.
",26/06/2026,sexta-feira,,alta,Junior,Finalizado,https://www.instagram.com/p/DYxmBuIFg8t/?igsh=YnJkaTBrcXB5cngy,
4. 04_exclusao_difal_base_pis_cofins,Blog,HDG,"---
title: ""Exclusão do DIFAL da base de PIS/COFINS: dinheiro de volta no caixa, sem processo""
meta_description: ""Empresas no Lucro Real que vendem a consumidor final pagam PIS/COFINS sobre o DIFAL — e não deveriam. Como recuperar os últimos 5 anos pela via administrativa, com base na lógica da tese do século.""
keywords: exclusão DIFAL base PIS COFINS, recuperação de créditos PIS COFINS, tese do século desdobramento, DIFAL Lucro Real, recuperação administrativa tributária, crédito PIS COFINS DIFAL, restituição tributária
author: Igor Izoton — Hedge Tax
focus_keyword: exclusão DIFAL base PIS COFINS
---

# Exclusão do DIFAL da base de PIS/COFINS: dinheiro de volta no caixa, sem processo

No fim de uma reunião sobre importação, joguei um tema solto na mesa, quase de passagem. A reação do cliente foi imediata:

> ""Isso aí coloca dinheiro de volta no caixa? Como assim? A gente nunca olhou pra isso.""

O tema era a exclusão do DIFAL da base de cálculo do PIS e da COFINS. É uma tese discreta, que não vira manchete, mas que devolve caixa para empresas no Lucro Real que vendem a consumidor final — e a maioria nunca calculou que está pagando contribuição sobre um imposto que nem é receita dela.

## De onde vem a tese: o desdobramento da ""tese do século""

Em 2017, o STF decidiu que o ICMS não compõe a base de cálculo do PIS e da COFINS (a ""tese do século"", RE 574.706). A lógica: ICMS é imposto que a empresa só repassa ao estado, não é faturamento dela. Cobrar PIS/COFINS sobre ele seria tributar receita que não existe.

Essa lógica não morreu no ICMS ""normal"". Ela se espalhou para outras parcelas que também não são receita da empresa. Uma delas é o **DIFAL** — o diferencial de alíquota de ICMS pago nas vendas interestaduais a consumidor final.

O DIFAL é ICMS. Se o ICMS não entra na base do PIS/COFINS, o DIFAL — que é uma fração do mesmo imposto — também não deveria entrar. É o mesmo raciocínio aplicado a uma parcela específica. A Receita Federal, em solução de consulta, reconheceu a exclusão do DIFAL da base nessas operações para contribuintes no Lucro Real.

## Quem tem esse crédito (e provavelmente não sabe)

O perfil é específico:

- Empresa no **Lucro Real** (regime não cumulativo de PIS/COFINS).
- Que faz **vendas interestaduais a consumidor final** — e portanto recolhe DIFAL.
- Setores típicos: importadores, distribuidores, e-commerce, atacado que vende para fora do estado, indústria com venda direta.

Se a empresa recolhe DIFAL e está no Lucro Real, há uma boa chance de ter incluído esse DIFAL na base do PIS/COFINS por anos — pagando contribuição a mais sobre algo que não é receita.

## ""Isso vira processo? Vou ter que brigar na Justiça?"" — não necessariamente

A objeção que sempre aparece: tese tributária dá imagem de ação judicial longa, risco, anos de espera.

Aqui está o diferencial: por se apoiar na lógica já pacificada da tese do século e no reconhecimento administrativo da exclusão, o caminho pode ser feito pela **via administrativa** — revisão da apuração, retificação das obrigações acessórias e habilitação do crédito para compensação com tributos federais. Sem ajuizar, sem esperar trânsito em julgado de uma ação nova.

O crédito apurado é usado para **compensar** débitos federais correntes (a própria PIS/COFINS, IRPJ, CSLL, contribuições previdenciárias, conforme o caso). Na prática, vira menos imposto a pagar nos meses seguintes — caixa de volta.

## Quanto tempo dá para recuperar

O prazo de recuperação retroage **5 anos**. A empresa revisa as apurações desse período, identifica quanto de DIFAL foi indevidamente incluído na base, e apura o indébito. Quanto maior o volume de vendas interestaduais a consumidor final, maior o montante.

Some-se a isso a correção pela Selic sobre os valores a recuperar, o que aumenta o crédito final.

## Por que isso passa despercebido

Três motivos fazem essa tese ficar invisível:

1. **O valor por operação é pequeno.** O DIFAL de uma venda isolada é uma fração. Mas multiplicado por todas as vendas interestaduais de 5 anos, o acumulado é relevante.
2. **A contabilidade não foi instruída a separar.** O sistema joga o DIFAL na base do PIS/COFINS por padrão. Sem alguém olhando especificamente, ninguém percebe.
3. **Confunde-se com a tese do ICMS ""principal"".** Muitas empresas já excluíram o ICMS da base após 2017, mas não estenderam o raciocínio ao DIFAL — que é uma parcela separada na apuração.

## As variáveis que decidem o tamanho do crédito

Não é um número fixo. O que define o montante:

- **Volume de vendas interestaduais a consumidor final** nos últimos 5 anos.
- **Regime de apuração** (a tese é para o Lucro Real / não cumulativo).
- **Como o DIFAL foi escriturado** — é preciso reconstruir a apuração para isolar o que foi indevidamente incluído.
- **Compensações já realizadas** e situação fiscal da empresa (regularidade para habilitar o crédito).

## A camada da Reforma Tributária

Há um relógio correndo. O PIS e a COFINS serão **extintos em 01/01/2027**, substituídos pela CBS (EC 132/2023, LC 214/2025). O DIFAL de ICMS, por sua vez, segue na transição do ICMS até 2033.

O ponto: o **direito ao crédito dos últimos 5 anos não desaparece** com a extinção do PIS/COFINS — indébito já constituído continua recuperável. Mas a janela de apuração de novos valores sob o regime atual está se fechando. Quanto antes a revisão for feita, mais períodos sob a sistemática de PIS/COFINS entram na conta. Esperar 2027 significa olhar para trás com o tributo já extinto e um corte temporal mais curto.

## Tabela-resumo

| Item | Como funciona |
|---|---|
| Origem | Lógica da tese do século (STF, RE 574.706) aplicada ao DIFAL |
| Quem tem | Lucro Real + vendas interestaduais a consumidor final |
| Via | Administrativa (revisão de apuração + compensação) |
| Período recuperável | Últimos 5 anos + Selic |
| Uso do crédito | Compensação com tributos federais |
| Reforma | PIS/COFINS extintos em 2027; crédito pretérito permanece |

## O ponto

Tem empresa pagando PIS e COFINS há anos sobre um imposto que ela só repassa ao estado. Não é sonegação de ninguém — é o sistema rodando no automático e ninguém olhando. A tese do século abriu a porta; o DIFAL é um dos cômodos que quase ninguém visitou. Caixa que já é seu, esperando alguém fazer a conta.

**Sobre a Hedge Tax.** Somos uma consultoria tributária boutique com sede em Vila Velha (ES), reconhecida como uma das principais referências em recuperação de créditos de PIS/COFINS no Espírito Santo, com atuação em todo o país. Nosso time tem passagem por Deloitte, ArcelorMittal e Vale S.A. Fazemos a revisão dos últimos 5 anos, isolamos o DIFAL indevidamente incluído na base e conduzimos a recuperação pela via administrativa, com remuneração majoritariamente atrelada ao êxito. Se a sua empresa está no Lucro Real e vende para fora do estado, fale com a gente: **hedgeconsultoria.com**.

Fale comigo diretamente pelo WhatsApp nesse link:
https://api.whatsapp.com/send/?phone=5527999614664

Igor Izoton
CEO, Hedge Tax
+55 27 99961-4664
igor@hedgeconsultoria.com

*Este conteúdo tem caráter informativo e não constitui consultoria tributária individualizada. A existência e o tamanho do crédito dependem do regime, do volume de operações e da escrituração de cada empresa, exigindo análise específica. As regras citadas baseiam-se na legislação e jurisprudência vigentes (STF RE 574.706, soluções de consulta da Receita Federal, EC 132/2023, LC 214/2025) e estão sujeitas a alteração.*
",,26/06/2026,sexta-feira,22:00:00,Baixa,Junior,Finalizado,,
5. 05_recuperacao_creditos_supermercado,Blog,HDG,"---
title: ""Seu supermercado paga PIS/COFINS sobre produto que é alíquota zero (e dá pra reaver 5 anos)""
meta_description: ""Auditoria de 100% das notas dos últimos 5 anos encontra crédito de PIS/COFINS não aproveitado em supermercados e atacado: monofásico tributado, alíquota zero na venda, ST na base. Caso real de R$ 332 mil.""
keywords: recuperação PIS COFINS supermercado, produto monofásico tributado, alíquota zero PIS COFINS, ST base PIS COFINS, auditoria fiscal supermercado, crédito tributário atacado, recuperação créditos federais varejo
author: Igor Izoton — Hedge Tax
focus_keyword: recuperação PIS COFINS supermercado
---

# Seu supermercado paga PIS/COFINS sobre produto que é alíquota zero (e dá pra reaver 5 anos)

Numa reunião com o dono de uma rede de seis lojas, um cara que faz a própria conferência fiscal e cruza XML com a contabilidade todo dia, ele resumiu a complexidade do setor melhor do que qualquer técnico:

> ""Isso aqui é uma colcha de retalhos. O que era um código tributário hoje, amanhã é outro. Cada produto é classificado de um jeito. De vez em quando escapa alguma coisa.""

Escapa mesmo. E não é por incompetência da contabilidade. É porque um supermercado movimenta milhares de NCMs, cada um com tratamento próprio de PIS/COFINS, mudando o tempo todo. Quando se audita 100% das notas dos últimos 5 anos, sempre aparece dinheiro deixado para trás. Num caso real, foram **R$ 332 mil** de crédito de PIS/COFINS não aproveitado em uma única rede.

## Por que o varejo alimentar erra PIS/COFINS sem querer

O PIS e a COFINS no supermercado não são uma alíquota só. Cada produto entra numa de três caixas:

- **Tributação normal** (não cumulativo no Lucro Real): gera crédito na entrada, débito na saída.
- **Monofásico:** o tributo foi recolhido lá na indústria/importador. O supermercado **não** deve tributar de novo na venda (alíquota zero na saída). Exemplos clássicos: bebidas, produtos de higiene, autopeças, alguns alimentos.
- **Alíquota zero / suspensão:** produtos da cesta básica e outros com desoneração legal. Não incide PIS/COFINS na venda.

O erro acontece nas transições. Um produto monofásico ou de alíquota zero que, por classificação errada no sistema, **é tributado na venda** — o supermercado paga PIS/COFINS que não devia. Ou uma nota de entrada de um produto que **dá direito a crédito** e não foi creditada. Multiplicado por milhares de itens e 60 meses, o acumulado é relevante.

## O método: auditoria de 100% das notas, não amostragem

A diferença entre ""dar uma olhada"" e recuperar de verdade está aqui. O trabalho não é tese, não é interpretação ousada — é **auditoria de 100% dos lançamentos** dos últimos 5 anos.

Na prática: o supermercado compartilha os arquivos XML de todas as notas de compra e de venda. Volta-se, por exemplo, a agosto de 2020, e analisa-se cada nota: quais NCMs compõem aquela nota, qual a tributação correta de cada produto, e como a contabilidade tratou aquilo na entrada e na saída. Produto a produto, nota a nota.

É o equivalente fiscal do inventário cego de loja: uma máquina conta a gôndola, outra recontagem confronta, e onde não bate, alguém errou. Aqui o que se confronta é a tributação aplicada contra a tributação devida.

## ""Mas minha contabilidade já confere isso"" — e ainda escapa

A objeção mais honesta veio justamente do empresário mais cuidadoso, que mantém departamento fiscal interno e escritório externo cruzando os mesmos arquivos. Mesmo assim, escapa.

Por quê? Porque a rotina da contabilidade é fechar o mês: apurar crédito, apurar débito, recolher. Ninguém tem tempo de voltar 5 anos e reanalisar produto a produto cada classificação que mudou no caminho. A auditoria retroativa é um trabalho de natureza diferente do fechamento mensal — é arqueologia fiscal, não rotina. Por isso aparece crédito mesmo nas operações bem geridas. Nas mal geridas, aparece muito mais.

E aqui vale a franqueza: numa rede que já faz conferência diária e cruzamento de XML, o achado tende a ser menor. Numa rede que confia cegamente na contabilidade e não tem esse olhar — a maioria —, o achado costuma passar de **R$ 1 milhão** dependendo do porte.

## O bônus que virou padrão: exclusão da ST da base de PIS/COFINS

Além dos erros de lançamento, há uma oportunidade que entrou no radar e costuma ter valores altos: a **exclusão do ICMS-Substituição Tributária (ST) da base de cálculo do PIS e da COFINS**.

É um desdobramento da tese do século (exclusão do ICMS da base). O STJ pacificou a exclusão da ST em **fevereiro de 2024**, em recurso repetitivo. O ponto forte para quem é conservador: **não vai ao STF** — morreu no STJ, transitou em julgado, e tanto a Receita Federal quanto a PGFN já editaram atos reconhecendo o direito.

Para um supermercado onde 25% a 30% do faturamento é mercadoria em ST, excluir essa parcela da base de PIS/COFINS representa um valor expressivo. É crédito sobre algo que nunca foi receita da loja.

## ""Não quero liminar, não quero risco"" — e não precisa

Um varejista experiente que já se queimou tem horror a milagre. A fala que ouvi resume o setor: *""Não aceito liminar. Já vi gente entrar com pedido administrativo, a Receita depositar em 48 horas, e um mês depois vir a cobrança de volta com 115% de multa.""*

Está coberto de razão, e o desenho do trabalho respeita isso:

- Os créditos de **erro de lançamento** (monofásico tributado, crédito não aproveitado) não são tese nem processo — são correção de algo que a própria lei já determina. Recuperação administrativa direta.
- A **ST na base**, por já estar transitada em julgado e reconhecida por RFB/PGFN, pode ser conduzida pela via mais segura. Quando se opta pelo caminho judicial, o mandado de segurança é frequentemente **mais seguro** que a ação comum: não há sucumbência (se perder, não paga honorários à parte contrária), e não significa usar liminar — o crédito só é aproveitado **após o trânsito em julgado**.

Sem liminar, sem aproveitar crédito antes da hora, sem o risco de devolução com multa. É a diferença entre estruturar e aventurar.

## Como funciona o engajamento (e por que é sem risco)

O desenho protege o empresário:

1. Assina-se um **termo de confidencialidade** garantindo o sigilo das informações contábeis.
2. A auditoria dos 5 anos é feita **sem custo e sem compromisso**.
3. Entrega-se um relatório detalhado: o que foi identificado, de onde vem cada crédito, quanto é.
4. O empresário decide, com o número na mão e junto da própria contabilidade, se segue ou não.
5. A remuneração é **por êxito** — percentual sobre o crédito efetivamente monetizado.

Se o cliente vê o relatório e decide não seguir, não pagou nada. O crédito recuperado é usado para compensar tributos federais correntes (PIS/COFINS, IRPJ, CSLL, INSS patronal).

## A camada da Reforma Tributária

PIS e COFINS serão **extintos em 01/01/2027**, substituídos pela CBS (EC 132/2023, LC 214/2025). Isso cria urgência dupla:

- O **crédito dos últimos 5 anos** sob a sistemática atual não desaparece com a extinção, mas a janela de períodos auditáveis sob PIS/COFINS encolhe a cada mês. Auditar agora captura o máximo de períodos.
- A lógica monofásica/alíquota zero **muda** na CBS. O mapeamento de produtos feito agora também serve de base para a transição — quem entende a própria carteira de NCMs entra na Reforma com vantagem.

## Tabela-resumo

| Tipo de crédito | Natureza | Caminho |
|---|---|---|
| Monofásico tributado na venda | Erro de lançamento | Administrativo |
| Alíquota zero tributada | Erro de lançamento | Administrativo |
| Crédito de entrada não aproveitado | Erro de lançamento | Administrativo |
| ST na base de PIS/COFINS | Tese pacificada (STJ 02/2024) | Administrativo ou mandado de segurança |
| Período recuperável | 5 anos + Selic | — |
| Remuneração | Por êxito | — |

## O ponto

O supermercado virou um problema fiscal disfarçado de comércio. Milhares de NCMs, três regimes de PIS/COFINS, classificações que mudam toda semana. Não dá para uma contabilidade que fecha o mês também reauditar 5 anos produto a produto — são trabalhos diferentes. O dinheiro que escapou não está perdido. Está nos seus XMLs, esperando alguém com tempo e método para encontrá-lo. E, no Brasil, quem reclama recebe. Quem não reclama, financia quem reclama.

**Sobre a Hedge Tax.** Somos uma consultoria tributária boutique com sede em Vila Velha (ES), reconhecida como uma das principais referências em recuperação de créditos tributários para o setor supermercadista e atacadista, com clientes que vão de redes de bairro a grupos que faturam bilhões. Nosso time tem passagem por Deloitte, ArcelorMittal e Vale S.A. Não substituímos a sua contabilidade — fazemos a auditoria retroativa de 100% das notas que o fechamento mensal não alcança. Se a sua rede quer saber quanto deixou na mesa nos últimos 5 anos, fale com a gente: **hedgeconsultoria.com**.

Fale comigo diretamente pelo WhatsApp nesse link:
https://api.whatsapp.com/send/?phone=5527999614664

Igor Izoton
CEO, Hedge Tax
+55 27 99961-4664
igor@hedgeconsultoria.com

*Este conteúdo tem caráter informativo e não constitui consultoria tributária individualizada. A existência e o tamanho dos créditos dependem da carteira de produtos, do regime e da escrituração de cada empresa, exigindo auditoria específica. As regras citadas baseiam-se na legislação e jurisprudência vigentes (STJ Tema da ST na base de PIS/COFINS julgado em 2024, atos da Receita Federal e PGFN, EC 132/2023, LC 214/2025) e estão sujeitas a alteração.*
",,26/06/2026,sexta-feira,23:00:00,Baixa,Junior,Finalizado,,
"26.06 Meio Médico, Serra - ES",Estático,Venturini,Post notificação,,26/06/2026,sexta-feira,,Baixa,Junior,Finalizado,,
"07 - O Ronaldinho da Barbearia (Altinha de Salão)
",Video,Suricato,"CENÁRIO: Interior e exterior da barbearia. 
CENA 1: O Deslize Ação: O Barbeiro está arrumando a bancada. Ele coloca um rolo de protetor de pescoço na beirada, mas o rolo escorrega e cai em direção ao chão.
CENA 2: A Dominada Ação: Corte rápido. A câmera foca nos pés dele. Ele ""mata"" o rolo de protetor de pescoço na ponta do pé, como se fosse um jogador de futebol amaciando a bola. Ele joga o rolo para cima.
CENA 3: A Retenção Ação: Corte rápido. O rolo cai perfeitamente na nuca/pescoço do barbeiro, que está curvado para a frente. Ele abre os braços no estilo Ronaldinho Gaúcho. Ele dá um tranco com as costas, jogando o rolo para frente, e chuta a ""bola"" com força.
CENA 4: O Jogo Aéreo (Take na Porta) Ação: Corte rápido. O barbeiro está perto da porta da barbearia. O rolo vem voando, ele pula e dá uma cabeçada, jogando o rolo para fora da calçada.
CENA 5: O Retorno (Take na Rua) Ação: Corte rápido da câmera agora na rua. O barbeiro está do lado de fora. Ele domina o rolo no joelho e chuta de primeira de volta para dentro da barbearia.
CENA 6: A Finalização e o Gol Ação: Corte rápido para dentro da loja. O rolo bate na parede ou na quina e volta na direção dele. Ele domina no peito, deixa cair no pé e chuta. Desfecho: Assim que ele chuta, os outros barbeiros entram correndo na cena como loucos, pulando nas costas dele, gritando, puxando a camisa e comemorando como se fosse o gol do título da Copa do Mundo. A câmera treme junto com a comemoração e o vídeo acaba.
",,26/06/2026,sexta-feira,09:00:00,alta,Junior,Finalizado,,
Post,Video,Hip,,,26/06/2026,sexta-feira,18:00:00,Baixa,Viviane,Finalizado,,
Reels 012 - Você fechou o pedido,Video,Comexblog,"Muita carga fica retida porque o importador descobriu TARDE DEMAIS que precisava de certificação. 🚨

ANATEL, INMETRO, ANVISA, MAPA…

Dependendo do produto, sem isso sua carga simplesmente não entra.

E adivinha?
O fornecedor chinês não vai te avisar.

Importação segura começa ANTES do pagamento.

#Importação #ANATEL #INMETRO #ANVISA #China #Marketplace #MercadoLivre #Ecommerce #DespachoAduaneiro

",,26/06/2026,sexta-feira,18:00:00,alta,Junior,Finalizado,,
#11 Seja Louco! A Coragem de Viver o Extraordinário!,Video,Venturini,Corte podcast,,27/06/2026,sábado,,Baixa,Junior,Finalizado,,
pedir o print,Operacional,Mineiro,,,29/06/2026,segunda-feira,18:00:00,Baixa,Viviane,Finalizado,,
"CARROSSEL 01: O ""Esquema Tático"" da Receita Federal",carrossel,Comexblog,"Slide 1 (Capa): O ""Esquema Tático"" da Receita Federal para a Copa de 2026. (Visual: Campo de futebol tático, mas com ícones de contêineres e fiscais).
Slide 2: Achou que a Receita Federal ia parar para assistir aos jogos do Brasil? A fiscalização não tira folga, mas os terminais e transportadoras reduzem o ritmo.
Slide 3: O Risco: Se a sua carga atracar bem na semana das finais e você não tiver antecipado a documentação, o seu contêiner vai virar espectador de luxo no pátio do porto.
Slide 4: O cruzamento de dados (DUIMP) atua como um VAR implacável. Se faltar uma vírgula no Catálogo de Produtos, é cartão vermelho (Canal Vermelho) direto.
Slide 5: A Regra do Jogo: Antecipe o desembaraço, revise as NCMs e alinhe o transporte rodoviário interno semanas antes.
Slide 6 (CTA): A taça do mundo é de quem tem estoque na mão. Sua operação está pronta para os meses de Copa? 🏆
","O Brasil para na Copa, mas a armazenagem portuária continua rodando e cobrando em dólar! 💸 Quem deixa para nacionalizar a carga no meio do torneio vai sofrer com falta de caminhão, terminal lento e fiscalização automatizada sem dó. O VAR da Receita (DUIMP) não perdoa amadorismo. Seu esquema tático logístico já está armado ou você vai jogar na retranca? 👇",29/06/2026,segunda-feira,,Baixa,Junior,Finalizado,,
ESTÁTICO 01 (Agressivo/Mindset),Estático,LTV,"Visual: Estética 100% corporativa, fonte pesada.
Texto na Arte: Quem compra o estoque inteiro de intermediários nacionais não está lucrando. Está apenas financiando a importação do concorrente que já acordou.
","É um jogo de perdedores e ganhadores. Cada lote que você compra do atacado com preço de tabela, é uma injeção de caixa na escala de mercado de quem já importa. Saia da base da pirâmide alimentar do varejo. A Importação Direta da LTV é a sua saída. ♟️💼",29/06/2026,segunda-feira,,Baixa,Junior,Finalizado,,
Post,carrossel,Hip,,,29/06/2026,segunda-feira,18:00:00,Baixa,Viviane,Finalizado,,
Criar Roteiro,Roteiro,Juliana,,,29/06/2026,segunda-feira,,Baixa,Viviane,Finalizado,,
6. 06_credito_pis_cofins_frete_exportacao_cafe,Blog,HDG,"# Café para exportação: o crédito de PIS/COFINS sobre frete que vira restituição de milhões

Numa conversa com o dono de um escritório contábil que atende o agro capixaba, falávamos de recuperação de créditos quando contei um caso de café. A reação foi a de quem conhece o terreno:

> ""Esse crédito sobre frete… a Receita costuma g\\*\\*\\*\\* na primeira instância, né? É o que tem acontecido na maioria das vezes.""

Costuma mesmo — em parte dos casos. Mas num projeto real, com café para exportação, a recuperação saiu: **R$ 5 milhões** de crédito de PIS/COFINS sobre frete, pedidos por **restituição em dinheiro**, e a Receita restituiu. Uma das parcelas já passou de cinco anos com homologação — ou seja, a própria Receita concordou que o crédito era válido. O que separa o caso que paga do caso que apanha é como a tese é construída e como o cliente é preparado.

## A mecânica: por que o frete de exportação gera crédito esquecido

O exportador de café tem uma vantagem e uma cegueira.

A vantagem: a exportação conta com **imunidade tributária**. A receita de exportação não é tributada por PIS/COFINS.

A cegueira: para colocar o café no navio, o exportador paga **frete dentro do território nacional** — da zona de produção (Sul do ES, Caparaó, montanhas capixabas) até o porto. Esse é um frete interno, em reais, sobre uma despesa relevante quando se move volume de café. E quase ninguém toma crédito de PIS/COFINS sobre ele.

A lógica do crédito: o frete até o porto é insumo da operação de exportação. No regime não cumulativo, despesas vinculadas à atividade geram crédito. Como a receita de exportação é imune, esse crédito ""sobra"" — não há débito de PIS/COFINS na venda para abatê-lo. Vira **saldo credor passível de restituição em dinheiro** (diferente da maioria dos créditos, que só compensam tributos a pagar).

Para um exportador de café com frete interno alto e receita majoritariamente imune, esse saldo se acumula mês a mês, ano a ano.

## Onde está o fundamento: precedentes do CARF

A objeção do contador é a objeção certa: *isso tem respaldo ou é aventura?*

O fundamento são **precedentes do CARF** (Conselho Administrativo de Recursos Fiscais) reconhecendo a possibilidade de tomar crédito de PIS/COFINS sobre o frete vinculado à operação de exportação. Não é uma interpretação solta — é jurisprudência administrativa do próprio órgão que julga os autos de infração federais.

Isso muda a conversa. Não se está pedindo um crédito ""inventado""; está-se aplicando um entendimento já firmado em segunda instância administrativa a uma despesa que o exportador efetivamente teve.

## A transparência que define o projeto sério

Aqui está o ponto que separa quem estrutura de quem promete milagre. O crédito de frete de exportação **não** é como um erro de classificação que a própria lei já resolve. É uma tese com respaldo no CARF, mas que uma **primeira instância da Receita pode não acatar de imediato**.

Isso precisa ser dito ao cliente antes de começar — não depois. O desenho honesto oferece dois caminhos:

1. **Pedido administrativo de restituição.** Mais rápido. Se a Receita questionar, a defesa é conduzida até o CARF, onde os precedentes favorecem o contribuinte. Foi o caminho do caso de R$ 5 milhões — e a restituição saiu, com homologação.
2. **Mandado de segurança**, para o cliente que prefere segurança máxima. Sem liminar, sem aproveitar crédito antes da hora: espera-se o trânsito em julgado e só então se recupera. Mais lento, risco menor.

A escolha é do cliente, com o cenário inteiro na mesa. O que não se faz é vender certeza onde há tese.

## Por que isso vale mais para o agro exportador

O perfil ideal combina três fatores:

- **Receita de exportação relevante** (imune, gerando saldo credor em vez de débito a abater).
- **Despesa de frete interno alta** — produto que viaja da zona rural ao porto, como café, grãos, celulose.
- **Regime não cumulativo** (Lucro Real).

Café capixaba se encaixa com precisão: o estado é grande produtor e exportador, a logística da montanha ao Porto de Vitória ou de Tubarão é cara, e os volumes são altos. Cada real de frete não creditado nos últimos 5 anos é crédito potencial.

## O que mais aparece junto no agro

Quando se faz a auditoria de uma exportadora ou indústria do agro, o frete raramente vem sozinho. Costumam aparecer também:

- Créditos de insumos não aproveitados (energia, embalagem, serviços vinculados).
- Exclusão da ST da base de PIS/COFINS, para quem tem cadeia com substituição (tese pacificada no STJ em 2024).
- Revisão de classificações de produtos com alíquota zero/suspensão indevidamente tributados.

O frete de exportação costuma ser o item de maior valor unitário, mas a auditoria completa soma várias frentes.

## A camada da Reforma Tributária

PIS e COFINS serão **extintos em 01/01/2027** (EC 132/2023, LC 214/2025), substituídos pela CBS. A exportação **continua desonerada** no novo sistema — esse princípio se mantém. Mas o crédito de PIS/COFINS sobre frete dos últimos 5 anos é um direito sob a sistemática atual, e a janela para constituí-lo encolhe a cada mês que passa.

Quem deixar para olhar isso em 2027 estará calculando crédito de um tributo já extinto, com o corte temporal de 5 anos avançando e comendo os períodos mais antigos. A recuperação retroativa tem prazo de validade prático, ainda que o direito ao indébito já constituído permaneça.

## Tabela-resumo

| Item | Como funciona |
|---|---|
| O que gera o crédito | Frete interno até o porto, na exportação |
| Por que sobra | Receita de exportação é imune (sem débito para abater) |
| Forma de recuperação | Restituição em dinheiro (saldo credor) |
| Fundamento | Precedentes do CARF |
| Cenário | Receita pode questionar em 1ª instância; defesa vai ao CARF |
| Alternativa segura | Mandado de segurança, sem liminar, até o trânsito em julgado |
| Período | 5 anos + Selic |
| Caso real | R$ 5 milhões restituídos, parcela já homologada |

## O ponto

O exportador de café olha o frete como custo logístico e segue a vida. Mas dentro daquele custo há crédito de PIS/COFINS que, pela imunidade da exportação, não tem débito para abater — então vira dinheiro de volta, não desconto futuro. Não é milagre nem é certeza absoluta: é uma tese com lastro no CARF, que paga quando bem construída e quando o cliente entra com os olhos abertos. Cinco milhões já saíram de uma operação. O frete que sai da sua fazenda pode estar carregando crédito junto com o café.

**Sobre a Hedge Tax.** Somos uma consultoria tributária boutique com sede em Vila Velha (ES), reconhecida como uma das principais referências em recuperação de créditos de PIS/COFINS para o agronegócio e exportadores no Espírito Santo. Nosso time tem passagem por Deloitte, ArcelorMittal e Vale S.A. Construímos o crédito sobre frete de exportação com lastro nos precedentes do CARF, conduzimos a restituição e assumimos a defesa até a última instância administrativa quando necessário — com remuneração por êxito. Se você exporta café ou commodities e paga frete interno até o porto, fale com a gente: **hedgeconsultoria.com**.

Fale comigo diretamente pelo WhatsApp nesse link:
https://api.whatsapp.com/send/?phone=5527999614664

Igor Izoton
CEO, Hedge Tax
+55 27 99961-4664
igor@hedgeconsultoria.com

*Este conteúdo tem caráter informativo e não constitui consultoria tributária individualizada. A viabilidade e o tamanho do crédito dependem do perfil de exportação, do volume de frete e da escrituração de cada empresa, e a tese de frete de exportação pode ser questionada pela Receita em primeira instância. As regras e precedentes citados baseiam-se na legislação e jurisprudência vigentes (precedentes do CARF, STJ sobre ST na base de PIS/COFINS, EC 132/2023, LC 214/2025) e estão sujeitos a alteração.*
",,29/06/2026,segunda-feira,00:00:00,Baixa,Junior,Finalizado,,
CARROSSEL 4  Tipos de clientes em dia de jogo,carrossel,Suricato,"Slide 1
CAPA
'Tipos de clientes na barbearia em dia de jogo'  arte com bola, cadeira de barbeiro
Slide 2
O Nervoso
Chega uma hora antes do jogo, quer corte rápido, fica olhando pro relógio o tempo todo e não para de falar do time
Slide 3
O Supersticioso
Não corta o cabelo quando o time tá em fase boa. 'Não posso, tô com sorte.' Aparece só depois que o time perde
Slide 4
O Técnico
Fica na cadeira explicando pro barbeiro o esquema tático que o técnico deveria usar. Nunca jogou nem pelada
Slide 5
O Que Quer o Corte do Craque
Chega com foto do jogador preferido, quer o mesmo corte. Mas o cabelo não ajuda... e o barbeiro faz milagre
Slide 6
O Vascaíno
Aparece com a cara fechada, não fala nada, só balança a cabeça. O time perdeu de novo 😭
Slide 7
CTA
'Qualquer que seja o seu estilo, a gente tá aqui antes, durante e depois do jogo' + link

","Tem cliente que entra na barbearia pensando no corte... e tem cliente que já chega vivendo os 90 minutos da partida. 😂⚽

Sempre tem o nervoso, o supersticioso, o técnico de sofá, o que quer copiar o corte do craque... e claro, o vascaíno. 🥲

Agora conta pra gente: qual desses é VOCÊ?

👇 Marca aquele amigo que faz exatamente isso e comenta antes da bola rolar! 🇧🇷✂️

#Barbearia #DiaDeJogo #Futebol #Barbeiro #ReelsBrasil #Humor #Suricato
",29/06/2026,segunda-feira,19:00:00,Baixa,Junior,Finalizado,,
Roteiro 8: Quebrando Objeções do Blackwork,Video,Mineiro,"Objetivo: Desmistificar o Blackwork pesado e mostrar versatilidade (Fineline/Botânico).
Áudio Sugerido: Intercalando fala direta para a câmera com locução sobre os takes de B-roll.
Cena 1 (00:00 a 00:03):
Visual: Mineiro olhando para a câmera com semblante acolhedor e profissional.
Fala Direta: ""Você já deixou de fazer uma tatuagem por achar que o Blackwork tem o traço muito pesado, ou por receio de não se sentir 100% confortável no estúdio?""
Cena 2 (00:03 a 00:07):
Visual: Cenas rápidas de detalhes (Fineline, florais, botânicos acompanhando as curvas do corpo).
Locução: ""O Blackwork vai muito além do peso. Ele também é sobre traços finos, detalhes minimalistas e uma delicadeza que valoriza a anatomia de forma elegante e exclusiva.""
Cena 3 (00:07 a 00:11):
Visual: Mineiro colando decalque com a cliente na frente do espelho. Ambos conversando e a cliente sorrindo.
Locução: ""E para que a sua arte saia perfeita, eu sei que a sua experiência precisa ser impecável. Aqui no estúdio, o respeito à sua ideia e ao seu corpo estão sempre em primeiro lugar.""
Cena 4 (00:11 a 00:14):
Visual: Take rápido do ambiente (limpo, claro, seguro).
Locução: ""Um ambiente seguro, privado e sem aquele clima pesado de estúdio, para você relaxar enquanto a gente eterniza a sua ideia.""
Cena 5 (00:14 a 00:17):
Visual: Mineiro volta para a câmera, sorrindo de forma leve, e aponta o dedo para baixo (ou lado).
Fala Direta: ""Quer uma arte feita com todo o cuidado e respeito que você merece? Me manda uma mensagem aqui no Direct e vamos desenhar o seu projeto.""
",,30/06/2026,terça-feira,18:00:00,alta,Junior,Finalizado,,
criar Google Meu Negócio,Operacional,icecream,,,30/06/2026,terça-feira,,Baixa,Junior,Finalizado,,
Otimizar Ficha do Google,Operacional,icecream,,,30/06/2026,terça-feira,,Baixa,Junior,Finalizado,,
ESTÁTICO 01 (Meme Copa/Receita),Estático,Comexblog,"Visual: Meme visual de um esqueleto na frente do PC. Tela dividida. Topo: O Fiscal da Receita assistindo aos pênaltis. Base: Eu esperando minha DI parametrizar.
Legenda: Planejamento é tudo! Quem deixa para registrar processo nos dias de jogos decisivos tem que ter estômago forte. A alfândega não para, mas o ritmo é outro. Quem mais vai ficar apertando F5 freneticamente na hora do jogo? 🇧🇷⏳
","Planejamento é tudo! Quem deixa para registrar processo nos dias de jogos decisivos tem que ter estômago forte. A alfândega não para, mas o ritmo é outro. Quem mais vai ficar apertando F5 freneticamente na hora do jogo? 🇧🇷⏳",30/06/2026,terça-feira,,alta,Junior,Finalizado,,
CARROSSEL 01: O E-commerce na Retranca,carrossel,LTV,"Slide 1 (Capa): O seu e-commerce joga na retranca e vai perder de goleada esse ano. (Visual: Campo tático, time de azul encolhido e time de vermelho dominando).
Slide 2: Se a sua empresa abastece o estoque comprando dos mesmos distribuidores de SP que os seus concorrentes, você não ataca. Você só se defende.
Slide 3: Vocês vendem a mesma marca, as mesmas embalagens, compradas na mesma rua. A única forma de atrair o cliente é baixando o seu preço e destruindo o seu lucro.
Slide 4: O Ataque Matador: A Importação Direta. Quando você acessa a fábrica chinesa, corta o atravessador e cria a sua marca (White Label).
Slide 5: Com a LTV, você assume o controle da cadeia. Traz exclusividade, dobra a margem e para de brigar por centavos no Mercado Livre.
Slide 6 (CTA): Pare de financiar a escala do vizinho. Agende um diagnóstico estrutural com a LTV no link da bio. ⚽📈
",Jogar no mercado nacional com os mesmos fornecedores dos seus concorrentes é aceitar entrar em uma guerra de preços onde todo mundo perde. A verdadeira escala corporativa só acontece quando a sua empresa domina a cadeia de suprimentos na raiz. Assuma o ataque do seu mercado. A LTV estrutura o campo para você. 🚢,30/06/2026,terça-feira,,alta,Junior,Finalizado,,
" 6- ""Desafio da Alimentação: Prático e Divertido""",Video,Aline,,,30/06/2026,terça-feira,18:00:00,Baixa,Viviane,Finalizado,,
2- 7 sinais de que a festa do casamento foi um sucesso 💍🎉,carrossel,Venturini,"Se esses sinais aconteceram no seu casamento, pode ter certeza: foi uma noite inesquecível.

CARD 2
1. A pista ficou cheia do início ao fim
Quase ninguém ficou sentado quando a música começou.
2. Os convidados cantaram junto
Quando o público vira parte do show, a energia muda completamente.
3. Os vídeos começaram a aparecer nas redes
Stories, reels e marcações espontâneas são um ótimo termômetro da animação da festa.

CARD 3
4. Ninguém queria ir embora
Aquele clássico: ""só mais uma música!""
5. Os noivos conseguiram aproveitar a festa
Sem preocupações, apenas vivendo o momento.
6. Pessoas de todas as idades estavam na pista
Dos amigos aos familiares, todo mundo participou.
7. Os convidados comentam até hoje
Quando a festa continua sendo assunto semanas depois, ela cumpriu seu papel.
✨ Memórias assim não têm preço.

CARD 4  
Quer que seu casamento tenha todos esses sinais?
Uma festa inesquecível não acontece por acaso.
Ela é construída com a trilha sonora certa, no momento certo.
🎤 @gustavinn transforma cada casamento em uma experiência única, conectando diferentes gerações e mantendo a energia da pista lá em cima do começo ao fim.
📩 Entre em contato e garanta uma celebração que seus convidados vão lembrar por muitos anos.  
",,30/06/2026,terça-feira,,Baixa,Viviane,Finalizado,https://docs.google.com/document/d/18Hq3ldIzLtLPSs7jN2N6e45Gh-eyncXxh9l21_U_88E/edit?tab=t.0#heading=h.7x30tw8kh9th,
Criar thumb,Thumb,Badico,,,30/06/2026,terça-feira,18:00:00,alta,Junior,Finalizado,,
7. 07_dividendos_jcp_uruguai,Blog,HDG,"---
title: ""Acabou a isenção dos dividendos: como o sócio de indústria paga menos a partir de 2026""
meta_description: ""A Lei 15.270/2025 criou IRRF de 10% sobre dividendos acima de R$ 50 mil/mês. Como reorganizar a remuneração do sócio com JCP (deduz 34% da empresa) e o que a estrutura via Uruguai resolve — e o que não resolve.""
keywords: tributação de dividendos 2026, Lei 15.270/2025, juros sobre capital próprio JCP, IRRF dividendos 10%, remuneração de sócios, zona franca Uruguai, planejamento tributário sócios indústria, IRPFM altas rendas
author: Igor Izoton — Hedge Tax
focus_keyword: tributação de dividendos 2026
---

# Acabou a isenção dos dividendos: como o sócio de indústria paga menos a partir de 2026

Numa conversa com o dono de uma indústria de pneus, expliquei a nova tributação de dividendos. A reação foi a de quem nunca tinha parado para fazer essa conta:

> ""Deixa eu ver se entendi. A gente costuma tirar 200 mil de divisão no fim do ano. Se a gente fizer isso de uma vez, paga 20 mil de imposto. Mas se a gente pingar 20 mil por mês cada sócio, leva tudo limpo, zero?""

Captou em dez segundos. A diferença entre tirar tudo de uma vez e distribuir mês a mês passou a valer dinheiro a partir de 1º de janeiro de 2026 — porque a isenção de quase 30 anos sobre dividendos acabou. Quem não reorganizar a forma de se pagar vai entregar imposto que daria para evitar.

## O que mudou: Lei 15.270/2025

A Lei nº 15.270, sancionada em 26 de novembro de 2025, com efeitos a partir de **1º de janeiro de 2026**, encerrou a isenção irrestrita sobre distribuição de lucros que vigorava desde 1996. Dois mecanismos novos:

**1. IRRF de 10% sobre dividendos.** O pagamento de lucros e dividendos por uma mesma empresa a uma mesma pessoa física residente no Brasil, em montante **superior a R$ 50 mil em um único mês**, fica sujeito à retenção na fonte de 10% sobre o total pago. São vedadas deduções da base. Vale inclusive para sócios de empresas do Simples Nacional, conforme entendimento da Receita Federal (ponto que está sendo questionado judicialmente).

**2. IRPFM — Imposto de Renda da Pessoa Física Mínimo.** Para altas rendas, há uma tributação mínima anual que considera a renda **global** do sócio — salários, pró-labore, aluguéis, JCP e até rendimentos isentos. Quem soma mais de R$ 600 mil por ano pode ter imposto a recolher no ajuste, mesmo distribuindo menos de R$ 50 mil por mês de uma única fonte. A projeção precisa ser feita agora, não no fechamento.

O exemplo do empresário ilustra o primeiro mecanismo: 200 mil distribuídos de uma vez ultrapassam os 50 mil do mês e sofrem 10% de retenção (20 mil). Pingados 20 mil/mês por sócio, cada pagamento fica abaixo do teto mensal e escapa da retenção na fonte — respeitado o limite por fonte pagadora e observado o IRPFM no ajuste anual.

## A janela que já fechou (e a lição que fica)

Houve uma regra de transição: lucros **apurados até 2025** cuja distribuição tenha sido **aprovada até 31/12/2025** (prazo depois prorrogado para 31/01/2026 por decisão cautelar do STF) permanecem isentos, ainda que pagos em 2026, 2027 ou 2028. Muitas empresas usaram balancetes intermediários para deliberar a distribuição dentro do prazo e ""travar"" a isenção sobre o estoque de lucros acumulados.

Essa janela fechou. A lição que fica: planejamento de distribuição agora é decisão recorrente, de calendário, não algo para resolver na correria de dezembro. Quem deixou passar paga 10% sobre o que poderia ter blindado.

## A virada: JCP, a forma de pagar o sócio que deduz imposto da empresa

Aqui está o instrumento mais subaproveitado pela indústria de capital fechado: os **Juros sobre Capital Próprio (JCP)**.

Toda empresa de capital aberto na bolsa usa JCP. A maioria das indústrias familiares, não. A mecânica é o oposto do dividendo:

- O dividendo sai do lucro **depois** de tributado pela empresa. Não reduz IRPJ/CSLL.
- O JCP entra como **despesa financeira** da empresa. Reduz a base de IRPJ e CSLL — ou seja, abate até **34%** (25% IRPJ + 10% adicional + 9% CSLL) sobre o valor pago.

O sócio que recebe JCP paga IRRF sobre ele — alíquota que a Lei 15.270/2025 **elevou para 17,5%**. Mesmo assim, a conta costuma fechar a favor: a empresa economiza 34% na dedução, e o sócio recolhe 17,5%. O diferencial líquido vai para o bolso do grupo.

O JCP tem limites: é calculado aplicando a TJLP (taxa de juros de longo prazo) sobre as contas de patrimônio líquido (capital social, reservas de lucros), e o pagamento é limitado a frações do lucro do período. Não é valor livre — é uma conta técnica. Mas para uma indústria que gera IRPJ/CSLL relevante (o empresário citou lucro acima de R$ 300 mil/mês, caindo nos 34%), o JCP transforma parte da remuneração do sócio em dedução da empresa.

Combinar JCP (até o limite técnico) com distribuição de dividendos mensal abaixo do teto é a engenharia básica de remuneração de sócio no novo regime.

## A camada internacional: o que o Uruguai resolve (e o que não resolve)

O mesmo empresário levantou Paraguai e Uruguai. Já tinha até visitado uma fábrica de um concorrente em Montevidéu. E trouxe a objeção mais honesta sobre montar **operação industrial** lá fora:

> ""Se for montar indústria, não presta. A mão de obra do Uruguai é cara e tem cultura camponesa — o cara não quer se sujar na fábrica. A fábrica do conhecido vive vazia.""

Tem razão — e é exatamente por isso que a estrutura via Uruguai **não é para mudar a fábrica**. É para duas coisas distintas:

**1. Zona franca do Uruguai.** Uma empresa instalada em zona franca uruguaia tem 0% de imposto na importação, 0% na venda, 0% na exportação, 0% sobre o lucro e 0% sobre distribuição de lucros. A lógica não é produzir lá — é alocar parte da margem onde ela não é tributada. Você importa a matéria-prima da China **via** a estrutura uruguaia, que revende para a indústria no Brasil a um preço maior. Isso reduz o lucro tributável no Brasil (deixando de pagar 34% sobre essa parcela) e concentra o resultado no Uruguai, onde a tributação é zero.

**2. Fluxo de caixa.** Mesmo sem beneficiamento, a triangulação pela estrutura uruguaia pode melhorar o caixa da importação. É uma das razões pelas quais empresas de comércio montam operação lá.

O ponto técnico que decide: para o produto entrar no Brasil com vantagem de **imposto de importação**, ele precisa de **certificado de origem Mercosul** — o que exige beneficiamento real no Uruguai, não só passagem. Sem isso, o ganho de imposto de importação some (e, para alíquotas de importação baixas, como 10%, o esforço pode não compensar). Por isso a estrutura uruguaia se justifica mais pela alocação de margem (lucro + distribuição a 0%) e pelo caixa do que pela economia de imposto de importação isolada.

É estrutura sofisticada, com substância exigida (a operação precisa ser real, não fachada) e custo logístico relevante. Não serve para todo mundo. Serve para quem tem volume de importação alto e margem que hoje é integralmente tributada no Brasil.

## As variáveis que decidem

Antes de mover qualquer coisa:

- **A empresa gera IRPJ/CSLL relevante?** JCP só vale se há base tributável para deduzir.
- **Quanto cada sócio retira por mês?** Define a exposição ao IRRF de 10% e ao IRPFM.
- **Qual a renda global de cada sócio?** O IRPFM olha tudo, não só dividendos.
- **Há volume de importação que justifique a estrutura internacional?** Sem volume, o Uruguai não paga o próprio custo.
- **A operação internacional terá substância real?** Estrutura de fachada é risco, não planejamento.

## Tabela-resumo

| Forma de remunerar o sócio | Imposto na empresa | Imposto no sócio |
|---|---|---|
| Pró-labore | Dedutível, mas gera INSS | IRPF tabela + INSS |
| Dividendo até R$ 50 mil/mês | Não deduz | Isento na fonte (atenção ao IRPFM) |
| Dividendo acima de R$ 50 mil/mês | Não deduz | IRRF 10% |
| JCP | Deduz até 34% | IRRF 17,5% |
| Margem em zona franca (Uruguai) | Reduz lucro tributável no BR | 0% sobre lucro/distribuição na ZF |

## O ponto

A isenção dos dividendos acabou, e a maioria dos sócios de indústria ainda se paga como se nada tivesse mudado. Não precisa de estrutura exótica para começar: pingar a distribuição mensal abaixo do teto e ativar o JCP já reorganiza a conta. O Uruguai entra depois, para quem tem volume e margem que justifiquem. O erro é tratar a retirada do sócio como rotina do contador — virou decisão de planejamento, com 10% (ou 17,5%, ou 34%) em jogo dependendo de como se faz.

**Sobre a Hedge Tax.** Somos uma consultoria tributária boutique com sede em Vila Velha (ES), reconhecida como uma das principais referências em planejamento tributário para sócios de indústria e empresas de capital fechado, com atuação em todo o país e em estruturas internacionais (Uruguai e Paraguai). Nosso time tem passagem por Deloitte, ArcelorMittal e Vale S.A. Calculamos o limite de JCP da sua empresa, desenhamos a política de distribuição sob a Lei 15.270/2025 e avaliamos quando uma estrutura internacional tem substância para valer a pena. Se você é sócio e quer parar de pagar imposto à toa sobre a própria retirada, fale com a gente: **hedgeconsultoria.com**.

Fale comigo diretamente pelo WhatsApp nesse link:
https://api.whatsapp.com/send/?phone=5527999614664

Igor Izoton
CEO, Hedge Tax
+55 27 99961-4664
igor@hedgeconsultoria.com

*Este conteúdo tem caráter informativo e não constitui consultoria tributária individualizada. A política de remuneração de sócios, o limite de JCP e a viabilidade de estruturas internacionais dependem da situação de cada empresa e de cada sócio, exigindo análise específica. As regras, alíquotas e percentuais citados baseiam-se na legislação vigente (Lei 15.270/2025, Lei 9.249/1995, legislação da zona franca do Uruguai, normas do Mercosul) e estão sujeitos a alteração, inclusive em razão de discussões judiciais em curso sobre a tributação de dividendos.*
",,30/06/2026,terça-feira,01:00:00,Baixa,Junior,Finalizado,,
Carrossel 2 (Pilar 1: Guia Prático),carrossel,Renan,"Capa: FUI CHAMADO NA DELEGACIA ""SÓ PARA UMA CONVERSINHA"".
Slide 2: Acreditar que o delegado quer bater um papo descontraído é de uma inocência perigosa.
Slide 3: Muitas vezes, a pessoa é intimada formalmente como ""testemunha"". Mas, no meio do depoimento, as perguntas mudam de tom e, quando você percebe, já virou o principal investigado.
Slide 4: E detalhe: tudo o que você falou achando que estava apenas ""ajudando"" será usado contra você em um futuro processo.
Slide 5: Ir a uma delegacia sem um advogado criminalista é como entrar em um campo minado de olhos vendados.
Slide 6: Pela Súmula Vinculante 14 do STF, o seu advogado tem o direito de ler tudo o que a polícia já tem contra você ANTES de você abrir a boca.
Slide 7 (CTA): Não jogue com a sua liberdade. Siga o perfil para mais dicas de sobrevivência no sistema penal.
Conceito Visual: Estética de inquérito, papel pardo escurecido ou texturas de carimbo e asfalto.",,30/06/2026,terça-feira,18:00:00,alta,Junior,Finalizado,,
Post,Estático,animales,,,30/06/2026,terça-feira,18:00:00,Baixa,Viviane,Finalizado,,
Post,Estático,Hip,,,30/06/2026,terça-feira,18:00:00,Baixa,Viviane,Finalizado,,
"O ""Gol Contra"" na Copa (Erro de NCM)",Video,HDG,"Todo mundo odeia quando o técnico escala o time errado na Copa do Mundo e a gente toma um gol bobo por pura desatenção. É aquele erro que custa o campeonato.
O problema é que, na sua empresa, você faz a mesma coisa todo mês e nem percebe.
Quando o seu time de compras ou a pessoa do cadastro coloca qualquer código NCM na nota fiscal só para o sistema aprovar e a mercadoria rodar, é exatamente como escalar o jogador errado. Sabe qual é o resultado na prática? Você acaba pagando um ICMS Substituição Tributária que já foi pago lá atrás. Ou pior: tributa com alíquota cheia um produto que tinha isenção.
É um erro silencioso, todo dia, entregando a margem de lucro do seu negócio de bandeja para o governo.
Você quer parar de tomar gol contra da Receita Federal e estancar esse vazamento de dinheiro? O link tá na bio. A gente organiza a sua base de dados e faz o seu imposto jogar a seu favor.
","Um código errado na sua Nota Fiscal e o seu lucro vai ralo abaixo. 📉⚽
Cadastrar mercadorias com o NCM (Nomenclatura Comum do Mercosul) genérico ou errado é um dos erros mais comuns e caros do varejo e da indústria. Isso faz a sua empresa pagar impostos em duplicidade ou perder isenções valiosas.
Não deixe a pressa do dia a dia destruir a margem do seu negócio. Inteligência tributária começa na base, parametrizando as suas notas com precisão técnica.
📲 Clique no link da bio e fale com a Hedge Consultoria. Nós mapeamos as suas operações para você parar de perder dinheiro pro governo.",30/06/2026,terça-feira,,alta,Junior,Finalizado,,
John Ruskin,Estático,Full Gaz,ESTATICO CITAÇÃO -O detalhe não é apenas um detalhe. Ele faz toda a diferença.,,01/07/2026,quarta-feira,18:00:00,Baixa,Junior,Finalizado,,
7. Offshore,carrossel,HDG,"Card 1 (Capa / Gancho): Offshore não é paraíso fiscal ilegal. É uma estrutura empresarial fora do Brasil  e desde 2024 a Receita Federal regulamentou exatamente como declarar. Quem usa, usa de forma transparente.
Card 2 (Dor): O real perdeu mais de 80% do valor frente ao dólar na última década. Quem manteve 100% do patrimônio em ativos locais sentiu na prática o que isso significa em poder de compra e em capacidade de investimento.
Card 3 (Dor): Para quem opera no mercado digital global, recebe em moeda estrangeira ou quer diversificar ativos, operar apenas pela estrutura brasileira limita as possibilidades  e pode gerar uma carga tributária desproporcionalmente alta.
Card 4 (Virada): Uma estrutura Offshore bem montada permite alocar capital em moeda forte, reduzir a exposição ao risco cambial e acessar jurisdições com tributação mais eficiente para determinadas operações. Dentro da lei. Com total declaração à Receita.
Card 5 (CTA): A internacionalização de ativos começa com uma estrutura jurídica correta. Manda uma mensagem no Direct e a gente explica o que faz sentido para o seu perfil.
",,01/07/2026,quarta-feira,18:00:00,Baixa,Junior,Finalizado,,
urgente,Estático,Venturini,shows da semaa,,01/07/2026,quarta-feira,18:00:00,Baixa,Junior,Finalizado,,
inventar post,Estático,Mineiro,,,01/07/2026,quarta-feira,18:00:00,Baixa,Viviane,Finalizado,,
Orçamento,Orçamento,Gasmaske,é de casa marmita,,,,,Baixa,Junior,Finalizado,,
Reels 013 - O fornecedor te manda uma cotação,Video,Comexblog,"Alibaba não é garantia.
É vitrine. ⚠️

Tem fábrica séria.
Tem trading.
E tem golpe.

Fornecedor bom responde com precisão, envia amostra e trabalha com condição coerente.

Preço “bom demais” normalmente custa caro depois.

Antes de pagar qualquer pedido: qualifique o fornecedor.

#Alibaba #Importação #China #Fornecedor #MercadoLivre #Marketplace #Ecommerce #Empreendedorismo",,01/07/2026,quarta-feira,18:00:00,alta,Junior,Finalizado,,
Post,Estático,animales,,,01/07/2026,quarta-feira,18:00:00,Baixa,Viviane,Finalizado,,
12 - Entrevista barbeiro Tio Phil,Video,Suricato,,,01/07/2026,quarta-feira,14:00:00,Baixa,Junior,Finalizado,,
Vídeo 5 (Pilar 1: Newsjacking),Video,Renan,"[GANCHO]: (3s) O maior golpista do estado abriu o bico na delegacia. Ele vai sair pela porta da frente com ficha limpa?
[CORPO]: Tem muita gente assistindo noticiário e achando que a delação premiada é uma carta de alforria mágica onde o cara aponta o dedo para os inimigos e ganha uma viagem para Miami. A realidade técnica passa bem longe disso. O STF já cansou de avisar que fofoca não é prova. Se o delator abrir a boca e não apresentar documentos, transferências bancárias ou extratos que comprovem exatamente o que ele está dizendo, a palavra dele vale tanto quanto uma nota de três reais. O acordo de colaboração é um negócio jurídico puramente técnico. Sem corroboração da versão com base em provas o acordo tende a ser rejeitado.
[CTA]: Quer parar de aprender Direito Penal com novela? Siga meu perfil para mais dicas.
[DIREÇÃO VISUAL]: Iluminação split (metade do rosto na sombra). No gancho, colocar um som de flash de câmera estourando. Legendas agressivas no Premiere.",,02/07/2026,quinta-feira,18:00:00,alta,Junior,Finalizado,,
Criar conta nova no TikTok,Operacional,Suricato,,,02/07/2026,quinta-feira,17:00:00,Baixa,Junior,Finalizado,,
"8- ""Detalhes que Fazem a Diferença (O Essencial)""",Video,Aline,,,02/07/2026,quinta-feira,18:00:00,Baixa,Viviane,Finalizado,,
ESTÁTICO 02 (White Label/Posicionamento),Estático,LTV,"Visual: Uma embalagem de produto borrada com um selo claro de ""Sua Marca"".
Texto na Arte: Se o produto campeão que você vende não tem a SUA logo estampada, você é apenas um funcionário terceirizado trabalhando para valorizar a marca dos outros.
","O varejo de revenda comum não cria patrimônio para a sua empresa, apenas gira caixa. O poder de negociação e o futuro do e-commerce estão na importação de produtos White Label, construindo equity de marca própria com alta margem. 🏷️📈",02/07/2026,quinta-feira,,Baixa,Viviane,Finalizado,,
CARROSSEL 08: A Morte do DDP no B2B,carrossel,Comexblog,"Slide 1 (Capa): A morte do Incoterm DDP no e-commerce internacional. (Visual: Lápide com a sigla DDP escrita).
Slide 2: O fornecedor chinês promete: ""Te entrego na porta da sua empresa, com tudo pago, sem dor de cabeça"". Isso é o DDP. Parece um sonho, né?
Slide 3: O problema em 2026: A Receita Federal fechou o cerco. Se a carga vem no seu CNPJ, você é o responsável fiscal no Brasil.
Slide 4: O chinês não tem CNPJ para recolher o ICMS no seu estado e emitir a nota de entrada com os parâmetros fiscais corretos para revenda.
Slide 5: Resultado? Você paga o fornecedor, mas a carga chega travada. O fiscal cobra a formalidade, rola bitributação e você paga os impostos duas vezes.
Slide 6 (CTA): No B2B (empresas), o limite seguro é o CIF ou FCA. DDP é armadilha. Acompanhe a Comexblog! 🚫
",DDP é lindo na teoria e um inferno tributário na prática brasileira. O fornecedor estrangeiro não entende a nossa complexidade estadual de ICMS e substituição tributária. Comprar quantidade comercial achando que a plataforma vai resolver tudo por você é ilusão. Controle sua operação no FOB ou FCA e nacionalize com o seu despachante!,02/07/2026,quinta-feira,,Baixa,Viviane,Finalizado,,
Post,Estático,animales,,,02/07/2026,quinta-feira,18:00:00,Baixa,Viviane,Finalizado,,
8. 08_fragmentacao_cnpj_simples_lucro_real,Blog,HDG,"---
title: ""Seis CNPJs no Simples para pagar menos: por que isso para de funcionar (e o que fazer)""
meta_description: ""E-commerce que abre vários CNPJs para não estourar o Simples acaba pagando mais e gerindo um caos. Quando a fragmentação vira armadilha, como funciona o sublimite de ICMS e a hora de migrar para o Lucro Real.""
keywords: fragmentação CNPJ Simples Nacional, sublimite ICMS Simples, estourar o Simples, migração Lucro Real e-commerce, planejamento tributário e-commerce, vários CNPJs imposto, quando sair do Simples
author: Igor Izoton — Hedge Tax
focus_keyword: fragmentação CNPJ Simples Nacional
---

# Seis CNPJs no Simples para pagar menos: por que isso para de funcionar (e o que fazer)

Numa reunião com o sócio de uma indústria de tintas técnicas que cresceu rápido no e-commerce, ele descreveu a própria estrutura e o problema embutido nela:

> ""A gente tinha um CNPJ vendendo muito, o Simples foi subindo o DAS. Aí abrimos uma segunda empresa, depois uma terceira. Hoje são seis CNPJs de venda online. Só que uma já estourou o sublimite de ICMS, tive que segurar a venda dela e empurrar para as outras. E agora as outras estão estourando também.""

Essa é a história de quase todo e-commerce que dá certo dentro do Simples. A fragmentação resolve por um ou dois anos e depois vira uma bola de neve: mais CNPJs, mais complexidade, mais sublimites estourando, e — o que ninguém calcula — frequentemente mais imposto do que se a operação estivesse unificada no Lucro Real bem estruturado.

## Por que a fragmentação parece funcionar (e por que para)

O Simples Nacional tem alíquotas progressivas: quanto mais a empresa fatura, maior a alíquota efetiva do DAS. A lógica da fragmentação é intuitiva: se um CNPJ faturando R$ 5 milhões paga uma alíquota alta, dois CNPJs faturando R$ 2,5 milhões cada pagariam alíquotas menores. Distribui-se o faturamento e segura-se a progressão.

Funciona até esbarrar em três paredes:

1. **O sublimite de ICMS/ISS.** O Simples tem um teto de R$ 4,8 milhões/ano de receita bruta, mas há um **sublimite de R$ 3,6 milhões** para efeito de ICMS e ISS. Passou disso, a empresa continua no Simples para os tributos federais, mas recolhe **ICMS por fora**, pela regra normal (apartado). Foi exatamente o que aconteceu na reunião: uma das empresas estourou, passou a pagar ICMS separado, e o empresário teve de represar as vendas dela para não piorar — empurrando para os outros CNPJs, que começaram a estourar em seguida.

2. **O efeito dominó.** Represar venda de um CNPJ para proteger o enquadramento dele significa sobrecarregar os outros, que então também se aproximam do limite. A estrutura que era para dar folga vira um jogo de empurra em que todos os CNPJs caminham para o teto ao mesmo tempo.

3. **A gestão.** Seis CNPJs significam seis contabilidades, seis obrigações acessórias, seis apurações, seis pontos de erro. Numa operação de e-commerce que dobra de volume no fim do ano e faz milhares de pedidos pulverizados, gerir isso manualmente vira fonte de passivo.

## O risco que ninguém menciona: a fragmentação artificial

Há um ponto jurídico que precisa ser dito com clareza. Fragmentar CNPJs **apenas** para escapar do limite do Simples, sem substância econômica real (cada empresa com operação, estrutura e propósito próprios), é tratado pela fiscalização como **planejamento abusivo** — e pode ser desconsiderado, com autuação e cobrança retroativa como se tudo fosse uma empresa só.

Quando as seis empresas vendem o mesmo produto, da mesma fábrica, para os mesmos canais, com a mesma gestão, a separação é frágil. O que protege não é o número de CNPJs — é a racionalidade econômica de cada um. Crescer empilhando empresas idênticas é construir passivo, não economia.

## A virada: unificar e migrar para o Lucro Real estruturado

A solução costuma ser o oposto da intuição do empresário: em vez de mais CNPJs, **menos** — consolidar a operação de e-commerce e levá-la ao **Lucro Real**, estruturado.

Por que o Lucro Real pode pagar menos que o Simples num e-commerce de volume? Por causa da relação entre a indústria e as lojas. O empresário tem a fábrica (no Lucro Presumido) e as lojas que revendem. A engenharia:

- A indústria vende para o e-commerce pelo **maior preço possível** dentro do razoável de mercado.
- Com isso, o e-commerce compra ""caro"" e revende com **margem pequena**.
- No Lucro Real, o imposto sobre o lucro incide sobre essa margem comprimida. Margem menor no elo varejista = base tributável menor onde a alíquota é cheia.
- O lucro se concentra na indústria, que está no Presumido (tributação sobre presunção, não sobre lucro real), onde a carga pode ser mais eficiente.

Não é truque: é alocação de margem entre elos da mesma cadeia, dentro de preços defensáveis. Combinado com o aproveitamento de créditos de PIS/COFINS não cumulativos (que o Simples não permite) sobre insumos, frete e despesas, o Lucro Real estruturado frequentemente bate o Simples fragmentado — com **um** CNPJ em vez de seis.

## ""Mas eu não tenho estrutura para o Lucro Real"" — a objeção real

A objeção mais honesta do empresário não foi tributária, foi operacional:

> ""Hoje eu não tenho mão de obra nem sistema para o Lucro Real. Minha conciliação bancária é manual, meu controle de estoque é precário. Não estou preparado.""

Essa é a objeção que separa o planejamento sério do ""migra e pronto"". O Lucro Real exige escrituração mais rigorosa, controle de estoque confiável, conciliação em dia. Migrar sem essa base é trocar um problema por outro — e pode sair mais caro.

Por isso a sequência correta é: **primeiro o diagnóstico**, depois a decisão, depois a preparação, e só então a migração. O planejamento mostra quanto se ganha; se o ganho justifica investir em sistema e equipe, prepara-se a estrutura antes da virada. A migração de regime se efetiva no início do ano-calendário, então a decisão precisa estar tomada antes da virada — com a casa arrumada.

## A camada do Espírito Santo e da Reforma

Para um e-commerce que vende para vários estados (no caso, 42% SP, 12% RJ, 10% MG), há ainda a camada do **COMPETE e-commerce** do Espírito Santo: a operação de distribuição passa a faturar pelo ES com carga efetiva de ICMS de **1,1%**, destacando 12% para o cliente. Via operador logístico, sem CAPEX — o produto é armazenado e despachado por terceiro, integrado ao sistema da loja.

A urgência: esse benefício de ICMS vai até a transição da Reforma. A CBS (que substitui PIS/COFINS) já entra em cena em 2026; o ICMS começa a ceder lugar ao IBS em 2029, com extinção em 2033. Montar a operação capixaba agora, sem investimento inicial, captura a janela; quando o benefício começar a reduzir (por volta de 2031/2032), basta desmontar a operação terceirizada. É barato entrar e barato sair.

## Tabela-resumo

| Estrutura | Vantagem aparente | Problema real |
|---|---|---|
| 6 CNPJs no Simples | Alíquota progressiva menor | Sublimite de ICMS, efeito dominó, risco de fragmentação artificial |
| Sublimite ICMS | — | R$ 3,6 mi/ano; acima disso, ICMS apartado |
| Lucro Real unificado | Crédito de PIS/COFINS, alocação de margem | Exige sistema, estoque e escrituração rigorosos |
| COMPETE e-commerce (ES) | ICMS efetivo 1,1%, sem CAPEX | Validade até a transição da Reforma |

## O ponto

Abrir CNPJ para fugir do Simples é como puxar o cobertor: cobre os pés, descobre a cabeça. Cada empresa nova adia o problema e adiciona complexidade, até a operação inteira esbarrar no sublimite ao mesmo tempo — e ainda fica exposta a ser desconsiderada por falta de substância. A saída raramente é o sétimo CNPJ. É parar, fazer a conta do Lucro Real estruturado com um CNPJ só, arrumar a casa, e migrar com a decisão tomada antes da virada do ano. Crescer dá trabalho tributário. Crescer errado dá passivo.

**Sobre a Hedge Tax.** Somos uma consultoria tributária boutique com sede em Vila Velha (ES), reconhecida como uma das principais referências em planejamento tributário para e-commerce e indústria no Espírito Santo, com atuação em todo o país. Nosso time tem passagem por Deloitte, ArcelorMittal e Vale S.A. Fazemos o diagnóstico de Simples vs. Lucro Real com os números reais da sua operação (DRE projetada, não ""control C control V""), desenhamos a relação indústria–e-commerce e estruturamos a operação capixaba via operador logístico. Se você está empilhando CNPJs e sentindo o sublimite apertar, fale com a gente: **hedgeconsultoria.com**.

Fale comigo diretamente pelo WhatsApp nesse link:
https://api.whatsapp.com/send/?phone=5527999614664

Igor Izoton
CEO, Hedge Tax
+55 27 99961-4664
igor@hedgeconsultoria.com

*Este conteúdo tem caráter informativo e não constitui consultoria tributária individualizada. A comparação entre Simples e Lucro Real, a estrutura societária e a alocação de margem dependem da operação de cada empresa e exigem análise específica; a separação de CNPJs precisa ter substância econômica real. As regras, limites e percentuais citados baseiam-se na legislação vigente (LC 123/2006, Lei ES 10.568/2016, EC 132/2023, LC 214/2025) e estão sujeitos a alteração.*
",,03/07/2026,sexta-feira,02:00:00,Baixa,Junior,Finalizado,,
FIM da Substituição Tributária,carrossel,HDG,"Slide 1
Texto Principal: FIM da Substituição Tributária (ICMS-ST) para diversos setores!
Subtítulo: A Portaria SRE 34/2026 traz mudanças drásticas. A sua empresa está preparada?

Slide 2
Texto Principal: O que mudou?
Texto Secundário: O Governo de SP publicou a Portaria SRE 34/2026, excluindo uma série de mercadorias do regime de Substituição Tributária (ICMS-ST) com retenção antecipada. A mudança impacta a precificação e a carga tributária de milhares de empresas.

Slide 3
Setores Impactados:
Autopeças e Baterias
Pneus e Câmaras de ar
Tintas e Vernizes
Materiais Elétricos
Ferramentas
Produtos Eletrônicos e Eletrodomésticos

Slide 4
Texto Principal: E o seu estoque atual? 
Texto Secundário: Inventário obrigatório! Para os produtos que saíram da ST, é preciso aplicar a Portaria CAT 28/20. Não ignore: isso pode virar dinheiro no caixa ou gerar novas obrigações.

Slide 5
Texto Principal: Fique atento ao prazo!
Texto Secundário: As novas regras entram em vigor no dia 1º de Outubro de 2026. O momento de ajustar o sistema da sua empresa, revisar o planejamento tributário e auditar o estoque é AGORA.

Slide 6
Texto Principal: Não deixe seu caixa em risco e evite autuações!
Texto Secundário: A transição do ICMS-ST exige precisão técnica e jurídica. A equipe da Hedge está pronta para conduzir o seu negócio nessa adaptação com total segurança.

","🚨 Fim da Substituição Tributária (ICMS-ST) para vários setores!

Mas a grande pergunta é: como fica o seu estoque atual? 

👉 Arraste para o lado e entenda os impactos.",03/07/2026,sexta-feira,,alta,Junior,Finalizado,https://www.doe.sp.gov.br/executivo/secretaria-da-fazenda-e-planejamento/portaria-sre-34-de-29-de-junho-de-2026-20260629112832141951578,
9. 09_ipi_base_credito_pis_cofins,Blog,HDG,"---
title: ""IPI no crédito de PIS/COFINS: o que o STJ decidiu no Tema 1.373 e a janela que sobrou""
meta_description: ""O STJ decidiu que o IPI não recuperável não gera crédito de PIS/COFINS a partir de dezembro de 2022. O que isso significa para o comércio e atacado, e por que ainda existe uma janela de recuperação do período anterior.""
keywords: IPI base crédito PIS COFINS, STJ Tema 1373, IPI não recuperável, IN 2121/2022, crédito PIS COFINS comércio, recuperação IPI revenda, IPI custo aquisição
author: Igor Izoton — Hedge Tax
focus_keyword: IPI base crédito PIS COFINS
---

# IPI no crédito de PIS/COFINS: o que o STJ decidiu no Tema 1.373 e a janela que sobrou

Numa conversa com o dono de uma indústria de pneus que acompanha de perto as teses do mercado, ele já tinha o tema no radar:

> ""Tá saindo aquela tese do IPI no PIS e no Cofins, né? Me manda que eu vejo se encaixa. Existe muita coisa que a gente analisa e decide se compensa entrar na briga.""

Compensava entrar — mas o jogo virou. Em março de 2026, o STJ fechou a discussão de forma desfavorável ao contribuinte para o período recente. Mesmo assim, sobrou uma janela de recuperação que vale dinheiro para o comércio e o atacado, e que tende a fechar. Entender o que o tribunal decidiu separa quem aproveita o que ainda existe de quem entra numa briga já perdida.

## A mecânica: por que o IPI virava crédito de PIS/COFINS

Quando um comerciante ou atacadista compra mercadoria para revenda de uma indústria, a nota costuma vir com IPI. Esse comerciante **não é contribuinte de IPI** — então ele não se credita do IPI. Para ele, o IPI pago na compra é **custo de aquisição** da mercadoria (o chamado ""IPI não recuperável"").

A tese: se o IPI integra o custo de aquisição, e o regime não cumulativo de PIS/COFINS permite crédito sobre custos vinculados à atividade, então o IPI não recuperável deveria compor a **base de cálculo dos créditos** de PIS/COFINS. Quanto maior a base, maior o crédito a abater.

Até 2019, a própria Receita reconhecia isso: a IN RFB nº 1.911/2019 autorizava expressamente o IPI não recuperável a integrar o valor de aquisição para fins de crédito de PIS/COFINS.

## A virada da Receita e a decisão do STJ

Em dezembro de 2022, a Receita mudou de posição. A **Instrução Normativa nº 2.121/2022** (em vigor desde 20/12/2022) passou a **vedar** a inclusão do IPI na base de cálculo dos créditos. Quem continuou incluindo passou a litigar.

A discussão foi parar no STJ como recurso repetitivo — o **Tema 1.373**. E em **11 de março de 2026**, a 1ª Seção do STJ, por unanimidade, fixou tese **desfavorável ao contribuinte**:

> O IPI não recuperável incidente na compra de mercadoria para revenda **não** integra a base de apuração dos créditos de PIS/COFINS, **a partir das operações realizadas após a entrada em vigor da IN 2.121/2022, em 20/12/2022**.

O fundamento do voto condutor (Min. Maria Thereza de Assis Moura): só se admite crédito daquilo que foi onerado pela mesma contribuição em etapa anterior da cadeia. Como não há PIS/COFINS sobre o IPI, não há crédito a aproveitar. Por se tratar de repetitivo, a tese é vinculante para todos os tribunais.

## A janela que sobrou: o período anterior a dezembro de 2022

Aqui está o ponto que o título do tema esconde. O STJ delimitou a vedação **a partir de 20/12/2022**. Antes disso, vigorava a IN 1.911/2019, que **expressamente autorizava** o IPI na base do crédito.

Ou seja: para as operações **anteriores a 20/12/2022**, a inclusão do IPI na base de crédito de PIS/COFINS estava amparada pela própria norma da Receita. Empresas que **não** aproveitaram esse crédito no período em que ele era permitido têm uma janela de recuperação — limitada ao prazo de 5 anos e ao recorte temporal anterior à IN 2.121/2022.

Para um comércio ou atacado com volume relevante de compras com IPI nesse período, esse crédito retroativo existe e é defensável, porque se apoia na norma que vigorava à época, não na tese que o STJ rejeitou.

## A ressalva honesta: os embargos e a modulação

Não dá para tratar isso como dinheiro garantido sem mencionar o que ainda está em aberto. Após a publicação do acórdão (17/03/2026), os contribuintes opuseram **embargos de declaração** discutindo o marco temporal — pedindo que a vedação só valesse a partir da publicação do acórdão, não desde 20/12/2022.

Isso significa que o **alcance temporal exato ainda pode ser ajustado** (modulação de efeitos). O cenário mais provável mantém o corte em 20/12/2022, mas o tema merece acompanhamento. Qualquer recuperação do período anterior deve ser construída com essa consciência — é uma janela real, mas com uma discussão de borda ainda viva.

## Quem deve olhar isso

O perfil:

- **Comércio e atacado** no Lucro Real (regime não cumulativo de PIS/COFINS).
- Que **compra mercadoria para revenda com IPI** na nota.
- Que **não se credita de IPI** (não é contribuinte do imposto).
- Com volume relevante de compras **anteriores a 20/12/2022** ainda dentro do prazo de 5 anos.

Indústrias que compram insumos com IPI e se creditam do imposto seguem outra lógica — a tese é para quem suporta o IPI como custo final.

## A camada da Reforma Tributária

Há um detalhe que torna esse tema datado por natureza. O **IPI será reduzido a zero em 2027** (EC 132/2023, LC 214/2025), exceto para produtos com similar na Zona Franca de Manaus. E PIS/COFINS serão extintos em 2027, substituídos pela CBS.

Conclusão prática: a discussão sobre IPI na base de crédito de PIS/COFINS é um tema de **encerramento**, não de futuro. Não haverá ""IPI no crédito de CBS"" nesse formato. O que existe é uma janela retroativa — período anterior a dezembro de 2022, dentro dos 5 anos — que some à medida que o calendário avança e os tributos envolvidos são extintos. Quem não olhar agora perde a chance de olhar depois.

## Tabela-resumo

| Período | Tratamento do IPI na base de crédito |
|---|---|
| Até 19/12/2022 | Permitido (IN 1.911/2019) — janela de recuperação |
| A partir de 20/12/2022 | Vedado (IN 2.121/2022, confirmado pelo STJ Tema 1.373) |
| Decisão STJ | 11/03/2026, unânime, vinculante |
| Em aberto | Embargos discutindo modulação do marco temporal |
| Prazo de recuperação | 5 anos (sobre o período permitido) |
| Reforma | IPI a zero em 2027; PIS/COFINS extintos em 2027 |

## O ponto

A tese do IPI na base do crédito de PIS/COFINS deixou de ser uma aposta de futuro e virou uma questão de retrovisor. O STJ fechou a porta para frente, mas a janela de trás — o período em que a própria Receita autorizava o crédito — continua aberta para quem comprou com IPI antes de dezembro de 2022 e não aproveitou. É crédito que prescreve no relógio dos 5 anos e morre de vez com a extinção do PIS/COFINS. Quem entrar achando que vai ganhar para frente, perde. Quem olhar para trás no prazo certo, recupera.

**Sobre a Hedge Tax.** Somos uma consultoria tributária boutique com sede em Vila Velha (ES), reconhecida como uma das principais referências em recuperação de créditos de PIS/COFINS para o comércio e atacado no Espírito Santo, com atuação em todo o país. Nosso time tem passagem por Deloitte, ArcelorMittal e Vale S.A. Mapeamos o volume de compras com IPI anteriores a dezembro de 2022, dimensionamos o crédito recuperável dentro do prazo e conduzimos a recuperação com a consciência exata do que o STJ decidiu e do que ainda está em aberto. Se a sua empresa revende mercadoria comprada com IPI, fale com a gente: **hedgeconsultoria.com**.

Fale comigo diretamente pelo WhatsApp nesse link:
https://api.whatsapp.com/send/?phone=5527999614664

Igor Izoton
CEO, Hedge Tax
+55 27 99961-4664
igor@hedgeconsultoria.com

*Este conteúdo tem caráter informativo e não constitui consultoria tributária individualizada. A existência e o tamanho do crédito do período anterior a dezembro de 2022 dependem do volume de compras e da escrituração de cada empresa, exigindo análise específica, e o marco temporal da tese ainda é objeto de embargos no STJ. As regras citadas baseiam-se na legislação e jurisprudência vigentes (IN RFB 1.911/2019, IN RFB 2.121/2022, STJ Tema 1.373, EC 132/2023, LC 214/2025) e estão sujeitas a alteração.*
",,03/07/2026,sexta-feira,03:00:00,Baixa,Junior,Finalizado,,
beijo,Video,Mineiro,,,03/07/2026,sexta-feira,18:00:00,Baixa,Junior,Finalizado,,
CARROSSEL 1  Apresentação do Suriflix,carrossel,Suricato,"Slide 1
CAPA
Logo estilo Netflix em vermelho/preto  'SURIFLIX  O único streaming que deixa você mais bonito'
Slide 2
Gancho
'Chega de pagar por episódio'  analogia com pagar corte avulso toda vez
Slide 3
Plano Light Corte
Club Light - Corte | R$ 99,90/mês | Restam 88 vagas | 'Plano Básico'
Slide 4
Plano Light Cabelo & Barba
Club Light - Cabelo & Barba | R$ 189,90/mês | Restam 94 vagas | 'Plano Padrão'
Slide 5
Plano Premium Cabelo
Club Premium - Cabelo | R$ 118,00/mês | 'Plano Premium'
Slide 6
Plano Premium Barba
Club Premium - Barba | R$ 129,90/mês
Slide 7
Plano Premium Cabelo & Barba
Club Premium - Cabelo & Barba | R$ 208,90/mês | '4K Ultra  O mais completo' | MAIS VENDIDO
Slide 8
CTA
'Assine agora. Vagas limitadas.' + link/contato na bio

","Você ainda paga corte avulso? 📺✂️

Enquanto tem gente maratonando série, nossos clientes maratonam corte em dia, barba alinhada e horário garantido.

O Suriflix foi feito pra quem gosta de praticidade, economia e quer estar sempre na régua.

As vagas são limitadas. Então não deixa pra assinar quando acabar. 😉

📲 Fale com a gente pelo link da bio e escolha o plano ideal.
",03/07/2026,sexta-feira,16:00:00,alta,Junior,Finalizado,,
video musica 6,Video,Venturini,Teaser da musica,,03/07/2026,sexta-feira,,alta,Junior,Finalizado,,
10. 10_transacao_tributaria_pgfn_capag,Blog,HDG,"---
title: ""Dívida de R$ 600 milhões reduzida a R$ 50 milhões: como funciona a transação com a PGFN""
meta_description: ""A transação tributária e a revisão da capacidade de pagamento (CAPAG) podem reduzir drasticamente dívidas inscritas na Dívida Ativa da União. Como funciona, quem se qualifica e onde está o erro que limita o desconto.""
keywords: transação tributária PGFN, revisão capacidade de pagamento, CAPAG PGFN, redução dívida ativa União, Portaria 6757, transação por capacidade de pagamento, negociar dívida federal
author: Igor Izoton — Hedge Tax
focus_keyword: transação tributária PGFN
---

# Dívida de R$ 600 milhões reduzida a R$ 50 milhões: como funciona a transação com a PGFN

Numa conversa com o diretor de uma indústria de papel, o assunto migrou para passivos tributários. Ele contou, de passagem, um número que faz qualquer empresário endividado parar:

> ""Nos últimos anos fiz umas 25 transações de grande volume. A maior foi uma dívida de R$ 600 milhões que reduzimos para menos de R$ 50.""

R$ 600 milhões viraram R$ 50 milhões. Não é mágica nem perdão político — é o uso técnico de um instrumento que existe na lei desde sempre, mas que só foi regulamentado de verdade nos últimos anos: a **transação tributária**. E o que define se uma empresa reduz 90% ou 10% da dívida quase nunca é a dívida em si. É como a **capacidade de pagamento** é calculada e contestada.

## O que é a transação tributária

A transação tem origem no **artigo 171 do Código Tributário Nacional** — dispositivo que ficou décadas como letra morta, sem regulamentação. A Lei nº 13.988/2020 e a **Portaria PGFN nº 6.757/2022** mudaram isso, estruturando como a Procuradoria-Geral da Fazenda Nacional negocia débitos inscritos em Dívida Ativa da União.

A lógica: para créditos de difícil recuperação, é melhor para a União receber uma fração do que carregar uma dívida que nunca será paga. A transação permite descontos sobre juros, multas e encargos legais — que podem chegar a **100% dessas rubricas, limitados a um percentual do valor total da inscrição** — além de parcelamentos longos.

A PGFN publica editais periodicamente (modalidades por capacidade de pagamento, débitos de difícil recuperação, pequeno valor, débitos garantidos). Os prazos de adesão abrem, fecham e são prorrogados ao longo do ano — mas a base normativa (a Portaria 6.757/2022) é permanente. Quando um edital fecha, costuma abrir outro equivalente ou renovado.

## O coração da redução: a capacidade de pagamento (CAPAG)

Aqui está onde os R$ 600 milhões viram R$ 50 milhões. O desconto na transação por capacidade de pagamento não é arbitrário — ele é calibrado pela **CAPAG**, a metodologia que a PGFN usa para estimar quanto o contribuinte conseguiria pagar.

O princípio é contraintuitivo: **quanto menor a capacidade de pagamento demonstrada, maior o desconto concedido**. A PGFN estima quanto a empresa pagaria num cenário de execução ao longo de cinco anos e usa isso como base para classificar o contribuinte (categorias A a D) e definir o benefício.

O problema: a CAPAG é calculada **automaticamente** pelo sistema, a partir de dados que nem sempre refletem a real situação financeira da empresa. Um cálculo automático que superestima a capacidade de pagamento resulta em desconto menor — ou nenhum.

A **revisão da CAPAG** é o ponto técnico que muda tudo. É possível contestar a classificação automática, apresentando justificativa fundamentada com a metodologia e os números corretos. Foi exatamente isso que reduziu a dívida da indústria de papel: *""De R$ 600 milhões de capacidade de pagamento, conseguimos revisar para R$ 50.""* Não foi a dívida que mudou — foi a leitura da capacidade de pagar, recalculada e defendida com fundamento.

## Quando a transação faz sentido (e quando não)

A honestidade aqui separa o trabalho sério da promessa vazia. A transação **não** serve para todo mundo:

- **Faz sentido** quando a dívida é relevante e a capacidade de pagamento real é baixa — empresa com passivo grande, balanço apertado, dificuldade de honrar o débito integral. Aí o potencial de desconto é alto e justifica o trabalho técnico de revisão da CAPAG.
- **Não faz sentido** quando a empresa tem lucratividade alta e capacidade de pagamento robusta. Nesse caso, o sistema vai apontar capacidade de pagar, o desconto será pequeno, e insistir na transação é gastar energia para pouco resultado.

O diretor da indústria foi direto sobre isso: empresas com lucratividade muito alta têm potencial de redução baixo; é nos casos de dívida relevante e capacidade real comprometida que a revisão paga. Diagnóstico antes de adesão — sempre.

## Um detalhe que vale ouro: prejuízo fiscal e quem assina

Dois pontos técnicos que aparecem nas operações grandes:

1. **Uso de prejuízo fiscal.** Empresas com prejuízo fiscal acumulado podem, em modalidades específicas de transação, usar esse prejuízo para abater parte do débito — um ativo que estava ""parado"" no balanço vira instrumento de quitação.

2. **Quem bate na porta importa.** A transação de grande volume é técnica e relacional. Como resumiu o diretor: *""Se você pegar a Portaria 6.757, vai ver quem assinou — o procurador-geral. Faz diferença bater na porta da Fazenda com quem conhece o terreno.""* A construção da revisão de CAPAG, a escolha da modalidade e a interlocução com a PGFN exigem especialização real — não é preencher formulário no portal Regularize.

## A camada da Reforma Tributária

A Reforma muda os tributos do consumo (PIS, COFINS, ICMS, ISS → CBS e IBS), mas **não** extingue as dívidas já inscritas em Dívida Ativa da União. Passivos de IRPJ, CSLL, contribuições e tributos antigos continuam existindo e continuam negociáveis pela transação.

Há, porém, um efeito indireto: a transição da Reforma vai gerar reorganização de operações, encerramento de incentivos e ajustes que podem **criar novos passivos** para empresas mal preparadas. Regularizar o passado via transação, enquanto se estrutura o futuro sob as novas regras, é parte de um mesmo movimento de organização tributária — não dois assuntos separados.

## Tabela-resumo

| Item | Como funciona |
|---|---|
| Base legal | Art. 171 CTN, Lei 13.988/2020, Portaria PGFN 6.757/2022 |
| O que reduz | Juros, multas e encargos (até 100% dessas rubricas, com limite sobre o total) |
| Fator decisivo | CAPAG — capacidade de pagamento |
| Princípio | Menor capacidade demonstrada = maior desconto |
| Alavanca técnica | Revisão da CAPAG (contestar o cálculo automático) |
| Recurso adicional | Uso de prejuízo fiscal em modalidades específicas |
| Quando vale | Dívida relevante + capacidade real baixa |
| Quando não vale | Lucratividade e capacidade de pagamento altas |

## O ponto

A maioria das empresas com dívida federal grande acha que só resta pagar ou quebrar. Existe um caminho no meio, na lei desde 1966 e finalmente operável: negociar com base na real capacidade de pagar. O número que assusta na inscrição não é o número final — o final depende de uma CAPAG bem calculada e bem defendida. R$ 600 milhões viraram R$ 50 milhões não porque a dívida diminuiu, mas porque alguém recalculou, com fundamento, quanto a empresa realmente podia pagar. A diferença entre os dois números é o trabalho técnico no meio.

**Sobre a Hedge Tax.** Somos uma consultoria tributária boutique com sede em Vila Velha (ES), reconhecida como uma das principais referências em estratégia e organização tributária para empresas de médio e grande porte no Espírito Santo. Nosso time tem passagem por Deloitte, ArcelorMittal e Vale S.A. Fazemos o diagnóstico de viabilidade da transação — analisando se a revisão da CAPAG tem potencial real no seu caso — e articulamos a operação com os especialistas certos para a interlocução com a PGFN. Se a sua empresa carrega passivo inscrito em Dívida Ativa da União, fale com a gente antes de aderir a qualquer edital: **hedgeconsultoria.com**.

Fale comigo diretamente pelo WhatsApp nesse link:
https://api.whatsapp.com/send/?phone=5527999614664

Igor Izoton
CEO, Hedge Tax
+55 27 99961-4664
igor@hedgeconsultoria.com

*Este conteúdo tem caráter informativo e não constitui consultoria tributária individualizada. A viabilidade e o resultado de uma transação dependem da situação financeira, do perfil da dívida e da CAPAG de cada empresa, exigindo análise específica; prazos de adesão variam conforme os editais vigentes da PGFN. As regras e percentuais citados baseiam-se na legislação vigente (art. 171 do CTN, Lei 13.988/2020, Portaria PGFN 6.757/2022 e editais PGDAU) e estão sujeitos a alteração.*
",,03/07/2026,sexta-feira,04:00:00,Baixa,Junior,Finalizado,,
Estruturar perfil do TikTok,Operacional,Suricato,,,03/07/2026,sexta-feira,17:00:00,Baixa,Junior,Finalizado,,
ESTÁTICO 02 (Alerta Documental/Packing List),Estático,Comexblog,"Visual: Arte de impacto estilo cartão vermelho de futebol.
Texto na Arte: Errar a descrição do material no Packing List é pedir para tomar um Cartão Vermelho direto para o laboratório da Alfândega.
Legenda: Colocar ""Plástico"" na Invoice quando o produto é de um ""Polímero de Etileno"" específico é um convite para a Receita reter sua carga para análise técnica. A precisão técnica salva sua margem! 🟥📝
","Colocar ""Plástico"" na Invoice quando o produto é de um ""Polímero de Etileno"" específico é um convite para a Receita reter sua carga para análise técnica. A precisão técnica salva sua margem! 🟥📝",03/07/2026,sexta-feira,,Baixa,Junior,Finalizado,,
CARROSSEL 02: O Mito do Dinheiro Parado,carrossel,LTV,"Slide 1 (Capa): Como importar direto sem quebrar o caixa da sua empresa. (Visual: Uma engrenagem girando moedas e um contêiner).
Slide 2: A maior objeção de quem foge da China: ""Eu não posso ficar com o dinheiro travado 60 dias no mar esperando a mercadoria chegar para só então vender.""
Slide 3: O modelo LTV não pede para você apostar todas as suas fichas em um único embarque.
Slide 4: Nós usamos o LCL Programado (Cargas Compartilhadas Inteligentes). Você traz lotes menores e contínuos de mercadoria dividindo espaço nos nossos contêineres.
Slide 5: O Resultado: Um fluxo híbrido. O produto chega de forma ritmada, o seu caixa respira e a economia na origem paga todo o custo logístico.
Slide 6 (CTA): Fluxo de caixa protegido e margem ampliada. Clique no link e fale com nossos engenheiros de negócio. ⚙️
","Importação não é cassino, é engenharia financeira. Você não precisa imobilizar o faturamento do ano inteiro em um navio. Com a inteligência da Carga Compartilhada LTV, nós fatiamos a sua necessidade em embarques menores e constantes, mantendo a engrenagem do seu caixa girando saudável enquanto a sua margem de lucro explode. 📊",03/07/2026,sexta-feira,,Baixa,Junior,Finalizado,,
roteiro para 4 videos e 5 carrosseis,Roteiro,Mineiro,,,03/07/2026,sexta-feira,18:00:00,Baixa,Viviane,Finalizado,,
5 - Estrutura do Carrossel: Serviço vs. Hospitalidade,carrossel,Full Gaz,"Card 1: O Gancho (Capa)
Visual: Fotografia de altíssima qualidade de uma mesa posta. 
Texto Principal (Tipografia Serifada e Elegante): O garçom entrega o prato.
Texto Secundário (Abaixo, em itálico): A hospitalidade garante o retorno.
Card 2: A Obrigação
Texto: Serviço é técnica. É entregar o pedido na mesa certa, não errar o ponto da carne e recolher os pratos no tempo exato. Serviço não é um diferencial, é a obrigação de qualquer operação.
Card 3: A Arte Intangível
Texto: Hospitalidade transcende o ato de servir, é inteligência emocional. É o acolhimento, a arte de ler a mesa, antecipar uma necessidade antes que o cliente peça e fazer com que ele se sinta a pessoa mais importante daquele salão.
Card 4: A Matemática da Experiência
Texto: Você pode ter a melhor ficha técnica e o chef mais criativo. Mas se a sua equipe de salão não compreende, domina a hospitalidade, você não sustenta um ticket médio alto. O cliente pode vai ao restaurante pela comida, mas deixa de voltar ou recomendar pelo atendimento/acolhimento.
Card 5: CTA (A Conversão)
Texto: A Full Gaz estrutura operações onde a equipe não apenas tira pedidos, mas orquestra experiências inesquecíveis.
Texto Menor (Abaixo): Acesse o link da bio e aplique-se para uma das nossas vagas de consultoria.",,03/07/2026,sexta-feira,18:00:00,Baixa,Viviane,Finalizado,,
subir os videos,Operacional,icecream,,,,sábado,18:00:00,Baixa,Viviane,Finalizado,,
"Mail Marketing: IMPORTAÇÃO (Foco: Benefícios ES)
",Email,HDG,"📝 Resumo: Venda direta do benefício de importar pelo Espírito Santo (redução de ICMS na entrada e saída). Comparativo de custo. 🎯 Melhor Setor (Tag Brevo): Importadoras, Trading Companies, Indústrias que usam insumos importados
Assunto: Importar pelo ES sai até 100% mais barato — você está deixando dinheiro na mesa? ✈️📦
Corpo do E-mail:
Olá, [Nome do Lead],
Você sabia que importar pelo Espírito Santo pode reduzir drasticamente a carga tributária da sua empresa?
Grandes players do mercado já migraram suas operações para o estado. O motivo é matemático: ✅ Isenção ou Diferimento de ICMS na importação; ✅ Tributação mínima na saída (entre 1% e 3%); ✅ Programas como INVEST-ES e Fundap.
O cenário atual: Se você continua importando por outros estados sem incentivo, você está pagando antecipado e competindo com margens menores.
O que a Hedge faz por você: 🔎 Planejamos toda a estrutura fiscal da sua operação no ES; 📝 Cuidamos dos requerimentos e habilitações junto à Sefaz; 📈 Monitoramos sua operação para garantir a manutenção dos benefícios.
Esses incentivos exigem planejamento prévio. Quanto antes você agir, maior o impacto no custo final do seu produto.
👉 [Agende uma conversa com nosso time. A análise é gratuita.]
Quem importa pelo ES, importa com inteligência. Deixe a Hedge mostrar o caminho.
",,06/07/2026,segunda-feira,18:00:00,Baixa,Junior,Finalizado,,
6- As frases que mais escuto dos noivos e formandos 🎤,carrossel,Venturini,"Se você está organizando uma festa, provavelmente já falou pelo menos uma delas... 

Card 2
 Antes da festa:
🎓 ""A galera é tímida, viu?""
💍 ""O pessoal não gosta muito de dançar.""
🎓 ""Vai ser algo mais tranquilo.""
💍 ""Não precisa se preocupar com a pista.""
Rodapé:
 (Até a primeira música começar...)
 
CARD 3
 
 Durante a festa:
🔥 ""Só mais uma música!""
🔥 ""Não deixa acabar agora!""
🔥 ""Toca aquela de novo!""
🔥 ""A gente prometeu ir embora cedo...""
😂 E ninguém vai embora antes das luzes acenderem.
 
CARD 4  
 
 A melhor frase é sempre no final:
 ""Foi a melhor festa da nossa vida!""
Texto:
 É para criar momentos assim que eu subo no palco.
Se você quer uma pista cheia, energia lá em cima e uma festa que fique na memória de todo mundo, vamos conversar.
CTA:
 📲 Chame o @gustavinn e garanta uma experiência inesquecível para seu casamento ou formatura.  
",,06/07/2026,segunda-feira,,Baixa,Viviane,Finalizado,https://docs.google.com/document/d/18Hq3ldIzLtLPSs7jN2N6e45Gh-eyncXxh9l21_U_88E/edit?tab=t.0#heading=h.7x30tw8kh9th,
video 2,Video,Comexblog,"falta o video, colocar algum video que chama atenção ",,06/07/2026,segunda-feira,,Baixa,Junior,Finalizado,,
"Roteiro 3: O Ponto de Virada (A Coragem)",Video,Full Gaz,,,06/07/2026,segunda-feira,18:00:00,alta,Junior,Finalizado,,
A Bomba-relógio da Reforma Tributária,Video,HDG,"[00:00 - 00:08] HOOK (O Gancho)
""Se a sua empresa deixar a Reforma Tributária só na mão do fiscal, vocês podem simplesmente ser impedidos de emitir nota e faturar em janeiro de dois mil e vinte e sete.""

[00:08 - 00:25] O PROBLEMA (A dor do atraso)
""Tem muito empresário esperando 'tudo ficar pronto' para começar a agir. O problema é que o relógio já está correndo. Implementar a Reforma não é só mudar imposto no papel, é um projeto que mexe no coração do seu negócio e exige mudanças urgentes nos seus sistemas e processos.""

[00:25 - 00:45] OS ALERTAS (Onde o caixa sangra)
""Quer um exemplo? O setor de compras. Com a nova regra de crédito, aquele seu fornecedor do Simples Nacional que sempre teve o menor preço pode virar a opção mais cara da mesa, se ele não mudar o regime dele até setembro de dois mil e vinte e seis. O seu time de compras sabe fazer essa conta do imposto líquido hoje? Provavelmente não.""

[00:45 - 00:58] O AGRAVANTE (Precificação)
""E a sua precificação? Nós vamos ter dois sistemas de impostos rodando ao mesmo tempo. Quem errar a formação de preço nessa transição vai operar no prejuízo em escala sem nem perceber.""

[00:58 - 01:15] A SOLUÇÃO / CTA
""O PDF da lei não muda a sua empresa. Quem implementa a Reforma é a sua equipe, com o sistema rodando e a conta feita. Quer organizar a casa com método antes do caos começar? Clica no link da bio. A Hedge Consultoria estrutura as cinco frentes que o seu negócio precisa para continuar competitivo.""","Esperar ""tudo ficar pronto"" para aplicar a Reforma Tributária é o caminho mais rápido para travar sua emissão de notas fiscais. ⏳

A adaptação não é só fiscal: ela exige mexer nos sistemas de TI, treinar o time de compras, reavaliar fornecedores e recalcular toda a sua precificação. E os prazos já estão correndo: decisões críticas, como a opção de fornecedores pelo regime híbrido, precisam ser feitas até setembro de 2026.

Se o seu comercial e o seu setor de compras não sabem calcular o crédito integral, sua empresa vai perder dinheiro.

A Hedge Tax organiza esse caos. Estruturamos a implementação da Reforma na sua empresa de forma prática, garantindo segurança e competitividade.

📲 Clique no link da bio e inicie o projeto de transição do seu negócio.",06/07/2026,segunda-feira,,alta,Junior,Finalizado,,
Carrossel 4 (Pilar 1: Estudo de Caso),carrossel,Renan,"Capa: PRISÃO PREVENTIVA NÃO É ANTECIPAÇÃO DE PENA.
Slide 2: O caso cai na mídia. O tribunal da internet já condena nas primeiras duas horas e exige a prisão imediata do suspeito.
Slide 3: Acontece que o não se julga um caso criminal por like, mas pela lei. A prisão antes do trânsito em julgado é a exceção extrema, não a regra.
Slide 4: Manter alguém preso só pela ""gravidade do crime"" ou para dar ""uma resposta à sociedade"" é um ato ilegal.
Slide 5: Para prender, é preciso risco real: tentativa de fuga comprovada, ameaça a testemunhas ou destruição de provas.
Slide 6: Quando um juiz cede à pressão popular e decreta uma prisão sem base técnica, os Tribunais de Justiça ou Superiores (STF e STJ) podem derrubar a prisão via Habeas Corpus.
Slide 7 (CTA): A justiça não se faz com emoção. Siga o perfil para análises técnicas de verdade.
Conceito Visual: Balança da justiça estilizada, linhas duras, paleta de cinzas fechados.",,06/07/2026,segunda-feira,18:00:00,Baixa,Junior,Finalizado,,
5 - Organico - desorganização interna,Roteiro,HDG,criar um estatico com o roteiro do video,,07/07/2026,terça-feira,18:00:00,Baixa,Junior,Finalizado,,
Criar roteiro carrossel,Roteiro,HDG,,,07/07/2026,terça-feira,,Baixa,Junior,Finalizado,,
Criar video com essa inspiração,Roteiro,HDG,,,07/07/2026,terça-feira,,Baixa,Junior,Finalizado,https://valor.globo.com/legislacao/noticia/2026/06/24/receita-federal-inicia-a-publicao-da-lista-de-devedores-contumazes.ghtml,
Post,carrossel,Hip,,,07/07/2026,terça-feira,18:00:00,Baixa,Viviane,Finalizado,,
5. Compliance e Pix,carrossel,HDG,"Card 1 (Capa / Gancho): Desde 2023, cada Pix acima de R$ 5.000 que entra na conta da sua empresa é reportado automaticamente para a Receita Federal. Não é rumor. É obrigação legal dos bancos.
Card 2 (Dor): O cruzamento é automático: o sistema da Receita compara o que entrou na sua conta com o que foi declarado. Qualquer divergência relevante gera uma inconsistência no sistema  e pode virar notificação ou auto de infração.
Card 3 (Dor): A multa por omissão de receita começa em 75% do imposto devido  e pode chegar a 150% em casos de dolo. Em cima ainda incidem juros. O custo de uma autuação é sempre muito maior do que o imposto que se tentou evitar.
Card 4 (Virada): Compliance Tributário não é custo  é proteção. Uma empresa com processos corretos de emissão de nota, segregação de receitas e conciliação bancária está blindada contra essas inconsistências antes que elas se tornem um problema.
Card 5 (CTA): Sua operação está preparada para um cruzamento de dados hoje? Agende um diagnóstico com a Hedge. O link está na bio.
",,07/07/2026,terça-feira,18:00:00,Baixa,Junior,Finalizado,,
 Implementar a Reforma Tributária: as 5 frentes que sua empresa precisa atacar antes de janeiro de 2027,Blog,HDG,"---
title: ""Implementar a Reforma Tributária: as 5 frentes que sua empresa precisa atacar antes de janeiro de 2027""
meta_description: ""Saber o que muda na Reforma Tributária não basta. Veja o passo a passo real de um projeto de implementação: sistemas, fornecedores, precificação, treinamento de equipes e o prazo de setembro de 2026 que pode definir sua competitividade.""
keywords: implementação da reforma tributária, como implementar reforma tributária, projeto reforma tributária empresa, cClassTrib, regime híbrido simples nacional, split payment, precificação reforma tributária, fornecedor simples nacional crédito, consultoria reforma tributária
author: Igor Izoton — Hedge Tax
focus_keyword: implementação da reforma tributária
---

# Implementar a Reforma Tributária: as 5 frentes que sua empresa precisa atacar antes de janeiro de 2027

Toda apresentação que faço sobre Reforma Tributária termina com a mesma pergunta, feita de jeitos diferentes:

> ""Já existe ferramenta, legislação e regulamentação suficiente para a gente planejar e implementar a Reforma de verdade — ou ainda é cedo?""

A resposta é sim, já existe. Temos a Emenda Constitucional 132/2023, a Lei Complementar 214/2025, regulamento publicado e centenas de instruções normativas e portarias da Receita Federal. As regras-chave estão postas. Vai haver ajuste pelo caminho? Vai. Mas quem espera ""tudo ficar pronto"" para começar vai descobrir que o prazo dele acabou em 1º de janeiro de 2027 — quando o PIS/COFINS deixa de existir e a CBS entra integralmente.

A questão real não é mais ""o que muda"" (já escrevi sobre isso [aqui](#)). É **o que a sua empresa precisa fazer, em que ordem, e até quando**. Um projeto sério de implementação da Reforma Tributária tem cinco frentes. Vou abrir cada uma, do jeito que a gente executa nos clientes.

## Antes de tudo: por que isso não é um problema só do fiscal

A Reforma é estrutural demais para ficar trancada no departamento tributário. Ela mexe em sistemas, em compras, em precificação, em logística e no time comercial. Por isso um projeto de implementação começa com uma **reunião de kickoff** que junta os times: contábil, fiscal, gerência, financeiro. Define-se líder de projeto, quem interage com quem, cronograma e prioridades.

Hoje, todo mundo — empresário, departamento fiscal, contador, advogado — está trocando o pneu do carro com o carro em movimento. A diferença entre as empresas que vão atravessar bem a transição e as que vão sofrer está em transformar esse caos em método. As cinco frentes abaixo são o método.

## Frente 1 — Adequação técnica: garantir que sua empresa consegue faturar em 2027

Parece básico, mas é o ponto mais urgente: **em 1º de janeiro de 2027, sua empresa precisa conseguir emitir nota fiscal e faturar sob as novas regras.** Sem isso, nenhuma discussão sofisticada de planejamento importa.

A adequação técnica significa olhar todas as operações do cliente — entradas e saídas — e parametrizar corretamente cada uma:

- **cClassTrib** (código de classificação tributária, novo campo da NF-e) para cada operação;
- **Novos CSTs de IBS/CBS**;
- **CINDOP** (código indicador de operação — que define se a operação gera ou não crédito);
- Layout atualizado de NF-e/NFS-e e obrigações acessórias (SPED/EFD).

Errar a parametrização tem duas consequências diretas. Na saída, tributar errado. Na entrada, **deixar de creditar uma despesa que seria creditável** — dinheiro deixado na mesa todo mês, silenciosamente.

E há os tratamentos especiais: reduções de alíquota, imunidades, receitas não tributadas. Cada um desses casos exige apontamento específico nas obrigações acessórias. Quem não trata corretamente perde o benefício na prática, mesmo tendo direito a ele na lei.

2026 é o ano de teste justamente para isso. Quem chega em dezembro sem os destaques de IBS/CBS rodando redondos no sistema vai virar o ano apagando incêndio.

## Frente 2 — Entradas: seus fornecedores valem mais (ou menos) do que você pensa

Uns 80% do conteúdo que circula por aí sobre Reforma trata das compras. Tem motivo: a mudança mais profunda do novo sistema é o **crédito financeiro integral**. Acaba a lógica do crédito físico do ICMS e a discussão de ""conceito de insumo"" do PIS/COFINS. Regra nova: tudo que o seu fornecedor pagou de imposto na operação vira crédito para você, salvo exceções pontuais (como bens de uso pessoal de sócios).

Só que crédito integral muda o valor relativo de cada fornecedor. O primeiro dever de casa é **mapear toda a base de fornecedores e classificá-la**: quem é do Simples Nacional, quem é do Lucro Presumido, quem é do Lucro Real. O tratamento de crédito é diferente para cada um — e o fornecedor do Simples, no modelo padrão, transfere ao comprador apenas o crédito limitado ao que efetivamente recolheu dentro do DAS.

A conta que o seu time de compras vai precisar fazer não é ""qual o menor preço"", e sim **qual o menor resultado líquido da compra**: preço menos o crédito que aquela nota gera. Um fornecedor do Lucro Real com preço 8% maior pode ser mais barato que um fornecedor do Simples mais ""em conta"", dependendo do crédito.

### O prazo que está passando despercebido: setembro de 2026

Aqui entra uma data que muita empresa do Simples — e muito comprador de empresa do Simples — ainda não registrou. A Resolução CGSN nº 186/2026 definiu que a opção pelo chamado **regime híbrido** (a empresa permanece no Simples, mas recolhe IBS e CBS ""por fora"", pelo regime regular, transferindo crédito integral aos clientes) deve ser formalizada **entre 1º e 30 de setembro de 2026**, com efeitos a partir de 1º de janeiro de 2027. A desistência é possível até o fim de novembro de 2026; depois disso, a escolha é irretratável para o semestre. Quem não optar segue no modelo padrão, com IBS/CBS dentro do DAS — e crédito limitado para o cliente.

Grandes indústrias já entenderam isso e estão fazendo eventos para os próprios fornecedores, fomentando que os do Simples avaliem o híbrido. O fornecedor B2B do Simples que ficar parado pode simplesmente perder competitividade — e perder cliente — a partir de 2027.

### Split payment: o imposto sai do seu caixa antes

Outro ponto da frente de entradas que afeta diretamente o financeiro: o **split payment**. Hoje, o dinheiro da venda entra no caixa, gira, e o imposto é pago no mês seguinte. No novo modelo, parte do imposto é retida na própria liquidação financeira da operação. Isso muda a projeção de desembolso e o capital de giro. Empresa que opera com caixa apertado precisa simular esse efeito agora, não em 2027.

## Frente 3 — Saídas: dois sistemas ao mesmo tempo até 2032

Na ponta da venda, muda a regra de origem para destino, mudam alíquotas com IBS/CBS — e, principalmente, **sua empresa vai conviver com dois sistemas de apuração simultâneos**. Em 2027 acaba o PIS/COFINS e entra a CBS, mas o ICMS segue até 2032, com a transição gradual para o IBS começando em 2029. São duas apurações, duas lógicas, rodando em paralelo por anos.

O trabalho aqui é o que chamamos de análise **as-is vs. to-be**: como a sua operação é tributada hoje versus como será em 2027, 2028, e em cada degrau da transição até 2033. O resultado é uma resposta objetiva: quanto você vai pagar de CBS, quanto vai ter de crédito, e se a conta fecha acima ou abaixo do que você paga hoje de PIS/COFINS.

- Se for **mais**, isso precisa entrar no seu preço — senão você opera no prejuízo sem perceber.
- Se for **menos**, você decide: repassa e ganha mercado, ou segura e ganha margem.

## Frente 4 — Precificação: a diferença entre sobreviver e prosperar

Precificação tributária merece frente própria porque é onde a Reforma decide quem fica vivo. Com mudança de alíquotas, crédito integral, produtos com redução de alíquota, imunidades e regimes diferenciados convivendo na mesma carteira, **precificar errado em 2027 não é perder margem — é poder operar deficitário em escala**.

Cada produto e serviço tem suas variáveis: alíquota cheia ou reduzida, imunidade, perfil de crédito dos insumos, mix B2B/B2C (o cliente PJ valoriza seu crédito; o consumidor final não). A precificação correta cruza tudo isso, período a período da transição.

E há o lado ofensivo: um vendedor que entende a Reforma vende mais. Exemplo real: sua empresa é do Lucro Real, o concorrente é do Simples padrão. Seu preço nominal é maior — mas você transfere crédito integral ao cliente PJ. ""Meu preço é maior, só que eu te dou o crédito cheio de IBS/CBS. Você já fez essa conta?"" Esse argumento fecha negócio. Mas só existe se o comercial for treinado para usá-lo.

## Frente 5 — Treinamento e planejamento permanente: o papel sozinho não implementa nada

Um estudo bonito em PDF não muda o comportamento de quem compra e de quem vende todo dia. Por isso a última frente é gente:

- **Time de compras:** treinado para distinguir fornecedor do Simples, do híbrido, do Presumido e do Real — com planilhas automáticas para simular o resultado líquido da compra em tempo real, sem precisar ligar para o fiscal a cada cotação.
- **Time comercial:** treinado para reprecificar em campo e usar o crédito como argumento de venda. Situações atípicas vão existir e exigem consulta; o dia a dia, não.
- **Time de TI:** ninguém de fora deve programar o sistema do cliente, mas o time interno precisa receber todos os apontamentos técnicos (códigos, parametrizações, layouts) mastigados para executar.

E o trabalho não termina na entrega. As regras-chave estão postas, mas instruções normativas e portarias continuam saindo. Operamos com monitoramento contínuo: a operação do cliente (NCMs comercializados e adquiridos, perfil das operações) é cruzada com cada norma nova publicada — e quando algo impacta aquele cliente específico, o consultor analisa e age. Reunião mensal de fechamento, revisão dos impostos e do planejamento.

Tem ainda a camada estratégica de longo prazo: **os incentivos fiscais de ICMS acabam em 2033**. Empresa que montou fábrica em Minas, no Sergipe ou no Ceará por causa de benefício estadual precisa se perguntar desde já se aquela logística continua fazendo sentido no mundo do IBS no destino. Em muitos casos, a resposta vai redesenhar a operação.

## Resumo: o cronograma de quem leva a sério

| Frente | O que entrega | Prazo crítico |
|---|---|---|
| Adequação técnica | Sistemas parametrizados (cClassTrib, CST IBS/CBS, CINDOP), empresa faturando em 2027 | 31/12/2026 |
| Entradas | Base de fornecedores mapeada (Simples / híbrido / Presumido / Real), simulador de resultado líquido da compra | Decisão de fornecedores do Simples: **set/2026** |
| Saídas | Apuração as-is vs. to-be em cada ano da transição (2027–2033) | Antes de fechar preços de 2027 |
| Precificação | Preço recalculado por produto/serviço, considerando crédito, alíquotas e mix de clientes | Antes de 01/01/2027 |
| Pessoas e permanência | Compras, comercial e TI treinados + monitoramento legislativo contínuo | Permanente |

## O ponto

A Reforma Tributária vai ser difícil para todo mundo — fisco, contador, advogado, empresário. A diferença não vai estar em quem sofre menos, e sim em quem se preparou em método: sistema rodando, fornecedor mapeado, preço recalculado e time treinado antes de janeiro de 2027. O papel não implementa a Reforma. Quem implementa é a sua equipe — bem assessorada e com a conta feita.

---

**Sobre a Hedge Tax.** Somos uma consultoria tributária boutique com sede em Vila Velha (ES), reconhecida como uma das principais referências em consultoria de implementação e adaptação à Reforma Tributária no Espírito Santo, com atuação em todo o país. Nosso time tem passagem por Deloitte, ArcelorMittal e Vale S.A. Conduzimos projetos completos de implementação — da parametrização técnica dos sistemas ao treinamento dos times de compras e comercial, com acompanhamento mensal permanente e área dedicada de precificação tributária. Se a sua empresa ainda não sabe quanto vai pagar de CBS em 2027, fale com a gente: **hedgeconsultoria.com**.

Fale comigo diretamente pelo WhatsApp nesse link:
https://api.whatsapp.com/send/?phone=5527999614664

Igor Izoton
CEO, Hedge Tax
+55 27 99961-4664
igor@hedgeconsultoria.com

---

*Este conteúdo tem caráter informativo e não constitui consultoria tributária individualizada. O impacto da Reforma Tributária depende da operação, do regime tributário, do mix de produtos e da base de fornecedores de cada empresa — a análise correta exige simulação com dados reais. As regras, prazos e percentuais citados baseiam-se na legislação vigente (EC 132/2023, LC 214/2025, Resolução CGSN nº 186/2026) e estão sujeitos a alteração.*
",,07/07/2026,terça-feira,04:00:00,Baixa,Junior,Finalizado,,
Carrossel 5 (Pilar 3: Pop Culture),carrossel,Renan,"Capa: PEAKY BLINDERS NO BRASIL: TRAZER UM IPHONE A MAIS TE FAZ UM CONTRABANDISTA?
Slide 2: Tommy Shelby ergueu um império contrabandeando uísque. Se ele estivesse no Brasil hoje, o enquadramento criminal seria completamente diferente dependendo do que tem no porta-malas.
Slide 3: Existe um abismo técnico entre Descaminho e Contrabando que a maioria confunde na hora do desespero na alfândega.
Slide 4: Descaminho é sonegar imposto de algo que é permitido. Trouxe dois MacBooks de Miami e não declarou? É descaminho. Se o imposto sonegado for de até 20 mil reais, pode ser aplicado o Princípio da Insignificância.
Slide 5: Agora, Contrabando é trazer o que é proibido por lei. Cigarro eletrônico, anabolizante sem receita, pneu usado. Aqui a brincadeira acaba. Não existe insignificância e a pena pode chegar a 10 anos se o crime for cometido utilizando avião ou barco.
Slide 6: No contrabando, não importa se você trouxe uma unidade ou um contêiner. A tipificação correta salva o réu da cadeia.
Slide 7 (CTA): A diferença técnica é a linha fina entre a sua liberdade e o sistema prisional. Siga o perfil.
Conceito Visual: Estética vintage anos 20, cores terrosas e saturadas, textura de papel envelhecido, mantendo a pegada dark da agência.",,07/07/2026,terça-feira,18:00:00,Baixa,Junior,Finalizado,,
Post,Estático,Hip,,,07/07/2026,terça-feira,18:00:00,Baixa,Viviane,Finalizado,,
Post,Estático,animales,,,07/07/2026,terça-feira,18:00:00,Baixa,Viviane,Finalizado,,
Aguardar Roteiro,carrossel,Mineiro,,,07/07/2026,terça-feira,18:00:00,Baixa,Junior,Finalizado,,
CARROSSEL 03: O VAR da Receita (Amostragem),carrossel,Comexblog,"Slide 1 (Capa): Quando o fiscal da Receita pede o ""VAR"" da sua carga. (Visual: Árbitro de futebol fazendo o sinal do VAR na frente de um contêiner).
Slide 2: O Canal Vermelho não significa que a Receita vai revirar 100% da sua carga logo de cara. Eles fazem a Conferência por Amostragem.
Slide 3: O fiscal manda abrir o contêiner e puxa algumas caixas aleatórias da porta ou do meio. É o ""pente-fino"" rápido.
Slide 4: O Perigo: Se a cor do produto puxado for diferente da Invoice, ou faltar a etiqueta do Inmetro na embalagem... o fiscal aciona o VAR.
Slide 5: Ele para a amostragem e exige a abertura total e minuciosa da carga. O tempo de liberação passa de dias para semanas. A armazenagem vai à loucura.
Slide 6 (CTA): O seu Packing List espelha a realidade da carga física? Revise antes de embarcar! 🛑
","A conferência por amostragem é aquele momento de suadeira fria no porto. O fiscal puxa três caixas... se bater tudo com o documento, golaço, tá liberado. Se tiver UMA divergência boba, ele pede a desova total do contêiner e a sua margem de lucro vira pó pagando armazenagem. O seu despachante faz essa auditoria documental pesada com você antes do embarque? 🔍",07/07/2026,terça-feira,,Baixa,Junior,Finalizado,,
ESTÁTICO 03 (Alerta/Notificação),Estático,LTV,"Visual: Estilo notificação de celular de alta prioridade.
Texto na Arte: ⚠️ Alerta: O seu principal concorrente acaba de consolidar um lote exclusivo de White Label em Yiwu pagando 1/3 do preço, enquanto você pausa campanhas no Brasil.
","A velocidade da informação é cruel. Enquanto o empresário mediano aguarda o fornecedor local receber estoque, os líderes do nicho usam a inteligência da LTV para varrer os parques industriais asiáticos em busca do menor custo com a maior qualidade. Não fique para trás! 🚀🔔",07/07/2026,terça-feira,,Baixa,Junior,Finalizado,,
Video,Video,icecream,,,07/07/2026,terça-feira,18:00:00,Baixa,Junior,Finalizado,,
Dominio,Dev,animales,Renovação de dominio,,07/07/2026,terça-feira,,Baixa,Viviane,Finalizado,,
Solicitar Login e Senha do Instagram,Operacional,icecream,,,07/07/2026,terça-feira,,Baixa,Junior,Finalizado,,
video musica 3,Video,Venturini,Teaser da musica,,07/07/2026,terça-feira,,Baixa,Junior,Finalizado,,
8. Agro e Holding Rural,carrossel,HDG,"Card 1 (Capa / Gancho): A fazenda cresce. O CPF não aguenta. Em algum momento, operar o agronegócio como Pessoa Física deixa de ser tradição e vira um problema tributário real.
Card 2 (Dor): Produtor rural na Pessoa Física paga IR sobre a receita bruta da atividade rural  com deduções limitadas. À medida que o faturamento escala, a alíquota efetiva cresce junto. E não tem muito como planejar dentro dessa estrutura.
Card 3 (Dor): O outro problema é a herança. Terras registradas no CPF passam por inventário. Isso significa meses de processo judicial, ITCMD sobre o valor venal das propriedades e honorários. Em propriedades grandes, o custo pode inviabilizar a sucessão.
Card 4 (Virada): A Holding Rural organiza o patrimônio dentro de um CNPJ. Reduz a carga de IR, abre acesso a linhas de crédito rural mais favorecidas e resolve a sucessão via cotas  sem inventário, sem disputa entre herdeiros, sem custo desproporcional.
Card 5 (CTA): O legado que você construiu merece uma estrutura à altura. Fale com a Hedge sobre Holding Rural e garanta a segurança da sua produção. O link está na bio!
","Sua fazenda cresceu. Mas a estrutura que sustenta o seu patrimônio cresceu junto?

Muitos produtores continuam operando como Pessoa Física por tradição, sem perceber que isso pode significar mais imposto, menos possibilidades de planejamento e uma sucessão patrimonial muito mais cara e burocrática.

A Holding Rural é uma estratégia que pode trazer mais eficiência tributária, facilitar o acesso a crédito e proteger o patrimônio construído ao longo de gerações.

Deslize o carrossel e entenda por que essa decisão pode fazer toda a diferença para o futuro da sua produção.

💬 Quer saber se faz sentido para o seu caso? Fale com a Hedge. O link está na bio.",08/07/2026,quarta-feira,18:00:00,Baixa,Junior,Finalizado,,
"6 -   A Arte de Dizer ""Não""",carrossel,Full Gaz,"Card 1: O Gancho (Capa)
Texto Principal (Elegante e Serifado): Como dizer ""não"" a um cliente...
Texto Secundário (Abaixo, em itálico): ...sem quebrar a hospitalidade.
Card 2: O Fim do Encantamento
Texto: Um ""não fazemos"" ou ""a cozinha não permite"" destrói a percepção de luxo. O cliente sente que o restaurante é inflexível e engessado. Na alta gastronomia, o rigor das fichas técnicas precisa andar de mãos dadas com a elegância do serviço.
Card 3: A Condução Estratégica
Texto: A sua equipe não deve apenas negar, ela deve estar treinada para conduzir.
Destaque (Citação): Troque o ""não podemos mudar esse ingrediente"" por ""O chef desenhou este prato para harmonizar perfeitamente com este elemento. Mas, para o seu paladar, posso sugerir uma excelente alternativa...""
Card 4: CTA (A Conversão)
Texto: Treinar equipes para dominar a hospitalidade estratégica é o que separa um restaurante comum de uma operação premium.
Texto Menor (Abaixo): Acesse o link da bio e aplique-se para uma das nossas vagas exclusivas de consultoria.
","O luxo não está em nunca dizer ""não"". Está em saber conduzir a conversa com elegância.

Cada interação com o cliente é uma oportunidade de reforçar a experiência da sua marca. Uma equipe bem treinada transforma limitações em percepção de valor e faz da hospitalidade um diferencial competitivo.

Restaurantes premium não vendem apenas pratos. Entregam experiências.

Acesse o link da bio e descubra como a Fullgaz pode elevar o padrão da sua operação.",08/07/2026,quarta-feira,18:00:00,Baixa,Junior,Finalizado,,
7 - O tipo de formando que existe em toda turma 🎓,carrossel,Venturini," Você vai reconhecer pelo menos um deles... ou talvez seja um deles. 😂
 
CARD 2
  Os clássicos da formatura:
🤓 O sobrevivente
 Não sabe como chegou até aqui, mas chegou.
📚 O estudioso
 Já está pensando na próxima pós-graduação.
📸 O influencer
 Passa mais tempo fazendo stories do que aproveitando a festa.
 
CARD 3
 
 Os que dominam a pista:
🍻 O animador oficial
 Conhece todo mundo e puxa qualquer brincadeira.
💃 O que fala que não vai dançar
 E acaba sendo o último a sair da pista.
🎤 O cantor do grupo
 Pega o microfone imaginário e sabe todas as letras.
 
CARD 4  
 
 E na sua turma, quem é você? 😂
Texto:
 Seja o estudioso, o influencer ou o rei da pista, uma coisa é certa:
Toda formatura merece uma festa inesquecível.
CTA:
 🎤 Quer transformar sua colação em uma noite épica?
📲 Chame o @gustavinn e faça sua turma viver uma formatura que será lembrada por muitos anos. 🔥🎓🍾
",,08/07/2026,quarta-feira,,Baixa,Viviane,Finalizado,https://docs.google.com/document/d/18Hq3ldIzLtLPSs7jN2N6e45Gh-eyncXxh9l21_U_88E/edit?tab=t.0#heading=h.7x30tw8kh9th,
CARROSSEL 03: Do Zero ao Primeiro Embarque,carrossel,LTV,"Slide 1 (Capa): Do Zero ao Primeiro Embarque: O seu guia rápido para virar importador. (Visual: Um mapa do tesouro moderno e minimalista).
Slide 2: O mercado faz parecer que importar é exclusividade de mega corporações. A LTV desmistifica isso em 4 passos.
Slide 3: Passo 1: Habilitação de Radar. Sem dor de cabeça, nossa equipe habilita o seu CNPJ na Receita Federal para operar legalmente.
Slide 4: Passo 2: Sourcing e Viabilidade. Nós conectamos você aos fornecedores na China e fazemos o cálculo reverso para provar se a importação dá lucro real na porta do seu galpão.
Slide 5: Passo 3: Otimização em Carga Compartilhada. Sem a obrigação de lotar contêiner, seu lote entra na nossa malha LCL.
Slide 6 (CTA): Cuidamos da aduana e entregamos no seu armazém. Dê o primeiro passo rumo ao lucro no link da bio. 🗺️
",Romper a barreira do mercado internacional exige acompanhamento estratégico. Transformar o seu CNPJ em um Importador de alta performance não precisa ser um salto no escuro se você estiver amparado por quem já mapeou todos os riscos do caminho. Pronto para o primeiro embarque? 📦✈️,08/07/2026,quarta-feira,,Baixa,Junior,Finalizado,,
ESTÁTICO 03 (Mindset),Estático,Comexblog,"Visual: Fundo escuro premium, tipografia robusta.
Texto na Arte: O mercado local te dá conforto. O mercado global te dá escala e o monopólio.
Legenda: Enquanto você tiver medo de falar com fornecedores estrangeiros, sua empresa vai continuar sendo coadjuvante da marca que teve coragem de internacionalizar o estoque. 🌍🚀
","Enquanto você tiver medo de falar com fornecedores estrangeiros, sua empresa vai continuar sendo coadjuvante da marca que teve coragem de internacionalizar o estoque. 🌍🚀",08/07/2026,quarta-feira,,Baixa,Junior,Finalizado,,
Calcular e lançar os videos na planilha,Operacional,Aline,,,28/07/2026,terça-feira,,Baixa,Viviane,Finalizado,,
" 9 -""O 'Combo' que salva a sua sanidade""",Video,Aline,,,08/07/2026,quarta-feira,18:00:00,Baixa,Viviane,Finalizado,,
Mail Marketing: TRANSPORTADORAS (Foco: Custo de Frete & Reforma),Email,HDG,"📧 E-MAIL 04: TRANSPORTADORAS (Foco: Custo de Frete & Reforma)
📝 Resumo: E-mail nichado para logística, abordando o aumento de impostos sobre serviços e a perda de créditos de combustível/manutenção com a nova lei. 🎯 Melhor Setor (Tag Brevo): Transportadoras, Logística, Frotistas
Assunto: A Reforma Tributária pode pesar no seu frete – Sua transportadora está preparada? 🚛
Corpo do E-mail:
Olá, [Nome do Lead],
A Reforma Tributária já é realidade – e as transportadoras estão entre os setores que mais sentirão o impacto no caixa.
O novo modelo traz mudanças profundas na forma de tributar serviços, alterando diretamente a precificação do frete e o equilíbrio financeiro da sua frota.
🚨 Principais pontos de atenção:
Aumento na carga tributária sobre serviços: Unificação de impostos pode encarecer fretes interestaduais.
Perda de Créditos: Hoje você aproveita créditos de combustíveis e pneus. Com o novo sistema, isso pode se perder sem a adequação correta.
Risco no Simples Nacional: Transportadoras menores podem ser afetadas de forma desproporcional.
A maioria das transportadoras só vai perceber o problema quando o prejuízo bater na margem de lucro. Não seja uma delas.
Na Hedge Tax, ajudamos você a simular o impacto no frete e redesenhar o planejamento tributário para minimizar perdas.
✅ E o melhor: nossa análise inicial é sem custo.
🎯 Quer saber quanto sua transportadora pode economizar (ou deixar de perder)?
👉 [AGENDE SUA ANÁLISE GRATUITA]
Quem se antecipa, economiza.
",,08/07/2026,quarta-feira,18:00:00,Baixa,Junior,Finalizado,,
Vídeo 6 (Pilar 2: Desespero),Video,Renan,"[GANCHO]: (3s) Recebi uma intimação da polícia pelo WhatsApp. Devo bloquear o contato?
[CORPO]: Se você acha que ignorar o PDF que o escrivão te mandou vai fazer o inquérito desaparecer por milagre, você está implorando para ser acordado com uma viatura na sua porta por desobediência ou condução coercitiva. O maior erro do cidadão comum é ir até a delegacia de peito aberto achando que ""quem não deve, não teme"". O delegado não é seu psicólogo. Muitas vezes, a intimação vem disfarçada como ""testemunha"", mas as perguntas são desenhadas para que você produza provas contra si mesmo. Com um criminalista do lado, a gente tem acesso antecipado ao inquérito.
[CTA]: Não jogue roleta russa com a sua liberdade. Siga o perfil para saber como agir na crise.
[DIREÇÃO VISUAL]: Dinâmico, um leve zoom in a cada frase forte. Som de notificação do WhatsApp logo no primeiro segundo do gancho.","📲 ""Recebi uma intimação da polícia pelo WhatsApp. É golpe?""

A quantidade de gente que ignora uma intimação porque chegou pelo WhatsApp é assustadora.

E pior: tem quem vá sozinho à delegacia acreditando que ""quem não deve, não teme"".

É justamente aí que muita gente transforma uma simples oitiva em um problema muito maior.

⚠️ Antes de responder qualquer mensagem, comparecer à delegacia ou prestar qualquer declaração, entenda exatamente qual é a sua situação jurídica.

Sua liberdade vale muito mais do que um ""depois eu vejo"".

💬 Você iria imediatamente à delegacia ou desconfiaria que era golpe? Comenta aqui.

⚖️ Siga o perfil para aprender como agir antes que seja tarde.",08/07/2026,quarta-feira,18:00:00,Baixa,Junior,Finalizado,,
Post,Estático,Hip,,,08/07/2026,quarta-feira,18:00:00,Baixa,Viviane,Finalizado,,
Post,Estático,animales,,,08/07/2026,quarta-feira,18:00:00,Baixa,Viviane,Finalizado,,
13 - Entrevista barbeiro Menor,Video,Suricato,,"Ou você aprende a cortar... ou pode ir embora."" 😂✂️

Foi assim que começou a história do Menor na Suricato.

O que parecia uma bronca virou oportunidade. Hoje, além de ser um barbeiro de respeito, ele faz parte da família que transforma uma simples ida à barbearia em uma resenha entre amigos.

Aqui o corte é importante, mas o ambiente faz toda a diferença. 💈❤️

Quem já passou pela Suricato sabe: você entra pra cortar o cabelo... e acaba ficando pela conversa.",08/07/2026,quarta-feira,14:00:00,Baixa,Junior,Finalizado,,
Roteiro 2: Ideia do Cliente vs. A Tattoo,Video,Mineiro,"Objetivo: Mostrar a capacidade de traduzir e elevar a ideia do cliente.
Áudio: Música em alta (Trending) voltada para transições.
Cena 1 (O Pedido):
Visual: Tatuador no estúdio conferindo o celular.
Texto na Tela: ""Ideia do cliente vs A tattoo que eu criei""
Cena 2 (O Briefing):
Visual: A imagem de fundo se mantém, mas começam a pipocar na tela caixas de mensagem do WhatsApp mostrando o briefing inicial do cliente.
Cena 3 (O Resultado - 00:08 a 00:13):
Visual: Corte seco para takes dinâmicos do resultado final da tatuagem na pele do cliente.
",,09/07/2026,quinta-feira,18:00:00,Baixa,Viviane,Finalizado,,
O segredo do efeito transitório - 1007,Video,Mineiro,"Mineiro filma o estêncil na pele. Depois, filma a tatuagem já pronta. Na edição, será aplicado um efeito de transição que faz o estêncil se transformar na tatuagem finalizada, junto com um filtro de foto do Instagram. O vídeo é apenas visual, sem falas.",,09/07/2026,quinta-feira,,Baixa,Junior,Finalizado,https://www.instagram.com/p/DZfovrkPPWA/,
Post,Estático,Hip,,,09/07/2026,quinta-feira,18:00:00,Baixa,Viviane,Finalizado,,
Post,Estático,animales,,,09/07/2026,quinta-feira,18:00:00,Baixa,Viviane,Finalizado,,
Captação com o Igor,Captação,HDG,,,09/07/2026,quinta-feira,18:00:00,Baixa,Junior,Finalizado,,
video 3,Video,Comexblog,,,09/07/2026,quinta-feira,,Baixa,Junior,Finalizado,,
O PIX da Coxinha (Misturar CPF e CNPJ),Video,HDG,"Você já foi comprar um lanche, pediu pra pagar no PIX, e na hora de digitar a chave apareceu o nome de uma pessoa física e não o da loja?
Como cliente, você não tá nem aí, você só quer comer a sua coxinha. Mas se você é o dono do negócio que recebe esse PIX... tudo muda.
Muita gente recebe dinheiro da empresa na conta pessoal achando que é o gênio da economia, dando um drible nos impostos da pessoa jurídica. A verdade nua e crua? A Receita Federal não é boba. Com a e-Financeira, o governo já cruza todos os seus dados bancários automaticamente.
Não é uma questão de se você vai ser pego, é uma questão de quando. E quando essa conta não fechar, a autuação por omissão de receita vem com uma multa que vai custar muito mais caro que o que você você vendeu.
Para proteger o seu patrimônio do jeito certo e parar de correr risco de autuação à toa, clica no link da bio e chama os especialistas da Hedge Consultoria.""
","Achar que o governo não está vendo o PIX na sua conta pessoal é uma ilusão que custa caro. 💸📱
Misturar as contas do CPF com as do CNPJ para ""economizar"" impostos é o atalho mais rápido para cair na malha fina. A Receita Federal cruza os dados das instituições financeiras automaticamente. Quando a divergência for detectada, a multa por omissão de receita pode ser pesadíssima.
Proteção patrimonial de verdade se faz com contabilidade limpa e estratégia tributária dentro da lei, não com amadorismo no caixa.
📲 Quer organizar as finanças da sua empresa com segurança jurídica? Clique no link da bio e fale com a equipe da Hedge.
",09/07/2026,quinta-feira,,Baixa,Junior,Finalizado,,Postar na quinta
stencil no rosto,Video,Venturini,"Mineiro está colando o estêncil no rosto do Gustavo. Enquanto faz isso, ele fala: ""Essa tatuagem vai ficar boa, mas sem mostrar a câmera, hein!"" Ele movimenta a câmera propositalmente para não deixar ver direito o desenho. A tatuagem é uma arte especial que faz referência ao lançamento do novo CD, que será dia 10/07.",,09/07/2026,quinta-feira,,alta,Junior,Finalizado,,
Aguardar Roteiro,Estático,Mineiro,fotos do gustavo,,10/07/2026,sexta-feira,18:00:00,Baixa,Junior,Finalizado,,
Post,Video,Hip,,,10/07/2026,sexta-feira,18:00:00,Baixa,Viviane,Finalizado,,
CARROSSEL 04: O Pesadelo do Canal Cinza,carrossel,Comexblog,"Slide 1 (Capa): Esqueça o Canal Vermelho. O Canal Cinza é o verdadeiro cemitério de CNPJs. (Visual: Fundo sombrio, caveira corporativa ou um carimbo ""CONFISCADO"").
Slide 2: Verde libera. Amarelo analisa papel. Vermelho analisa carga. Mas e o Cinza? Ele é a abertura de um inquérito de fraude aduaneira contra a sua empresa.
Slide 3: O que ativa o Canal Cinza? Suspeita de subfaturamento bizarro (declarar TV a preço de rádio) ou uso de empresa ""laranja"" (ocultação do real adquirente).
Slide 4: A Tortura: Sua carga pode ficar retida para investigação por até 180 dias. E a conta do terminal portuário é toda sua.
Slide 5: O Fim da Linha: Se a fraude for provada, você sofre a Pena de Perdimento. A mercadoria é confiscada pelo governo e você perde 100% do capital.
Slide 6 (CTA): Tentar dar ""jeitinho"" no Siscomex custa o seu negócio. Jogue pelas regras! ⚖️
","Tentar economizar imposto declarando valores irreais ou usando CNPJ de terceiros é a receita perfeita para conhecer o Canal Cinza de perto. É uma investigação formal, demorada e impiedosa. Quem trabalha com Comércio Exterior profissional de verdade não brinca com compliance. Já viu alguma carga ir parar no Canal Cinza? O estrago é gigante. ☠️",10/07/2026,sexta-feira,,Baixa,Junior,Finalizado,,
ESTÁTICO 04 (Meme de Sexta/Atacado),Estático,LTV,"Visual: Meme corporativo expressando falsa felicidade (Sorriso com os olhos tristes).
Texto na Arte: Eu fingindo estar muito agradecido pelos 3% de desconto que o fornecedor nacional me deu... depois de eu faturar R$ 100 mil girando o produto dele.
",Escalar faturamento vendendo produtos de terceiros é trabalhar dobrado para receber migalhas percentuais no final do mês. Cortar o intermediário asiático e consolidar embarques direto com a LTV garante saltos de 30 a 40% na sua rentabilidade imediata. 😂💸,10/07/2026,sexta-feira,,Baixa,Junior,Finalizado,,
Carrossel 1: O Teto do Simples Nacional,carrossel,HDG,"Slide 1: O Simples Nacional é a maior mentira já contada para arrancar dinheiro da sua empresa.
Slide 2: Muito empresário morre de medo de estourar o limite de faturamento e chega a travar as próprias vendas de propósito para não ""chamar a atenção"" da Receita.
Slide 3: A desculpa clássica de sempre: ""Se eu sair do Simples, a minha empresa quebra com tanta burocracia e imposto.""
Slide 4: A realidade: o Lucro Real ou Presumido muitas vezes sai BEM MAIS barato. Eles destravam créditos e incentivos milionários que o Simples bloqueia.
Slide 5: Pagar imposto a mais por medo da matemática é rasgar o lucro da sua operação. A Hedge faz a conta real para o seu negócio. Link na bio.",,10/07/2026,sexta-feira,,Baixa,Junior,Finalizado,,
Video casamento trafego pago ,Video,Venturini,"Se você está organizando uma festa, provavelmente já falou pelo menos uma delas... 

Card 2
 Antes da festa:
🎓 ""A galera é tímida, viu?""
💍 ""O pessoal não gosta muito de dançar.""
🎓 ""Vai ser algo mais tranquilo.""
💍 ""Não precisa se preocupar com a pista.""
Rodapé:
 (Até a primeira música começar...)
 
CARD 3
 
 Durante a festa:
🔥 ""Só mais uma música!""
🔥 ""Não deixa acabar agora!""
🔥 ""Toca aquela de novo!""
🔥 ""A gente prometeu ir embora cedo...""
😂 E ninguém vai embora antes das luzes acenderem.
 
CARD 4  
 
 A melhor frase é sempre no final:
 ""Foi a melhor festa da nossa vida!""
Texto:
 É para criar momentos assim que eu subo no palco.
Se você quer uma pista cheia, energia lá em cima e uma festa que fique na memória de todo mundo, vamos conversar.
CTA:
 📲 Chame o @gustavinn e garanta uma experiência inesquecível para seu casamento ou formatura.  
",,10/07/2026,sexta-feira,,alta,Junior,Finalizado,,
Hedge Partner,Design,HDG,"Quinta-feira 23/07
Transação Tributária 
Dr Marcos Alexandre- SC
Parceiro Hedge",,13/07/2026,segunda-feira,,Baixa,Junior,Finalizado,,
Hedge Partner,Design,HDG,"Oportunidades com a Reforma Tributária
06/08
André Telles",,13/07/2026,segunda-feira,,Baixa,Junior,Finalizado,,
Post,carrossel,Hip,,,13/07/2026,segunda-feira,18:00:00,Baixa,Viviane,Finalizado,,
"O ""Pronunciamento Oficial"" (Falsa Polêmica) - 1007",Video,Venturini,"Texto na tela: ""Preciso pedir desculpas à cidade de Mutum-MG...""
O Roteiro: Ele olha para a câmera e diz: ""Gente, eu vim aqui a público pedir perdão para a prefeitura e para os moradores de Mutum. Me desculpem mesmo, mas no dia 18/07, eu vou parar o trânsito, acabar com o sossego e botar a cidade inteira pra pular. O que a gente vai gravar nesse DVD não tá escrito!""
A Virada: No momento em que ele fala ""não tá escrito"", a edição corta bruscamente para uma montagem extremamente acelerada dele pulando, zoando, tocando guitarra e rebolando (com uma música estourada ao fundo).
Legenda/CTA: A treta tá armada! Dia 18/07 em Mutum-MG.",,13/07/2026,segunda-feira,,alta,Junior,Finalizado,,
Carrossel 6 (Pilar 2: Guia Prático),carrossel,Renan,"Capa: O GOLPE SUJO DA ""CONFISSÃO"" NO BANCO DE TRÁS DA VIATURA.
Slide 2: O suspeito é algemado, jogado na viatura e, sob forte pressão psicológica no caminho para a delegacia, acaba confessando o crime para os agentes.
Slide 3: O que a televisão não te conta: nos Tribunais Superiores, essa confissão informal tem o mesmo valor de um pedaço de papel em branco.
Slide 4: O Estado não pode usar o terror para suprir a própria incompetência investigativa. A lei exige o ""Aviso de Miranda"".
Slide 5: Se no exato momento da abordagem o policial não informar expressamente que você tem o direito de ficar calado, tudo o que for dito a partir dali é prova ilícita.
Slide 6: Um processo penal viciado na raiz tem que ser anulado. Não é impunidade, é o Estado sendo obrigado a seguir as próprias leis.
Slide 7 (CTA): Conhecer as regras do jogo é a sua maior defesa. Siga meu perfil para entender seus direitos.
Conceito Visual: Contraste alto P&B. Imagem de fundo com um reflexo de sirene vermelha bem suave.",,13/07/2026,segunda-feira,18:00:00,Baixa,Junior,Finalizado,,
ESTÁTICO 04 (Curiosidade/O Alho),Estático,Comexblog,"Visual: Um navio cargueiro navegando, mas no lugar dos contêineres há cabeças gigantes de alho.
Texto na Arte: Como a China consegue entregar Alho na porta do seu supermercado mais barato que o produtor do estado vizinho?
Legenda: Mais de 30% do alho no Brasil vem da Ásia. Isso não é sobre culinária, é sobre o poder brutal de redução de custos da logística global marítima. Se eles fazem isso com perecíveis, imagina o que dá para fazer no seu nicho? 🧄⛴️
","Mais de 30% do alho no Brasil vem da Ásia. Isso não é sobre culinária, é sobre o poder brutal de redução de custos da logística global marítima. Se eles fazem isso com perecíveis, imagina o que dá para fazer no seu nicho? 🧄⛴️",13/07/2026,segunda-feira,,Baixa,Junior,Finalizado,,
"CARROSSEL 04: A Conta Oculta do ""Sem Estoque""",carrossel,LTV,"Slide 1 (Capa): A matemática cruel de ficar 30 dias sem o seu produto campeão de vendas. (Visual: Uma calculadora pingando sangue ou dinheiro pegando fogo).
Slide 2: ""Vou esperar o atacadista de São Paulo receber mercadoria, é mais seguro."" Seguro para quem?
Slide 3: Enquanto você espera, as suas campanhas de tráfego pago encarecem. Os anúncios perdem relevância e o cliente compra do seu concorrente.
Slide 4: O custo de perder ranqueamento na primeira página dos marketplaces por ruptura de estoque é 10x maior do que estruturar uma operação de importação direta.
Slide 5: A LTV garante que o coração logístico da sua empresa nunca pare, conectando você direto com quem fabrica.
Slide 6 (CTA): Pare de terceirizar o controle do seu negócio. Fale com a LTV hoje mesmo. 🛑
",Ficar dependente da boa vontade e do ritmo do importador atacadista no Brasil é entregar o volante da sua empresa na mão de estranhos. A quebra de estoque destrói o tráfego orgânico que você demorou meses para construir. Autonomia logística é sobrevivência. 📉🛡️,13/07/2026,segunda-feira,,Baixa,Junior,Finalizado,,
A Assinatura de Streaming (O Falso Simples),Video,HDG,"Sabe aquela assinatura de streaming que você não assiste mais, mas tem preguiça de cancelar e fica perdendo quarenta reais todo mês sem usar nada?
Na sua vida pessoal, isso é só o preço de um café. Mas se você é dono de um negócio, essa mesma preguiça tem outro nome e custa milhares de reais.
Muito empresário se apega ao 'Simples Nacional' e morre abraçado com ele, achando que é sempre o regime mais barato porque a guia é única. A realidade é que, dependendo do quanto você fatura e do tamanho da sua folha de pagamento, o Simples vira uma máquina de queimar dinheiro.
Muitas vezes, migrar para o Lucro Presumido ou Real aumenta a sua margem de forma absurda. O medo da burocracia não pode ser a desculpa para você destruir o caixa da sua empresa.
Quer recalcular essa rota com base em números reais e ter certeza de que você tá pagando o mínimo possível dentro da lei? O link da Hedge Consultoria tá na bio."""," O Simples Nacional nem sempre é ""simples"" e muito menos o mais barato. 📊🏢
Muitas empresas pagam impostos a mais simplesmente porque têm preguiça (ou medo) de sair da zona de conforto e simular outros regimes tributários. Conforme o seu faturamento cresce ou a sua folha de pagamento muda, o Lucro Presumido ou o Lucro Real podem ser escolhas financeiramente muito superiores.
Pagar imposto a mais por falta de cálculo é deixar dinheiro na mesa todo mês.
📲 Chegou a hora de fazer a conta certa. Clique no link da bio e agende um diagnóstico com a Hedge Consultoria.
",13/07/2026,segunda-feira,,Baixa,Junior,Finalizado,,
"Roteiro 4: A Bagagem Internacional (O Aperfeiçoamento)
",Video,Full Gaz,,,13/07/2026,segunda-feira,18:00:00,Baixa,Junior,Finalizado,,
CARROSSEL 2  Suriflix x Casa de Aposta,carrossel,Suricato,"Slide 1
CAPA / Provocação
'Você bota fé em odd de 1.3 do Vasco... mas não assina o Suriflix?' 😂
Slide 2
Argumento 1
'Na aposta você paga e pode perder tudo'
Slide 3
Argumento 2
'No Suriflix você paga e sai mais bonito TODO MÊS  odd de 100% de retorno'
Slide 4
Tabela de Odds
Odd de ficar feio sem assinar: 9.50 🔴 | Odd de dar green assinando: 1.01 🟢 (estilo interface de apostas)
Slide 5
Urgência
Vagas estilo 'mercado fechando'  '94 vagas restantes  o mercado fecha em breve'
Slide 6
CTA
'Essa é a aposta mais segura que você vai fazer hoje. Assine o Suriflix.' + link

","Tem gente que confia numa odd improvável... mas ainda fica pensando se vale a pena assinar o Suriflix. 😂

Na aposta você torce.
No Suriflix você ganha um corte novo todo mês.

Essa talvez seja a única aposta que o resultado já vem garantido: sair da barbearia no estilo. 😎✂️

📲 Corre porque as vagas são limitadas. Link na bio.

#Suriflix #Barbearia #Futebol #Aposta #Odd #Humor
",13/07/2026,segunda-feira,17:00:00,Baixa,Junior,Finalizado,,
Sequestro relâmpago: o cliente não escapa - 1007,Video,Mineiro,"A cena começa com o porta-malas do carro sendo aberto. O cliente (que sou eu) está dentro do porta-malas. Gustavo aparece na abertura e fala: ""Aí, resolvi o problema que você tinha com horário."" Mineiro responde: ""Cara, você está louco, esse cara é meu cliente!"" Gustavo então fala: ""Isso mesmo, agora você tem horário pra mim. Fala que nunca tem horário... Bora lá resolver!"" E em seguida, ele fecha o porta-malas novamente.","**POV: você tenta marcar uma tattoo com o Mineiro e ele nunca tem horário disponível 😂**

O Gustavinn encontrou a solução mais absurda possível… agora quero ver negar essa vaga 🤣🔥

#MineiroTattoo #Gustavinn #Tattoo
",14/07/2026,terça-feira,18:00:00,Baixa,Junior,Finalizado,https://www.instagram.com/p/DaRBddeBU8j/,
7- Estrutura do Design (Arte Estática),Estático,Full Gaz,"Imagem (Marca d'água): Ao fundo, com baixíssima opacidade (quase como uma sombra), um detalhe de alta gastronomia: a mão de um garçom servindo um prato elegante ou uma taça de vinho em uma mesa impecável. A imagem não deve roubar a atenção do texto.
Texto da Arte
Gancho Central: O seu cardápio é apenas lido, ou ele é narrado?
Rodapé (Pequeno e discreto): A diferença entre serviço e hospitalidade dita o seu ticket médio.
Legenda
Título: O seu cliente degusta primeiro com os ouvidos.
Muitos restaurantes investem fortunas em equipamentos, chefs renomados e fornecedores de altíssimo padrão, mas falham no milímetro final: a entrega da mensagem.
Se a sua cozinha envia uma obra de arte para a mesa e o seu garçom a descreve como ""é uma carne com purê de batata"", o valor percebido da sua operação acaba de ser destruído. Você investiu como um restaurante premium, mas a sua equipe comunicou como um fast food.
O cliente que busca a alta gastronomia não está ali apenas para saciar a fome. Ele compra o conceito, o rigor do processo e a exclusividade da experiência.
A diferença entre o serviço comum e a hospitalidade de excelência está na narrativa. Um salão bem treinado entende que descrever ""um filé curado na casa com mousseline aveludada"" eleva a expectativa, aguça o paladar e, principalmente, justifica o seu ticket médio de forma inquestionável. Palavras precisas geram desejo.
Na Full Gaz, nós sabemos que a operação não termina quando o prato sai através da boqueta. Nossa consultoria reestrutura a cultura da sua brigada, transformando tiradores de pedidos em verdadeiros anfitriões, capazes de traduzir o requinte da sua cozinha em encantamento e faturamento.
Para garantir a excelência das nossas entregas, atendemos um número restrito de operações por ciclo.
Acesse o link da bio, preencha a aplicação empresarial e nossa equipe avaliará o momento do seu negócio.",,14/07/2026,terça-feira,18:00:00,Baixa,Junior,Finalizado,,
Criar Roteiros,Roteiro,Renan,,,14/07/2026,terça-feira,18:00:00,Baixa,Junior,Finalizado,,
Logo Carlos,Design,Comexblog,,,14/07/2026,terça-feira,,Baixa,Junior,Finalizado,,
Vídeo 7 (Pilar 3: Pop Culture),Video,Renan,"[GANCHO]: (3s) Fugir da prisão não é crime! será que vale a pena?
[CORPO]: Antes que você ache que o sistema brasileiro é uma bagunça completa e decida comprar uma lixa de unha, vamos aos fatos técnicos. A fuga simples, sem reféns, sem bater em carcereiro e sem quebrar nada, não adiciona um novo crime na sua ficha penal porque a lei entende que o instinto de liberdade é natural do ser humano. Mas o sistema cobra o seu preço de outra forma: fugir configura falta grave na Execução Penal. Você perde grande parte dos dias remidos por trabalho ou estudo, se estiver no semiaberto, retorna para o fechado. E a contagem de tempo para ir para o regime semiaberto volta à estaca zero, e só pode progredir novamente depois que a data da falta completar 1 ano. Você não ganha um processo novo, mas ganha um belo atraso de vida.
[CTA]: O Direito Penal é cheio de armadilhas. Siga o perfil para mais análises.
[DIREÇÃO VISUAL]: Tom irônico e professoral. Grading um pouco mais frio (azulado) para remeter sutilmente a um ambiente carcerário.","🚨 FUGIR DA PRISÃO NÃO É CRIME? 😳

Parece absurdo, mas essa afirmação tem uma explicação jurídica que quase ninguém conhece.

Antes de tirar conclusões, entenda o que realmente acontece com quem foge do presídio. A lei pode até não criar um novo crime em alguns casos, mas as consequências podem ser devastadoras para a execução da pena.

No Direito Penal, nem tudo é tão simples quanto parece.

Assista ao vídeo até o final e descubra por que essa ""vantagem"" pode custar caro.

💬 Você já conhecia essa regra? Conta aqui nos comentários.

#Advocacia #Lei #Prisão #Justiça #Direito 
",14/07/2026,terça-feira,18:00:00,Baixa,Junior,Finalizado,,
"10 - ""O Teste de Gravidade"" 
",Video,Aline,,,14/07/2026,terça-feira,18:00:00,Baixa,Viviane,Finalizado,,
video 4,Video,Comexblog,,,14/07/2026,terça-feira,,Baixa,Junior,Finalizado,,
design do cartão ,Design,Suricato,,,14/07/2026,terça-feira,17:00:00,Baixa,Junior,Finalizado,,revisar o modelo 
Deixam de integrar a relação de mercadorias sujeitas ao regime de ST,Captação,Juliana,,,14/07/2026,terça-feira,,Baixa,Viviane,Finalizado,,
🎬 1-: Aparelho ortodontico,Video,Juliana,"CENÁRIO: Consultório odontológico. A Ju, de jaleco, está sentada falando diretamente para a câmera.
Juliana: Se você acha que o aparelho é só estética, você está enganado.
(Ação:  pega um modelo didático de uma arcada dentária com aparelho ortodôntico e demonstra o encaixe)
Juliana: A nossa mordida é igual a uma caixa. A parte de cima precisa sobrepor a parte de baixo. O aparelho não é só para deixar o sorriso bonito, ele também melhora a sua saúde bucal e sua mastigação.
(Ação:  gesticula com as mãos e, em seguida, aponta para a região das têmporas/mandíbula)
Juliana: A mastigação errada, ela pode ocasionar enxaqueca e também problemas na articulação.
(Ação:  exibe a foto de um sorriso com dentes desalinhados e aponta para a tela)
Juliana: Dentes desalinhados aumentam o risco de cárie e de gengivite. Pelo apinhamento do dente, o paciente acaba tendo mais dificuldade na higienização. E o aparelho não é só para adolescentes, os adultos cada vez mais precisam usar aparelho.
(Ação: volta a gesticular de forma acolhedora, olhando diretamente para a câmera)
Juliana: Muitos casos, os pacientes precisam usar aparelho para abrir espaço para futuros implantes. Se você quer alinhar os seus dentes, deixar seu sorriso mais bonito e mais saudável, e evitar problemas futuros, o momento é agora. Agende sua avaliação aqui conosco.",,14/07/2026,terça-feira,,Baixa,Viviane,Finalizado,,
" 11- Coisas que eu queria saber antes ",Video,Aline,,,14/07/2026,terça-feira,18:00:00,Baixa,Viviane,Finalizado,,
Post,Estático,animales,,,14/07/2026,terça-feira,18:00:00,Baixa,Viviane,Finalizado,,
Post,Estático,Hip,,,14/07/2026,terça-feira,18:00:00,Baixa,Viviane,Finalizado,,
"🎬 2- Aparelho ortodontico",Video,Juliana,"CENÁRIO: Sentada em sua mesa falando diretamente para a câmera.
Juliana: Existe um mito que aparelho invisível só funciona para casos simples. Um dente torto ali, um espaçamento aqui... mas a realidade é que a tecnologia avançou muito.
 Juliana: Hoje a gente consegue corrigir casos como a mordida cruzada com alinhadores. Tudo planejado digitalmente, com precisão...
(Ação: segurando um alinhador transparente na mão, mostrando-o para a câmera)
Juliana:...antes de você colocar o primeiro alinhador na boca.
(Ação: A Dentista aparece em pé no consultório, sorrindo.)
Juliana: E durante o processo, ninguém consegue perceber que você está em tratamento.
(Ação: A cena volta para a Dentista, que agora está sentada na cadeira odontológica do consultório, falando com tom acolhedor para a câmera)
Juliana: Se você sempre achou que o seu caso é complexo demais para alinhador, agende a sua consulta e vamos conversar sobre o seu tratamento.",,14/07/2026,terça-feira,,Baixa,Viviane,Finalizado,,
5 - 8 músicas que fazem até quem não gosta de dançar ir para a pista 🕺,carrossel,Venturini,"Você conhece alguém que promete que vai ficar sentado a festa inteira?
Essas músicas costumam mudar essa ideia rapidinho. 👀
 
CARD 2
1. Americana na Vaquejada
Quando toca, a pista já começa a encher.
2. Chupa Que É De Uva
Um clássico que ninguém consegue ignorar.
3. Desliza
Batida contagiante e energia lá em cima.
4. Suíte 14
Daquelas que todo mundo canta junto.
🎤 Resultado: até quem estava só observando acaba entrando na brincadeira.
 
CARD 3
5. Pequena Eva
Impossível não cantar o refrão.
6. Sou Praieiro
Leve, animada e perfeita para reunir gerações.
7. Parará Tomate
Transforma qualquer casamento em micareta por alguns minutos.
8. Razões e Emoções
O tipo de música que faz a galera levantar o celular e cantar em coro.
✨ A verdade é que algumas músicas não convidam para a pista...
 Elas praticamente puxam as pessoas para lá.
 
CARD 4  
Quer uma pista cheia do começo ao fim?
O segredo não está apenas nas músicas escolhidas.
Está em saber exatamente quando tocar cada uma delas.
🎤 @gustavinn cria uma experiência que conecta diferentes estilos, gerações e momentos da festa, mantendo a energia sempre lá em cima.
📩 Entre em contato e descubra como transformar seu casamento em uma noite que ninguém vai querer sair da pista.  
",,15/07/2026,quarta-feira,,Baixa,Viviane,Finalizado,https://docs.google.com/document/d/18Hq3ldIzLtLPSs7jN2N6e45Gh-eyncXxh9l21_U_88E/edit?tab=t.0#heading=h.7x30tw8kh9th,
"Carrossel 2: A ""Lista Negra"" da Receita",carrossel,HDG,"Slide 1: O governo acabou de criar uma lista oficial para tratar o seu CNPJ como criminoso.
Slide 2: Saiu a 1ª lista dos ""Devedores Contumazes"" da Receita Federal. O governo agora expõe publicamente as empresas que têm bilhões em dívidas estruturadas.
Slide 3: O castigo não é só passar vergonha no Diário Oficial. A empresa perde benefícios fiscais, é banida de licitações e tem a Inscrição Estadual bloqueada.
Slide 4: O recado é claro: não é para quem atrasou uma guia num mês ruim, é para quem faz do calote um modelo de negócios. O alerta vermelho acendeu para todos.
Slide 5: Se o seu passivo fiscal virou uma bola de neve, pare de torcer para a fiscalização não bater na sua porta. O link da Hedge está na bio, vamos resolver isso.
",,15/07/2026,quarta-feira,,Baixa,Junior,Finalizado,,
CARROSSEL 05: A Farsa do Seguro Barato,carrossel,Comexblog,"Slide 1 (Capa): O seguro de carga ""baratinho"" que vai te levar à falência se o navio afundar. (Visual: Navio em chamas e um guarda-chuva furado).
Slide 2: Você fecha um seguro internacional básico para economizar 50 dólares na operação. O que pode dar errado?
Slide 3: Em caso de tempestade severa, o capitão do navio pode ordenar que dezenas de contêineres sejam jogados ao mar para salvar a embarcação. Isso se chama ""Avaria Grossa"".
Slide 4: O problema: Se o seu seguro ""básico"" não tem cláusula de Avaria Grossa, você perde a sua carga E ainda tem que pagar uma multa proporcional para salvar o navio!
Slide 5: Seguros amadores possuem dezenas de ""franquias ocultas"". Cobrem roubo, mas não cobrem danos por água do mar ou umidade.
Slide 6 (CTA): Seguro de carga não é custo, é escudo. Você sabe exatamente o que a sua apólice cobre? 🛡️","Economizar no seguro internacional é pular de paraquedas confiando que a mochila não vai rasgar. A regra de ""Avaria Grossa"" no direito marítimo é brutal: se precisarem sacrificar carga para salvar o navio, todo mundo paga a conta. Se sua apólice não cobre isso, você quebra. Pare de assinar contratos sem ler as letras miúdas! 🌊🚢",15/07/2026,quarta-feira,,Baixa,Junior,Finalizado,,
ESTÁTICO 05 (Gráfico do Burnout),Estático,LTV,"Visual: Infográfico de linhas. Linha de ""Esforço/Vendas"" subindo verticalmente. Linha de ""Lucro"" no chão, em linha reta estagnada.
Texto na Arte: O Burnout do E-commerce brasileiro: Trabalhar 14 horas por dia para vender muito e lucrar quase nada.
",Mais vendas sem otimização do Custo da Mercadoria Vendida (CMV) resulta apenas em exaustão física e financeira. Aumentar a receita só faz sentido se a margem de contribuição subir junto. Estruturar o seu Supply Chain direto na China com a LTV muda o ângulo dessa linha de lucro de uma vez por todas. 📉🔥,15/07/2026,quarta-feira,,Baixa,Junior,Finalizado,,
Video casamento,Video,Venturini,Video Casamento (colocar em trafego pago ),,15/07/2026,quarta-feira,,Baixa,Viviane,Finalizado,,
Post,Estático,animales,,,15/07/2026,quarta-feira,18:00:00,Baixa,Viviane,Finalizado,,
Post,Estático,Hip,,,15/07/2026,quarta-feira,18:00:00,Baixa,Viviane,Finalizado,,
1 - O que Levar na Bolsa para uma Sessão de Tatuagem  - 1007,Video,Mineiro,"Três dicas pra vc não passar perrengue enquanto tatua. 
primeira dica! pensa na roupa. Se a tatuagem for em um lugar de difícil acesso, traz uma camisa de botão, um biquíni. Assim eu consigo trabalhar com facilidade e você fica muito mais confortável durante a sessão.
Segunda dica: traga uma blusa ou uma mantinha. 'Ah, mas tá calor.' Durante a sessão é comum a pressão dar uma baixada e você sentir frio. Enquanto eu estou aqui suando, você pode estar aí toda encolhida de frio.
E a terceira: traga um fone de ouvido. Se você prefere ouvir sua música, um podcast ou qualquer coisa que te distraia, isso pode deixar a sessão mais leve e até fazer você prestar menos atenção na dor.
Seguindo essas dicas, sua sessão fica muito mais tranquila. E se você conhece alguém que vai fazer uma tatuagem em breve, manda esse vídeo pra ela. Aproveita e me segue, porque aqui sempre tem dica pra você tatuar sem passar perrengue.",,15/07/2026,quarta-feira,18:00:00,Baixa,Junior,Finalizado,,
A risada que não entrou no áudio - 1007,Video,Venturini,"Gustavo está gravando um áudio no WhatsApp. Ele começa o áudio dando uma risadinha e depois fala qualquer assunto (ele define na hora). Porém, o áudio não foi gravado direito e ele precisa gravar de novo. Ele repete a mesma risadinha e fala novamente o mesmo texto, dessa vez com o áudio funcionando.",,15/07/2026,quarta-feira,,Baixa,Junior,Finalizado,https://www.instagram.com/p/DVyvdAdiTYI/,
10 - Entrevista barbeiro Indiano,Video,Suricato,,,15/07/2026,quarta-feira,14:00:00,Baixa,Junior,Finalizado,,
"12- Saúde e Alívio",Video,Aline,,,15/07/2026,quarta-feira,18:00:00,Baixa,Viviane,Finalizado,,
Flyer gravação DVD,Estático,Venturini,Expo Mutum ,,16/07/2026,quinta-feira,18:00:00,Baixa,Junior,Finalizado,,
Fotos de ontem,Estático,Mineiro, ,,16/07/2026,quinta-feira,18:00:00,Baixa,Viviane,Finalizado,,
8 - Os Anfitriões Invisíveis,carrossel,Full Gaz,"Card 1: O Gancho (Capa)
Texto Principal (Tipografia Serifada e Firme): A iluminação, a música, o aroma e a temperatura do seu restaurante...
Texto Secundário (Abaixo, em itálico): ...também servem o seu cliente.
Card 2: A Hospitalidade Física
Texto: A hospitalidade não depende apenas do garçom. O luxo e a percepção de valor são físicos. Um prato de alta gastronomia perde o impacto se for servido sob uma luz branca de refeitório.
Card 3: O Conforto Estratégico
Texto: A atmosfera é o seu anfitrião invisível. Uma playlist no volume exato que permite uma reunião de negócios ou a temperatura perfeita da sala, são elementos que ditam o tempo de permanência do cliente na mesa.
Card 4: O Nivelamento de Valor
Texto: Falhar na atmosfera é nivelar a sua operação por baixo. Se o cliente se sente incomodado no ambiente, o ticket médio alto nunca será justificado, não importa a qualidade da sua cozinha.
Card 5: CTA (A Conversão)
Texto: A Full Gaz projeta operações gastronômicas onde o ambiente vende tanto quanto o cardápio.
Texto Menor (Abaixo): Acesse o link da bio e submeta sua operação à nossa análise. Vagas restritas para este ciclo.",,16/07/2026,quinta-feira,18:00:00,Baixa,Junior,Finalizado,,
11 - Entrevista barbeiro Baiano,Video,Suricato,,,16/07/2026,quinta-feira,14:00:00,Baixa,Junior,Finalizado,,
Orçamento Luccas Oliveira,Orçamento,Gasmaske,Orçamento luccas oliveira,,16/07/2026,quinta-feira,,Baixa,Junior,Finalizado,,
Video 2,Video,icecream,,,16/07/2026,quinta-feira,18:00:00,Baixa,Junior,Finalizado,,
ESTÁTICO 05 (Meme de Sexta/Relacionamento Tóxico),Estático,Comexblog,"Visual: Layout simulando uma tela de WhatsApp no modo escuro. O contato lá em cima está salvo como ""Armador Tóxico 🚩"".
Texto na Arte: Mensagem do Armador: ""Oi, sumido. Só pra avisar que o navio deu overbooking. Sua carga rolou pra semana que vem. 🚢😘"" Sua resposta: ""Como assim?? Eu paguei a taxa extra de prioridade pra garantir o embarque!!"" Status da mensagem: ✔️✔️ Visualizado às 17:58.
","Todo profissional de Comex vive em um relacionamento abusivo com o armador e não tem como pedir divórcio. 🤡 Você paga o frete mais caro, paga taxa de prioridade, faz tudo certo... e na sexta-feira, no último minuto do expediente, ele simplesmente dá um roll over na sua carga, te deixa no vácuo e some do mapa! Quem mais vai passar o final de semana tentando explicar pro cliente que foi trocado por outra carga no porto asiático? 😂💔 Conta aqui sua pior história de roll over!",16/07/2026,quinta-feira,,Baixa,Junior,Finalizado,,
CARROSSEL 05: Supply Chain Híbrido,carrossel,LTV,"Slide 1 (Capa): O segredo das marcas que faturam 8 dígitos no Brasil. (Visual: Gráfico pizza dividindo 70/30 com estética premium LTV).
Slide 2: E-commerces milionários não dependem 100% de um único canal de suprimentos. Eles dominam o Supply Chain Híbrido.
Slide 3: 70% da operação foca na Importação Direta. Aqui estão as ""vacas leiteiras"", os produtos de curva A. Alta margem, previsibilidade e proteção de marca.
Slide 4: 30% da operação roda no Mercado Nacional. Eles usam o fornecedor local apenas para validar tendências virais de giro super rápido sem imobilizar capital.
Slide 5: A LTV é o cérebro que gerencia os 70% de alta performance da sua empresa, importando das melhores fábricas asiáticas com compliance absoluto.
Slide 6 (CTA): Estruture a logística dos gigantes. Mande ""LTV"" no direct para saber mais. 🎯
","A maturidade no e-commerce se atinge quando a sua matriz de suprimentos é diversificada e inteligente. Você usa a importação direta pesada para sustentar a estrutura de lucro e lucro da empresa, e usa o giro rápido nacional apenas para testes de vitrine. E a LTV é a peça chave que consolida os seus embarques internacionais de alta performance. 📈",16/07/2026,quinta-feira,,Baixa,Junior,Finalizado,,
Post,Estático,animales,,,16/07/2026,quinta-feira,18:00:00,Baixa,Viviane,Finalizado,,
Post,Estático,Hip,,,16/07/2026,quinta-feira,18:00:00,Baixa,Viviane,Finalizado,,
"🎬 3- Fio dental
",Video,Juliana,"CENÁRIO: O vídeo deve ser gravado em pé com uma parede de fundo, ele será recortado e a imagem do fio dental será colocada na edição.
Juliana: Não é assim que se passa o fio dental, não é só entrar e sair.
Juliana: E não é também pra ficar esfregando, que você vai machucar a sua gengiva.
Juliana: O jeito correto é entrar com o fio, abraçar o dente, a gengiva e suavemente voltar.
(Ação: A dentista faz um gesto com as mãos enfatizando o cuidado necessário.)

",,16/07/2026,quinta-feira,,Baixa,Viviane,Finalizado,,
Carrossel 3: E-commerce e DIFAL,carrossel,HDG,"Slide 1: O governo estadual está roubando a margem do seu e-commerceo.
Slide 2: Você importa um produto e, na hora de despachar para o seu cliente em outro estado, toma 4% de DIFAL na cabeça. A sua margem some em segundos.
Slide 3: Mas e se a gente pegasse esse produto a granel e embalasse aqui no Brasil, colocando a sua marca e o seu padrão de qualidade?
Slide 4: A Receita entende isso como industrialização. O produto vira ""nacional com conteúdo importado"" e a sua alíquota despenca absurdamente.
Slide 5: Recuperar margem no e-commerce não é feitiçaria, é estratégia pura. Quer parar de pagar para trabalhar? Fale com a equipe da Hedge.
",,17/07/2026,sexta-feira,,Baixa,Junior,Finalizado,,
16 - Entrevista Suricato 2,Video,Suricato,,,17/07/2026,sexta-feira,14:00:00,Baixa,Junior,Finalizado,,
Celular na bunda,Video,Mineiro,,,17/07/2026,sexta-feira,17:00:00,Baixa,Junior,Finalizado,,
Video Mutum 1,Video,Venturini,Video mutum 1,,17/07/2026,sexta-feira,18:00:00,Baixa,Junior,Finalizado,,
video 5,Video,Comexblog,,,17/07/2026,sexta-feira,,Baixa,Junior,Finalizado,,
Post,Video,Hip,,,17/07/2026,sexta-feira,18:00:00,Baixa,Viviane,Finalizado,,
Video Mutum 2,Video,Venturini,Video mutum 2,,18/07/2026,sábado,18:00:00,Baixa,Junior,Finalizado,,
video DVD 1,Video,Venturini,video DVD 1,,20/07/2026,segunda-feira,18:00:00,Baixa,Junior,Finalizado,,
Carrossel 7 (Pilar 1: Estudo de Caso),carrossel,Renan,"Capa: POR QUE 90% DOS HABEAS CORPUS SÃO JOGADOS NO LIXO PELOS TRIBUNAIS?
Slide 2: Você vê na mídia grandes escritórios soltando executivos e acha que o Habeas Corpus é um ""vale-liberdade"" universal.
Slide 3: A dura realidade: a grande maioria dos HCs é negada porque são impetrados de forma amadora, tentando discutir a inocência do réu.
Slide 4: O Habeas Corpus tem um rito acelerado. O juiz não vai analisar laudo complexo, não vai ouvir testemunha e não vai investigar quem atirou em quem.
Slide 5: Ele serve exclusivamente para demonstrar uma ilegalidade clara e gritante na prisão, usando provas documentais já prontas (prova pré-constituída).
Slide 6: Se o advogado tenta transformar o HC em uma nova instrução processual, o tribunal rejeita sem nem ler o mérito.
Slide 7 (CTA): Estratégia errada custa meses de liberdade. Siga o perfil.
Conceito Visual: Foco em tipografia agressiva. Fundo escuro texturizado, asfalto.","Se Habeas Corpus resolvesse qualquer prisão, não existiria tanta decisão negando pedido todos os dias.

O problema é que muita gente entra com a estratégia errada e descobre isso tarde demais.

Deslize o carrossel e entenda por quê.",20/07/2026,segunda-feira,18:00:00,Baixa,Junior,Finalizado,,
CARROSSEL 06: HS Code Global vs. NCM,carrossel,Comexblog,"Slide 1 (Capa): A tradução de 1 número que pode te render um processo criminal. (Visual: Código de barras ""HS Code"" cruzando com ""NCM"" e dando erro no sistema).
Slide 2: O seu fornecedor chinês manda a Invoice com o ""HS Code"" (O código tarifário internacional de 6 dígitos).
Slide 3: O Importador Amador: Pega o código gringo, joga os mesmos números na declaração brasileira e acha que o trabalho acabou.
Slide 4: O Erro Fatal: O Brasil usa a NCM (8 dígitos). A base dos 6 primeiros pode até ser igual, mas os 2 últimos definem a tributação exata aqui dentro.
Slide 5: Se você adotar cegamente o código da China sem tropicalizar a classificação fiscal no Brasil, você comete infração de Falsa Declaração.
Slide 6 (CTA): Classificação fiscal é trabalho para especialistas, não para o Google Tradutor. Fale com a gente. 📑","Copiar o HS Code da Invoice chinesa e colar na sua declaração aduaneira no Brasil é pedir para ser multado. A NCM tem detalhes técnicos e ramificações que o mercado asiático desconhece. Errar a classificação não é só pagar imposto errado, é travar a operação inteira. Você tem um engenheiro aduaneiro cuidando da sua NCM? 🔎",20/07/2026,segunda-feira,,Baixa,Junior,Finalizado,,
ESTÁTICO 06 (Checklist/Rompimento),Estático,LTV,"Visual: Layout de notas executivas, minimalista.
Texto na Arte: 3 sinais de que passou da hora de demitir o seu fornecedor nacional:
[ ] A sua margem de lucro líquida está abaixo de 15%.
[ ] Ele fica sem estoque e trava a sua Black Friday.
[ ] Você divide a Buy Box do marketplace com ele.
","O diagnóstico é simples. Se o provedor das mercadorias da sua empresa é o teto limitador do seu crescimento ou compete com você nos mesmos anúncios, é hora de acionar a inteligência da Carga Compartilhada da LTV e conectar sua operação na fonte originária. ✅🛑",20/07/2026,segunda-feira,,Baixa,Junior,Finalizado,,
4 - Tatuagem Vicia Mesmo? - 1007,Video,Mineiro,"Será que tatuagem vicia mesmo ou é só conversa? 
Depois de tatuar tanta gente, perdi as contas de quantas falaram isso. Mas não é tão simples. A pessoa gosta tanto do resultado que já começa a pensar na próxima.
Já ouvi isso de gente que hoje tá fechando o braço ou a perna comigo. E não, isso não é vício químico. É o prazer de se tatuar e a vontade de continuar.
Além do significado, tem a parte estética. Uma tatuagem bem feita dá um baita impulso na autoestima.
E aí, você conhece alguém que falou que faria só uma... e hoje tá cheio de tatuagem? Comente aqui embaixo ","Conhece alguém que tá completamente viciado?

Em tatuagem, claro. Marca ele aqui.",20/07/2026,segunda-feira,18:00:00,Baixa,Junior,Finalizado,,
13- Rotina Noturna Estética  ,Video,Aline,,,20/07/2026,segunda-feira,18:00:00,Baixa,Viviane,Finalizado,,
Post,carrossel,Hip,,,20/07/2026,segunda-feira,18:00:00,Baixa,Viviane,Finalizado,,
Carrossel 1: O Pioneirismo no Açaí,carrossel,icecream,"Slide 1 (Capa): Você sabe quem inventou o xarope de açaí que o mercado usa hoje?

Slide 2: Em 1988, bater açaí era um desafio de textura. A maioria usava apenas guaraná natural, o que dificultava o rendimento e a padronização nas indústrias.

Slide 3: Foi aí que a Ice Cream mudou o jogo. Fomos a primeira indústria no Brasil a desenvolver uma formulação exclusiva de xarope para açaí e frutas.

Slide 4: O resultado prático? Cremosidade impecável, cor vibrante com nosso corante roxo exclusivo e um rendimento que multiplica a margem de lucro de quem produz.

Slide 5 (CTA): Leve essa tecnologia pioneira para a sua produção. Solicite o catálogo completo para açaí no link da bio.",Muita gente usa. Pouca gente sabe quem criou. A Ice Cream foi pioneira no desenvolvimento do xarope para açaí que revolucionou a produção no Brasil.,20/07/2026,segunda-feira,,Baixa,Viviane,Finalizado,,
"Roteiro 5: O Dia 1 (O Empreendedorismo Real)
",Video,Full Gaz,,"Quem já construiu um negócio do zero entende que empreender não é teoria.

É por isso que a Full Gaz fala a sua língua.",20/07/2026,segunda-feira,18:00:00,Baixa,Junior,Finalizado,,
O SEGREDO TRIBUTÁRIO QUE AS INDÚSTRIAS DE SÃO PAULO ESTÃO ESCONDENDO!,Video,HDG,Corte Igor,Achou que o Compete Atacadista era só pra quem já tá no Espírito Santo? Indústrias de todo o Sudeste estão mudando a rota e lucrando muito mais. Assiste até o fim pra entender como a logística compensa (e muito)! 🚀💼 #HedgeConsultoria #CompeteAtacadista #GestaoFiscal,20/07/2026,segunda-feira,18:00:00,Baixa,Junior,Finalizado,,
Site,Dev,Venturini,terminar o site,,21/07/2026,terça-feira,18:00:00,Baixa,Junior,Finalizado,,
ESTÁTICO 06 (Alerta/Madeira MAPA),Estático,Comexblog,"Visual: Zoom no carimbo (Selo IPPC) em um palete de madeira bruta.
Texto na Arte: O carimbo de 5 centímetros que pode deportar sua carga inteira de volta para a China.
","Fiscalização rigorosa do MAPA! Se o seu fornecedor usar embalagens de madeira bruta sem o tratamento térmico (fumigação) e sem o selo IPPC, a carga não entra no Brasil. A devolução para a origem é obrigatória e sai do seu bolso. 🛑🪵",21/07/2026,terça-feira,,Baixa,Junior,Finalizado,,
9 - O Luxo está no Essencial,carrossel,Full Gaz,"Card 1: O Gancho (Capa)
Visual: Fotografia  focada em uma taça de cristal perfeitamente polida sobre uma mesa. A iluminação deve ser dura e focada, transmitindo poder e controle.
Texto Principal (Tipografia com peso, serifada e forte): Antes de inventar a roda, garanta que a taça não tenha manchas.
Card 2: O Falso Refinamento
Texto: Gastar fortunas com ingredientes exóticos enquanto as mesas do salão balançam ou o banheiro está desorganizado, é o atalho mais rápido para destruir o seu ticket médio. O falso refinamento não engana o cliente que procura exelência.
Card 3: O Rigor Operacional
Texto: O verdadeiro luxo minimalista é a execução impecável do básico. Talheres perfeitamente polidos, climatização exata e um ambiente imaculado. A hospitalidade exige comando e começa no rigor com o espaço em que o cliente é recebido.
Card 4: CTA (A Conversão)
Visual:   O símbolo da Full Gaz centralizado, transmitindo autoridade sólida.
Texto: A verdadeira alta gastronomia é sustentada por processos invisíveis e inegociáveis. A Full Gaz ajuda você a estruturar e refinar cada detalhe da sua operação.
Texto Menor (Abaixo): Acesse o link da bio e preencha a aplicação para a nossa consultoria estratégica.","Alta gastronomia não começa no prato.

Ela começa na taça sem manchas, na mesa firme, no ambiente impecável e em cada detalhe que o cliente talvez nem perceba, mas certamente sente.

O luxo de verdade não está no exagero. Está na consistência da execução.

É por isso que os melhores restaurantes entendem que processos invisíveis são o que sustentam uma experiência memorável.

#Hospitalidade #AltaGastronomia #Gestãos #Restaurante
",21/07/2026,terça-feira,18:00:00,Baixa,Junior,Finalizado,,
"Carrossel 4: O ""Guardador de Livros""",carrossel,HDG,"Slide 1: O seu contador está jogando seu dinheiro no lixo todo mês (e a culpa é sua).
Slide 2: Calma, não é por mal. É que o dia a dia de emitir guias, rodar folha de pagamento e apagar incêndios consome 100% do tempo da sua equipe financeira.
Slide 3: O grande problema é que ninguém tem uma semana livre no escritório para auditar o que ficou para trás nos últimos anos.
Slide 4: O resultado? A sua empresa esquece de resgatar milhões em créditos de PIS, COFINS e ICMS que acabam ficando perdidos e prescritos.
Slide 5: A Hedge atua como o seu ""departamento de oportunidades"". Trabalhamos no sucesso enquanto seu time foca na operação. Agende um papo no link da bio.
","Seu contador provavelmente vai discordar desse post.

Mas a verdade é que a maioria das empresas não perde dinheiro porque paga imposto. Perde porque nunca revisa o que já pagou.

Enquanto todo mundo está ocupado apagando incêndios, créditos tributários prescrevem todos os meses.

E aí vem a pergunta: o problema é o contador... ou a empresa que nunca olhou para trás?

A Hedge entra exatamente onde a operação não consegue chegar: encontrando oportunidades que ficaram esquecidas.

💬 Você acha que sua empresa paga imposto demais?
",21/07/2026,terça-feira,,Baixa,Junior,Finalizado,,
Post,Estático,Hip,,,21/07/2026,terça-feira,18:00:00,Baixa,Viviane,Finalizado,,
CARROSSEL 06: A Farsa do Fornecedor de Ouro,carrossel,LTV,"Slide 1 (Capa): A farsa das fotos de fábrica no WeChat (Você não está falando com o dono). (Visual: Celular com foto fake de fábrica sendo desmascarado).
Slide 2: O empresário aventureiro entra no Alibaba, encontra um fornecedor com ""selo dourado"", recebe vídeos da fábrica e fecha o negócio.
Slide 3: Meses depois, descobre que pagou 25% a mais do que a mercadoria valia e que a qualidade era sofrível. O que aconteceu?
Slide 4: Ele não estava negociando com a fábrica. Estava negociando com uma Trading Company de fachada que opera num escritório minúsculo na Ásia e terceiriza tudo.
Slide 5: O Sourcing da LTV corta o teatro. Nós validamos as licenças industriais in loco na China para garantir que você faça negócio apenas com quem tem o maquinário na mão.
Slide 6 (CTA): Blindagem contra aventureiros. Exija o Sourcing LTV e proteja o seu investimento. 🔍
","Comprar ""no escuro"" baseando-se apenas em fotos de perfil e perfis com selos pagos em plataformas da internet é um erro letal para operações de alto volume. A LTV aplica auditoria severa na origem, filtrando atravessadores mascarados e conectando o seu negócio com os verdadeiros detentores da linha de produção na Ásia. 🏭🛡️",21/07/2026,terça-feira,,Baixa,Junior,Finalizado,,
Post,Estático,animales,,,21/07/2026,terça-feira,18:00:00,Baixa,Viviane,Finalizado,,
Vídeo 8 (Pilar 2: Desespero),Video,Renan,"[GANCHO]: (3s) Alguém acabou de inventar que você cometeu um crime grave na internet. O  que você deve fazer?!
[CORPO]: No exato momento em que uma denúncia caluniosa bate na internet, o seu relógio começa a correr contra você. A vontade de ir para os stories se justificar ou xingar o acusador é enorme, mas isso só gera passivo jurídico. A única resposta válida para quem tenta destruir sua reputação é o peso esmagador da técnica. Antes de dar um pio, você vai no cartório e faz uma Ata Notarial de todos os posts, comentários e áudios, para que a pessoa não apague e saia impune. Com a prova congelada, a gente entra atropelando com uma Queixa-Crime por calúnia e difamação.
[CTA]: Não tente resolver calúnia com desabafo, resolva com a lei. Siga meu perfil.
[DIREÇÃO VISUAL]: Expressão muito séria e incisiva. Corte seco a cada troca de respiração para dar urgência.","""Vou abrir uma live e contar a minha versão.""

É exatamente isso que muita gente faz... e, em alguns casos, acaba ajudando quem espalhou a mentira.

Na internet, reputação não se protege com desabafo. Se protege com prova.

Enquanto um lado faz stories, o outro pode estar apagando comentários, editando publicações e dificultando a produção de provas.

A pergunta é: se alguém inventasse um crime contra você hoje, você saberia agir... ou faria tudo o que o acusador espera?

💬 Qual seria a sua primeira reação?
",21/07/2026,terça-feira,18:00:00,Baixa,Junior,Finalizado,,
video DVD 2,Video,Venturini,video DVD 2 ,,21/07/2026,terça-feira,18:00:00,Baixa,Junior,Finalizado,,
Academia,Video,Venturini,Academia 21,,21/07/2026,terça-feira,12:00:00,Baixa,Junior,Finalizado,,
Academia,Video,Venturini,Academia 20,,21/07/2026,terça-feira,12:00:00,Baixa,Junior,Finalizado,,
video 6,Video,Comexblog,Inseto,"Ninguém acredita quando eu conto o que parou essa carga.

Não foi droga.
Não foi documentação.
Não foi imposto.

Foi um inseto.

E esse detalhe pode custar uma fortuna para quem importa.",22/07/2026,quarta-feira,,Baixa,Junior,Finalizado,,
Citação 3,Estático,Full Gaz,"METAS GRANDES
ASSUSTAM NO INÍCIO, MAS SÃO ELAS QUE CRIAM PROFISSIONAIS EXTRAORDINÁRIOS.",Toda empresa que cresce de verdade já precisou encarar um objetivo que parecia grande demais. O desconforto de hoje é o que constrói a capacidade de amanhã.,22/07/2026,quarta-feira,18:00:00,Baixa,Junior,Finalizado,,
Carrossel 5: O Segredo do Varejo (Supermercados),carrossel,HDG,"Slide 1: o estado está te assaltando legalmente direto do seu caixa.
Slide 2: Com mais de 20 mil itens na prateleira, é humanamente impossível não ter erro no cadastro (NCM) dos seus produtos no sistema.
Slide 3: O resultado dessa pressa de aprovar a nota fiscal? Você acaba pagando imposto federal em cima do imposto estadual (ICMS-ST) que já foi recolhido.
Slide 4: Os tribunais superiores já decidiram que essa cobrança é indevida. Tem supermercado resgatando anos de dinheiro cobrado a mais e você aí parado.
Slide 5: Nós passamos um pente-fino cirúrgico na sua operação dos últimos 5 anos e trazemos esse dinheiro de volta. Fale com a Hedge.
","Você revisa estoque, preço, validade, margem...

Mas e os tributos?

Um simples erro no cadastro fiscal dos produtos pode fazer o seu supermercado pagar imposto a mais durante anos, sem que ninguém perceba.

A boa notícia é que esse valor pode ser recuperado.

Na Hedge, fazemos uma revisão técnica da sua operação dos últimos 5 anos para identificar créditos que podem voltar para o caixa da sua empresa.

💬 Fale com nossos especialistas",22/07/2026,quarta-feira,,Baixa,Junior,Finalizado,,
15 - Entrevista barbeiro vinicius ,Video,Suricato,,"""Vim pra Suricato por causa da resenha.""

Essa frase explica muita coisa. 😂
Assiste aí.
",22/07/2026,quarta-feira,14:00:00,Baixa,Junior,Finalizado,,
Post,Estático,animales,,,22/07/2026,quarta-feira,18:00:00,Baixa,Viviane,Finalizado,,
video DVD 3,Video,Venturini,video DVD 3,"Às vezes a gente só mostra o palco, mas quase ninguém vê tudo o que aconteceu para ele existir.

Esse DVD foi realizado com muito trabalho, dedicação e recurso próprio. Cada pessoa que acreditou, apoiou, vestiu a camisa e fez parte dessa caminhada tem um pedaço desse sonho.

Obrigado por estarem comigo desde o começo. Ainda estamos só no início, e o melhor está por vir. ❤️🙏
",22/07/2026,quarta-feira,18:00:00,Baixa,Junior,Finalizado,,
Raio-X da Cremosidade (Informativo Visual):,Estático,icecream,"Arte: Uma ilustração 3D ou foto em corte transversal (raio-x) de uma bola de sorvete de massa perfeita. Setas apontam para partes do sorvete indicando a ação de cada produto (Ex: ""Ação da Liga Neutra: Zero Gelo"" / ""Ação do Ice Mix: Aeração e Volume"").

Texto na imagem: A química por trás da cremosidade perfeita.","A cremosidade perfeita não acontece por acaso. 🍨

Por trás de cada bola de sorvete existe uma combinação de ingredientes e tecnologia que faz toda a diferença.

A Liga Neutra ajuda a evitar a formação de cristais de gelo, enquanto o Ice Mix contribui para uma textura mais leve, aerada e com excelente rendimento. O resultado é um sorvete mais estável, cremoso e com qualidade do primeiro ao último scoop.

Porque, no fim das contas, fazer um bom sorvete também é entender a ciência por trás de cada detalhe. ❄️",22/07/2026,quarta-feira,,Baixa,Junior,Finalizado,,
Aguardar Roteiro,carrossel,Mineiro,,,22/07/2026,quarta-feira,18:00:00,Baixa,Viviane,Finalizado,,
Post,Estático,Hip,,,22/07/2026,quarta-feira,18:00:00,Baixa,Viviane,Finalizado,,
Criar roteiro,Roteiro,animales,,,23/07/2026,quinta-feira,,Baixa,Viviane,Finalizado,,
Criar conta Facebook suricato ,Operacional,Suricato,,,23/07/2026,quinta-feira,17:00:00,Baixa,Junior,Finalizado,,
Post,Estático,animales,,,23/07/2026,quinta-feira,18:00:00,Baixa,Viviane,Finalizado,,
Post,Estático,Hip,,,23/07/2026,quinta-feira,18:00:00,Baixa,Viviane,Finalizado,,
video DVD 4,Video,Venturini,video DVD 4,,23/07/2026,quinta-feira,18:00:00,Baixa,Junior,Finalizado,,
Academia,Video,Venturini,Academia,,23/07/2026,quinta-feira,12:00:00,Baixa,Junior,Finalizado,,
Desenho na perna,Video,Mineiro,,,24/07/2026,sexta-feira,17:00:00,Baixa,Junior,Finalizado,,
Video,Video,icecream,,,24/07/2026,sexta-feira,18:00:00,Baixa,Junior,Finalizado,,
Site,Dev,Carolina,terminar o site,,24/07/2026,sexta-feira,19:00:00,Baixa,Junior,Finalizado,,
video DVD 5,Video,Venturini,video DVD 5,,24/07/2026,sexta-feira,18:00:00,Baixa,Junior,Finalizado,,
Academia,Video,Venturini,Academia,,24/07/2026,sexta-feira,12:00:00,Baixa,Junior,Finalizado,,
Post,Video,Hip,,,24/07/2026,sexta-feira,18:00:00,Baixa,Viviane,Finalizado,,
parabéns para quem não assinou o suriflix - 2907,Video,Suricato,Falta Editar,,01/08/2026,sábado,,Baixa,Junior,A fazer,,
Academia,Video,Venturini,Academia,,30/07/2026,quinta-feira,12:00:00,alta,Junior,Finalizado,,
Post,Estático,animales,,,29/07/2026,quarta-feira,18:00:00,Baixa,Viviane,Finalizado,,
16 - Entrevista Suricato 3,Video,Suricato,,,27/07/2026,segunda-feira,14:00:00,Baixa,Junior,Finalizado,,
"REDUZA SEU ICMS DE 22% PARA 1,1% COM ESSA ESTRATÉGIA!",Video,HDG,Corte Igor,"22% de ICMS pesando no bolso? O Igor abriu o jogo de como uma rede de lojas no Rio de Janeiro conseguiu transferir a margem de lucro para o ES e despencar a carga tributária pra 1,1%. Dá o play e entenda a mágica! 🪄💸 #ReducaoDeCustos #ICMS #Empreendedorismo",27/07/2026,segunda-feira,18:00:00,Baixa,Junior,Finalizado,,
video 7,Video,Comexblog,,,27/07/2026,segunda-feira,,Baixa,Junior,Finalizado,,
3 - Mapa de dor  - 1007,Video,Mineiro,"Tatuagem doi muito né!?. A dor varia de pessoa pra pessoa, algumas áreas costumam ser bem mais tranquilas. 
a parte externa do braço, próximo ao ombro, e a região interna do antebraço são ótimas opções. Só perto do pulso e da dobra do braço costuma ser um pouco mais sensível. No geral, é uma região bem tranquila. Inclusive, é um dos melhores lugares pra primeira tatuagem, principalmente se você pensa em fechar o braço. 
Na perna também tem áreas bem tranquilas, como a panturrilha, a parte de trás e a lateral da perna.
E uma dica bônus: peito, pescoço, barriga, costela e costas... eu não indicaria como primeira tatuagem. Nesses lugares, meu amigo... já vi gente chamar até a mãe. Pra começar, escolha as regiões mais tranquilas.
 Se você já tem tatuagem, comenta aqui como foi sua experiência e qual região você tatuou. E manda esse vídeo pra quem quer fazer uma tattoo, mas ainda tem medo da dor. Ah, e já me segue pra mais dicas como essa.",,27/07/2026,segunda-feira,18:00:00,Baixa,Junior,Finalizado,,
Post,Estático,Hip,,,29/07/2026,quarta-feira,18:00:00,Baixa,Viviane,Finalizado,,
Aguardar Roteiro,Estático,Mineiro,,,29/07/2026,quarta-feira,18:00:00,Baixa,Viviane,Finalizado,,
"Roteiro 7: O Fundo do Poço (A Resiliência na Pandemia)
",Video,Full Gaz,,"Primeiro, a emoção de vestir o uniforme dos sonhos no Maní. 
Depois, a missão de fazer outros negócios gerarem essa mesma emoção nos clientes.

Essa sou eu, Laila. Essa é a Fullgaz. Transformando seu restaurante em lugares inesquecíveis.",28/07/2026,terça-feira,18:00:00,Baixa,Junior,Finalizado,,
14 - Entrevista barbeiro Maça,Video,Suricato,,"Esse é o maçã, o supermercado não quis ele mas a gente deu uma chance",28/07/2026,terça-feira,14:00:00,Baixa,Junior,Finalizado,,
bebe conforto,Video,Venturini,Teaser da musica,Alguém mais ja esqueceu?,28/07/2026,terça-feira,18:00:00,Baixa,Junior,Finalizado,,
Post,carrossel,Hip,,,27/07/2026,segunda-feira,18:00:00,Baixa,Viviane,Finalizado,,
editar os videos a mais,Video,icecream,verificar quantidade de videos,,29/07/2026,quarta-feira,,Baixa,Junior,Finalizado,,
Carrossel 6: Logística vs. Tributário (Importação),carrossel,HDG,"Slide 1: Se você não importa pelo Espírito Santo, parabéns: você adora rasgar dinheiro à toa.
Slide 2: Desembarcar mercadoria em outro estado só porque o porto fica mais perto do seu galpão é um dos erros mais caros do mercado logístico hoje.
Slide 3: Com os benefícios capixabas (como o Compete Atacadista), a gente joga em casa e você derruba o ICMS das saídas interestaduais para apenas 1,1%.
Slide 4: ""Mas e o frete extra?"" Coloca na ponta do lápis: a economia tributária paga a logística e ainda sobra muito lucro limpo no seu bolso.
Slide 5: Quer estruturar a sua importação com quem domina essa matemática direto da fonte? A equipe da Hedge desenha esse projeto para você. Link na bio.
","Desembarcar só pela distância é rasgar dinheiro. 🚨

Com o Compete Atacadista, o ICMS interestadual cai pra 1,1% e a economia tributária paga o frete com folga.

Quer ver a matemática no seu projeto? A Hedge faz isso. Link na bio 👆",28/07/2026,terça-feira,,Baixa,Junior,Finalizado,,
ESTÁTICO 07 (Meme/Relatório LTV),Estático,LTV,"Visual: Meme de alívio extremo ou cara de surpresa chocada (Estética bem profissional/limpa).
Texto na Arte: A cara do empresário de e-commerce quando recebe o cálculo reverso (Landed Cost) do time da LTV e descobre a margem real de trazer da Ásia.
","O susto é garantido, mas é o susto do alívio! Quando mapeamos ponta a ponta todas as taxas, fretes e impostos, e mostramos a margem brutal que sobra ao importar da fábrica em cargas fracionadas (LCL), a primeira frase é sempre: ""Por que eu não fiz isso antes?"". A LTV é o divisor de águas do e-commerce! 👀📊",28/07/2026,terça-feira,,Baixa,Junior,Finalizado,,
"CARROSSEL 07: O ""Sequestro"" do BL (Bill of Lading)",carrossel,Comexblog,"Slide 1 (Capa): O ""Sequestro"" da sua carga: Quando o fornecedor recusa liberar o BL. (Visual: Um documento oficial (BL) trancado com um cadeado digital ou correntes).
Slide 2: O navio atracou no Brasil, você tem o dinheiro dos impostos na mão, mas o despachante liga e avisa: ""O BL não foi liberado na origem"". Sua carga acaba de virar refém.
Slide 3: O que é o BL? É o Conhecimento de Embarque, o título de propriedade da mercadoria. Sem a via original (ou a liberação eletrônica, o Telex Release), a Receita Federal não te entrega um parafuso sequer.
Slide 4: Por que o ""sequestro"" acontece? Geralmente por armadilhas no frete CIF ou divergências comerciais. O agente chinês embute taxas extras de última hora e avisa: ""Ou paga essa diferença cambial, ou seguro o documento"".
Slide 5: O relógio da falência: Enquanto você briga pelo WeChat ou e-mail com a Ásia, o terminal portuário brasileiro não quer nem saber. A armazenagem está correndo em dólar todos os dias.
Slide 6 (CTA): O antídoto: Negocie em FOB, controle o seu agente de cargas no Brasil e amarre a liberação do Telex Release ao pagamento do saldo final. Compartilhe esse alerta com o setor de compras! 🛑","Navio no porto, imposto calculado, mas a carga não sai porque o fornecedor ou agente na China ""sequestrou"" o seu BL. Quem já passou por isso sabe o desespero que é ver a conta da armazenagem explodir no porto brasileiro enquanto briga por WhatsApp com o outro lado do mundo de madrugada. O Bill of Lading é a chave do cofre da sua importação. Nunca deixe essa chave na mão de quem você não confia a 100%. 🚢🔒 Já teve dor de cabeça com liberação de Telex Release ou BL original na origem? Conta aqui embaixo! 👇",28/07/2026,terça-feira,,Baixa,Junior,Finalizado,,
A dor que só vem na hora de pagar - 1007,Video,Mineiro,"Mineiro vai tatuar o Gustavo e fala: ""Se doer, você dá um grito, viu?"" Gustavo faz a tattoo inteira sem esboçar reação, aguentando firme. Quando termina, chega a hora de pagar. Gustavo coloca o cartão na maquininha e, assim que a compra é finalizada, ele solta um grito alto. Mineiro ri da situação.",,30/07/2026,quinta-feira,17:00:00,alta,Junior,Finalizado,https://www.instagram.com/p/DWeNX1HjhG5/,
Academia,Video,Venturini,Academia,,28/07/2026,terça-feira,12:00:00,Baixa,Junior,Finalizado,,
video 8,Video,Comexblog,,,30/07/2026,quinta-feira,,alta,Junior,Finalizado,,
video DVD 6,Video,Venturini,video DVD 6,,29/07/2026,quarta-feira,18:00:00,Baixa,Viviane,Finalizado,,
Academia,Video,Venturini,Academia,,29/07/2026,quarta-feira,12:00:00,Baixa,Junior,Finalizado,,
"01 - Cantadas de Barbearia (Especial Dia dos Namorados)",Video,Suricato,,,,sábado,,Baixa,Junior,Finalizado,,
Organizar o instagram,Operacional,HDG,Fazer destaques e oeganizar o perfil do instagram,,31/07/2026,sexta-feira,,Media,Viviane,Finalizado,,
"27.06 1/6 Médico, Vitória - ES",Video,Venturini,Post notificação,,,sábado,,Baixa,Junior,Finalizado,,
video Casamento,Video,Venturini,video Casamento,,02/08/2026,domingo,18:00:00,alta,Junior,A fazer,,
Post,Estático,animales,,,28/07/2026,terça-feira,18:00:00,Baixa,Viviane,Finalizado,,
Post,Estático,Hip,,,28/07/2026,terça-feira,18:00:00,Baixa,Viviane,Finalizado,,
Organizar o instagram,Operacional,Venturini,Fazer destaques e oeganizar o perfil do instagram,,31/07/2026,sexta-feira,,Media,Viviane,Finalizado,,
Organizar o instagram,Operacional,icecream,Fazer destaques e oeganizar o perfil do instagram,,31/07/2026,sexta-feira,,Media,Viviane,Finalizado,,
video,Video,Comexblog,Video,"🚢 Você acha que é só colocar o contêiner no navio e mandar?

Nem de longe.",31/07/2026,sexta-feira,,alta,Junior,Finalizado,,
video musica 4,Video,Venturini,Teaser da musica,,27/07/2026,segunda-feira,18:00:00,Baixa,Junior,Finalizado,,
Academia,Video,Venturini,Academia,,27/07/2026,segunda-feira,12:00:00,Baixa,Junior,Finalizado,,
TRrafego pago,Operacional,Venturini,Arrumar tráfego pago,,03/08/2026,segunda-feira,16:00:00,alta,Viviane,A fazer,,
 Entrevista barbeiro suelllen,Video,Suricato,,,30/07/2026,quinta-feira,14:00:00,Baixa,Junior,Finalizado,,
7- O Disfarce Perfeito,Video,Venturini,"Personagem: Gustavinn 
Cenário: Uma calçada ou espaço público ao ar livre. 
Figurino: Roupas de esporte (bermuda, camiseta e tênis de corrida). 
Acessórios : Um pacote de biscoito ou alguma embalagem de doce jogado no chão. 

 Texto na Tela (Fixo no topo): ""o que minha situação financeira me faz passar ""
Cena 1:  
Ação: O pacote de biscoito está no chão, em primeiro plano. Gustavinn vem correndo de longe, em direção à câmera, fingindo estar no meio de um treino intenso de corrida.
Expressão: Cara de cansaço, focado no exercício. De repente, o olhar dele cruza com o pacote no chão. Ele reduz a velocidade sutilmente.
Cena 2:  
Ação: Ele para exatamente ao lado da embalagem. Para não passar vergonha, ele se abaixa e coloca uma das mãos no cadarço do tênis, fingindo que está amarrando.
Ação Principal (O Truque): Enquanto uma mão está no tênis, a outra mão vai de fininho até a embalagem no chão. Ele umas  apertadinhas disfarçadas no pacote para sentir se o biscoito está inteiro ou se ainda tem alguma coisa lá dentro.
Cena 3:  
Ação: Ao apertar na terceira vez, ele percebe que o pacote está completamente vazio (só tem vento).
Expressão: O rosto dele cai. A esperança vira uma cara de decepção misturada com vergonha alheia de si mesmo. Ele dá aquela olhada rápida pros lados para ver se alguém flagrou o papelão que ele acabou de fazer.
Ação Final: Totalmente sem graça, ele solta o pacote, levanta rapidamente, arruma a postura e volta a correr, saindo de cena fingindo que absolutamente nada aconteceu.
Dica de gravação para o Gustavinn: O ponto alto da sua atuação tem que ser no momento da ""apertadinha"" no pacote! A transição da sua cara de ""opa, me dei bem"" para ""que humilhação, tá vazio"" é o que vai garantir que o público entenda perfeitamente a piada. Manda ver na gravação! e o pacote precisa parecer que tem produto dentro para ser uma surpresa pro publico também.",,,sábado,18:00:00,Baixa,Viviane,Finalizado,,
Organizar o instagram,Operacional,Suricato,Fazer destaques e oeganizar o perfil do instagram,,03/08/2026,segunda-feira,,Media,Viviane,A fazer,,
Gel-Dental-Infantil-Verdi,Estático,Aline,,,29/07/2026,quarta-feira,,Baixa,Viviane,Finalizado,,
Prato-com-divisória-Magic-Dino,Estático,Aline,,,29/07/2026,quarta-feira,,Baixa,Viviane,Finalizado,,
Prato-com-divisória-Magic-unicórinio,Estático,Aline,,,29/07/2026,quarta-feira,,Baixa,Viviane,Finalizado,,
Leãozinho-Musical-Buba,Estático,Aline,,,29/07/2026,quarta-feira,,Baixa,Viviane,Finalizado,,
Prato-com-divisória-Animal-Fun-Macaco,Estático,Aline,,,29/07/2026,quarta-feira,,Baixa,Viviane,Finalizado,,
Kit-Refeição-Animal-Fun-Macaco,Estático,Aline,,,29/07/2026,quarta-feira,,Baixa,Viviane,Finalizado,,
Pudim,Video,Full Gaz,,,31/07/2026,sexta-feira,18:00:00,Baixa,Viviane,Finalizado,,
Criar Site,Dev,Comexblog,Criar Site,,03/08/2026,segunda-feira,,Media,Junior,A fazer,,
Carrossel 8 (Pilar 2: Guia Prático),carrossel,Renan,"Capa: A POLÍCIA ACHOU ALGO ILÍCITO NA SUA CASA DURANTE UMA BUSCA. ACABOU TUDO?
Slide 2: Eles batem às 6 da manhã, reviram suas gavetas e encontram algo que sequer estava no mandado judicial. O desespero bate, mas a técnica salva.
Slide 3: O Brasil adota a teoria dos ""Frutos da Árvore Envenenada"". Se a polícia encontrar algo através de uma ação ilegal, a prova é nula.
Slide 4: O mandado de busca era exclusivo para documentos contábeis, mas o agente decidiu quebrar a senha do seu cofre no quarto e achou uma arma irregular?
Slide 5: Essa ação extrapolou os limites da ordem judicial. Chamamos isso de pesca probatória (fishing expedition).
Slide 6: O Estado não pode usar o acaso e o abuso de poder para justificar uma prisão. A prova é contaminada e a prisão em flagrante deve ser relaxada.
Slide 7 (CTA): Não existe causa perdida quando a defesa domina o processo. Siga meu perfil.
Conceito Visual: Título em amarelo queimado para tom de alerta. Ícone de um cofre aberto em marca d'água no fundo.","🚨 A polícia encontrou algo ilícito na sua casa. Isso significa que você está automaticamente preso?

Não necessariamente.

Em uma busca e apreensão, a autoridade policial precisa respeitar os limites determinados pela ordem judicial. Se houver abuso ou uma busca que extrapole o que foi autorizado, a validade da prova pode ser questionada.

É aí que entra a chamada **teoria dos frutos da árvore envenenada**: uma prova obtida de forma ilícita pode contaminar as provas que dela derivaram.

E é justamente por isso que, no processo penal, **não basta encontrar uma prova. É preciso analisar como ela foi obtida.**

⚖️ O detalhe que parece pequeno pode mudar completamente o rumo de um processo.

Salve este carrossel e compartilhe com alguém que precisa entender isso.

Siga o perfil para mais conteúdos sobre Direito Penal e Processo Penal.",30/07/2026,quinta-feira,18:00:00,Media,Junior,Finalizado,,
Post,Estático,animales,,,30/07/2026,quinta-feira,18:00:00,Baixa,Viviane,Finalizado,,
Post,Estático,Hip,,,30/07/2026,quinta-feira,18:00:00,Baixa,Viviane,Finalizado,,
Mail Marketing: SUPERMERCADOS (Foco: Recuperação de Créditos Passados),Email,HDG,"📝 Resumo: Foca na dor da Substituição Tributária (pagar imposto antes de vender) e oferece soluções como REOAS e revisão de NCM. 🎯 Melhor Setor (Tag Brevo): Varejo, Distribuidores, Revendedores
Assunto: O ICMS-ST está comendo sua margem de lucro? 😱 (Opção B: Veja como driblar legalmente o peso da Substituição Tributária)
Corpo do E-mail:
Olá, [Nome do Lead],
Se você vende produtos sujeitos ao ICMS Substituição Tributária (ST), sabe bem o problema: você paga o imposto antes mesmo de vender a mercadoria. Isso trava seu capital de giro e esmaga sua margem.
Muitas empresas pagam mais do que deveriam sem saber que existem caminhos legais para aliviar essa carga, como:
Tornar-se o substituto tributário (Regime Especial): Ganhando prazo e poder sobre o recolhimento.
Triangulação interestadual: Aproveitando alíquotas menores.
Revisão de Classificação Fiscal (NCM): Muitos produtos pagam ST indevidamente por erro de cadastro.
O resultado de corrigir isso? Preço final mais competitivo, mais caixa livre e maior lucro na venda.
Na Hedge Tax, fazemos um estudo completo da sua operação para identificar onde o ICMS-ST está pesando e como resolver.
🎯 Vamos conversar? A análise é success fee: você só nos paga se houver resultado real.
👉 [QUERO AVALIAR MINHA OPERAÇÃO]
Atenciosamente, Equipe Hedge Tax
",,03/08/2026,segunda-feira,18:00:00,Baixa,Junior,A fazer,,
Carrossel 8: A Bomba da Precificação,carrossel,HDG,"Slide 1: A Reforma Tributária vai quebrar o seu negócio em 2027.
Slide 2: A mudança que vem aí não é só na guia de imposto. É no preço que o seu time de compras paga pelos insumos todos os dias.
Slide 3: Com a nova regra, aquele fornecedor do Simples Nacional que sempre cobrou mais barato vai virar a opção mais cara e tóxica da sua mesa.
Slide 4: Por quê? Porque ele vai transferir muito menos crédito para você abater no fim do mês. A sua margem vai simplesmente evaporar.
Slide 5: Não espere o desespero de 2027 para refazer o seu caixa. A Hedge estrutura a transição da sua empresa agora. Clica no link da bio.
","2027 ainda parece longe. Para o seu caixa, não está.

A Reforma Tributária pode mudar completamente a lógica por trás das suas compras, dos seus fornecedores e, principalmente, dos créditos que sua empresa consegue aproveitar.

E existe um detalhe que muita empresa ainda está ignorando: **o fornecedor mais barato nem sempre será o mais barato depois da transição.**

Se você deixar para analisar isso quando a mudança já estiver acontecendo, talvez o problema já esteja refletindo diretamente na sua margem.

A pergunta não é se você vai precisar se adaptar.

É **quanto vai custar não se preparar agora.**

A Hedge pode ajudar sua empresa a estruturar essa transição.

Acesse o link da bio e fale com a nossa equipe.
",31/07/2026,sexta-feira,,Baixa,Viviane,Finalizado,,
Organizar os mails marketing,Operacional,HDG,,,03/08/2026,segunda-feira,,Baixa,Junior,A fazer,,
Carrossel 3 (Pilar 3: Pop Culture),carrossel,Renan,"Capa: SE O PABLO ESCOBAR CAÍSSE NO BRASIL, O QUE ACONTECERIA COM AS MANSÕES DELE?
Slide 2: Nas séries, o governo confisca tudo em uma cena com helicópteros. Na Justiça Brasileira, a perda de bens não é tão cinematográfica (nem tão automática).
Slide 3: Pela Lei de Drogas, bens adquiridos com dinheiro do crime devem ser perdidos. Mas o Estado tem um dever ingrato: provar o ""nexo de causalidade"".
Slide 4: O Ministério Público precisa comprovar que AQUELA fazenda específica foi comprada com dinheiro sujo. Achismos não ganham processo.
Slide 5: Se a defesa criminal conseguir demonstrar a origem lícita do bem — uma herança antiga, por exemplo —, o imóvel não pode ser tocado.
Slide 6: Não importa o clamor público ou a fama do acusado. O direito à propriedade só é quebrado com provas técnicas incontestáveis.
Slide 7 (CTA): O Direito Penal técnico não liga para o que passa na TV. Siga o perfil para aprender a realidade.
Conceito Visual: Elementos que remetem à Colômbia/Série, mas extremamente limpos, preto e branco com detalhes dourados apagados.",,03/08/2026,segunda-feira,18:00:00,Baixa,Junior,A fazer,,
Quando a porta resolve brigar com você - 1007,Video,Venturini,"Aparece na tela o texto: ""POV: você chegou em casa puto e a porta ainda fica de gracinha"". Gustavo vai abrir a porta e, na edição, é colocado um barulho alto de porta rangendo ou fazendo algum som engraçado. Gustavo para, olha pra porta com cara de confusão e começa a ""brigar"" com ela, como se a porta tivesse feito de propósito.","eu só queria entrar em casa

a porta: hoje não
",31/07/2026,sexta-feira,18:00:00,alta,Junior,Finalizado,https://www.instagram.com/p/DY5c8LkxTn-/,
Contratação video 1 - 2907,Video,Suricato,,"É isso mesmo. 👀

Estamos procurando um barbeiro para entrar pra família Suricato.

Se você manda bem no que faz e quer fazer parte do time, chama a gente na DM. 🦔✂️
",31/07/2026,sexta-feira,,alta,Junior,Finalizado,,
Academia,Video,Venturini,Academia,,31/07/2026,sexta-feira,12:00:00,Baixa,Junior,Finalizado,,
Organizar videos ,Video,Suricato,,,31/07/2026,sexta-feira,18:00:00,Baixa,Junior,Finalizado,,
Criar roteiro para os videos,Roteiro,Gasmaske,,,03/08/2026,segunda-feira,,Baixa,Viviane,A fazer,,
Post,Video,Hip,,,31/07/2026,sexta-feira,18:00:00,Baixa,Viviane,Finalizado,,
Video,Video,icecream,,,29/07/2026,quarta-feira,18:00:00,Baixa,Junior,Finalizado,,
Organizar o instagram,Operacional,LTV,Fazer destaques e oeganizar o perfil do instagram,,31/07/2026,sexta-feira,,Media,Viviane,Finalizado,,
Aguardar Roteiro,carrossel,Mineiro,é para sabado,,03/08/2026,segunda-feira,18:00:00,Baixa,Viviane,A fazer,,
COMPRANDO DO SIMPLES NACIONAL? VOCÊ PODE ESTAR PERDENDO DINHEIRO!,Video,HDG,"Se a sua rede varejista compra de empresas do Simples, você precisa repensar sua estratégia agora. Veja como o Compete Atacadista ignora a falta de crédito na entrada e salva a sua margem de lucro. 📊💡 #Varejo #SimplesNacional #Lucratividade","Se a sua rede varejista compra de empresas do Simples, você precisa repensar sua estratégia agora. Veja como o Compete Atacadista ignora a falta de crédito na entrada e salva a sua margem de lucro. 📊💡 #Varejo #SimplesNacional #Lucratividade",29/07/2026,quarta-feira,18:00:00,Baixa,Junior,Finalizado,,
ESTÁTICO 07 (Checklist do BL),Estático,Comexblog,"Visual: Layout limpo em checklist.
Texto na Arte: 3 Coisas que cancelam o seu Bill of Lading (BL) no banco: [ ] Rasuras e emendas não carimbadas. [ ] Falta de ""Clean on Board"". [ ] Divergência no nome do Consignee.
","O BL é o título de propriedade da sua mercadoria e o documento mais importante no fechamento de câmbio. Se ele estiver sujo ou impreciso, o banco trava o seu pagamento e a carga não sai do porto. Revisão tripla é o mínimo! 📑✅",29/07/2026,quarta-feira,,Baixa,Junior,Finalizado,,
CARROSSEL 07: O Teto do Tráfego Pago,carrossel,LTV,"Slide 1 (Capa): Por que as suas campanhas de anúncios não escalam mais? (Visual: Uma seta vermelha batendo num teto de vidro invisível).
Slide 2: Você aumenta a verba no Meta e no Google Ads, vende mais, mas quando fecha a planilha, o lucro diminui. É a matemática do tráfego caro.
Slide 3: Se o custo de aquisição do seu produto na prateleira (no fornecedor do Brás) é alto, você não tem ""gordura"" para suportar a inflação dos cliques nos anúncios.
Slide 4: Quem ganha o leilão do tráfego pago hoje é quem tem maior margem de lucro para queimar na aquisição do cliente.
Slide 5: Como ter essa margem? Derrubando o custo do produto na fábrica com a Importação Direta da LTV.
Slide 6 (CTA): Quem compra barato na origem dita as regras do mercado. Escale de verdade com a LTV. 🚀
","O teto de crescimento da sua empresa não é um problema de marketing, é um problema de logística. Se a sua base de custos de mercadoria é frágil, você vira refém das plataformas de anúncios. A Carga Compartilhada da LTV derrete os custos do seu produto na origem, dando à sua empresa o fôlego necessário para dominar os leilões de tráfego no Brasil. 📊💰",29/07/2026,quarta-feira,,Baixa,Junior,Finalizado,,
Organizar o instagram,Operacional,Comexblog,Fazer destaques e oeganizar o perfil do instagram,,03/08/2026,segunda-feira,,Media,Viviane,A fazer,,
Video Teaser,Video,Mineiro,,,03/08/2026,segunda-feira,18:00:00,alta,Junior,Em execução,,
Aguardar responsta do contrato,Operacional,Gasmaske,11 95802-5375,,03/08/2026,segunda-feira,17:00:00,Baixa,Junior,Aguardar,,
CARROSSEL 08: Contratos de Exclusividade na China,carrossel,LTV,"Slide 1 (Capa): Como garantir que a fábrica na China não venda o seu produto para o seu concorrente. (Visual: Um aperto de mão trancado com um cadeado blindado).
Slide 2: O maior medo de quem lança a própria marca (White Label) é ver o concorrente da rua de baixo vendendo exatamente o mesmo modelo importado da China.
Slide 3: O que você precisa saber: Acordos verbais na Ásia não têm valor nenhum. O fornecedor asiático prioriza o volume.
Slide 4: A LTV viabiliza contratos rigorosos de NNN (Não-Uso, Não-Divulgação, Não-Circunvenção) registrados sob a lei chinesa.
Slide 5: Nós protegemos o molde do seu produto, o seu design e a sua logo, blindando o seu nicho de mercado para que a exclusividade seja absoluta.
Slide 6 (CTA): Estratégia de gente grande. A LTV protege a integridade da sua marca. Acesse o link da bio. 🔒
","Construir um império White Label exige amparo jurídico e logístico forte na origem. Não basta apenas trocar de fabricante, é preciso proteger a exclusividade do seu ativo intelectual dentro do território asiático. A LTV constrói muros altos em volta do seu nicho de mercado. 🌍🛡️",31/07/2026,sexta-feira,,Baixa,Junior,Finalizado,,
Criar roteiro,Roteiro,Full Gaz,aguardando a laila responder,,03/08/2026,segunda-feira,18:00:00,Baixa,Viviane,Revisão,,
Narração videos do paraguai,Video,Full Gaz,aguardar ela mandar,,03/08/2026,segunda-feira,18:00:00,Baixa,Viviane,A fazer,,
Organizar videos da V4,Video,HDG,,,31/07/2026,sexta-feira,18:00:00,Baixa,Junior,Finalizado,,
Colocar dinheiro no trafego pago,Operacional,Mineiro,Aguardando pagamento,,03/08/2026,segunda-feira,18:00:00,Baixa,Viviane,Aguardar,,
marcar nova captação,Captação,icecream,verificar possivel data,,03/08/2026,segunda-feira,,Baixa,Junior,A fazer,,
O COMPETE SÓ FUNCIONA ASSIM,Video,HDG,,"Tem muita gente confundindo as regras do jogo. O Compete Atacadista é desenhado para operações B2B interestaduais. Entenda o benefício real que transforma seus 12% de ICMS em apenas 1,1%! 🎯📉 #BeneficioFiscal #NegociosB2B #Hedge",03/08/2026,segunda-feira,18:00:00,Baixa,Junior,Postar,,
Criar Roteiros,Roteiro,Comexblog,,,03/08/2026,segunda-feira,,Baixa,Junior,Revisão,,
2 - lançar produto zero,Video,icecream,,,03/08/2026,segunda-feira,,Baixa,Junior,Revisão,,
A Dívida - 2307 - heide,Video,HDG,"[00:00 - 00:08] HOOK (O Gancho) ""E se eu te disser que uma dívida de seiscentos milhões de reais com o Governo Federal virou apenas cinquenta milhões? Não é milagre, nem perdão político.""
[00:08 - 00:25] O PROBLEMA (O inimigo invisível) ""A Procuradoria da Fazenda usa um sistema automático para calcular o quanto a sua empresa aguenta pagar. É a famosa CAPAG. O problema é que esse robô quase sempre joga o seu potencial de pagamento lá para o alto. O resultado? Você recebe um desconto ridículo na hora de negociar a sua Dívida Ativa.""
[00:25 - 00:42] A SOLUÇÃO TÉCNICA (O contraintuitivo) ""Quem aceita a primeira proposta do governo, perde muito dinheiro. O segredo dos grandes empresários é contestar o algoritmo. Quando você faz uma revisão técnica e prova a sua capacidade real de pagamento, a sua nota cai. E a regra é clara: quanto menor a capacidade que você demonstra, maior o desconto. Dá para cortar cem por cento de juros e multas.""
[00:42 - 00:58] CALL TO ACTION (Chamada de autoridade) ""Se a sua empresa tem um passivo federal travando o caixa, não assine nenhum parcelamento automático na internet. Clica no link da bio e vem falar com os especialistas da Hedge Consultoria. A gente sabe exatamente como recalcular essa conta e colocar o governo no lugar dele.""
","O governo não vai te dar o maior desconto por livre e espontânea vontade. 💸
A redução drástica de dívidas federais (Transação Tributária) só acontece quando você contesta a CAPAG — a Capacidade de Pagamento calculada automaticamente pelo sistema da Procuradoria.
Se você aceita o cálculo padrão do robô da PGFN, sua empresa perde a chance de cortar até 100% de juros, multas e encargos legais. Dívidas milionárias são reduzidas com matemática, prova técnica e estratégia, não preenchendo formulário online.
A sua empresa tem um passivo alto inscrito em Dívida Ativa? Não feche nenhum acordo antes de avaliar a sua real capacidade de pagamento.
📲 Clique no link da bio e fale com a equipe da Hedge Consultoria para uma análise técnica do seu cenário.
",03/08/2026,segunda-feira,,Baixa,Junior,A fazer,,
"CARROSSEL 02: A ""Crise dos Combustíveis Verdes""",carrossel,Comexblog,"Esse daqui não vai postar, colocar um video de gracinha e ja era",,03/08/2026,segunda-feira,,Baixa,Viviane,A fazer,,
ESTÁTICO 08 (Financeiro Absoluto),Estático,LTV,"Visual: Duas caixas fortes lado a lado, simbolizando dinheiro.
Texto na Arte: Preço de Fábrica (Ásia) vs. Preço de Prateleira (SP). A verdade nua e crua que os ""Gurus"" de dropshipping não te mostram.","A operação logística própria e estruturada da LTV destrói qualquer modelo amador do mercado. O acesso corporativo e validado às indústrias elimina o custo de exposição da prateleira nacional. Tenha lucro na compra, não na venda! 🏭📦",03/08/2026,segunda-feira,,Baixa,Viviane,A fazer,,
"4- Aparelho ortodontico
",Video,Juliana,"Juliana: Se eu tivesse aparelho hoje, era isso que eu faria todos os dias:
Juliana: Capricharia muito na higiene, pois isso muda totalmente o resultado.
Juliana: Usaria os elásticos exatamente como recomendado, sem pular etapas.
Juliana: Evitaria alimentos que quebram as pecinhas e atrasam seu tratamento.
Juliana: Não faltaria às consultas, porque cada ajuste faz diferença.
Juliana: O aparelho sozinho não faz milagre, o resultado depende de você também. Precisa colocar aparelho? Fale conosco, link na Bio.
",,03/08/2026,segunda-feira,,Baixa,Viviane,Revisão,,
5- A Importância da Escovação Noturna,Video,Juliana,"INÍCIO: Em pé no consultório, apontando para cima (onde estará a imagem de uma boca demonstrando quem não escova a noite).
Juliana: Isso aqui é o que acontece com a sua boca após você deitar para dormir sem escovar, e pode te deixar com mau hálito o dia todo.
(ação: Sentado em um escritório, falando diretamente para a câmera.)
Juliana: Tem gente que passa o dia inteiro escovando os dentes, mas dorme sem escovar, achando que não faz tanta diferença.
Juliana: E é justamente durante a noite que sua boca fica mais vulnerável.
Juliana: Quando você dorme, a produção de saliva diminui muito, e a saliva é uma das principais proteções naturais da boca durante o dia.
Juliana: Sem ela, as bactérias conseguem se proliferar muito mais rápido enquanto você dorme, só que o pior não é isso.
Juliana: Durante a madrugada, essas bactérias começam a se acumular, principalmente perto da gengiva e entre os dentes...
Juliana: ...e aí começam os sinais: aquele gosto ruim ao acordar, gengiva inflamando, mau hálito frequente, e em alguns casos até pequenas cáries.
Juliana: Um conselho: se você tivesse que escolher apenas uma escovação no dia, a mais importante seria a da noite.
Juliana: Agora eu quero saber, você imaginava que a escovação da noite era a mais importante de todas?",,03/08/2026,segunda-feira,,Baixa,Viviane,Revisão,,
1-: Aparelho ortodontico,Video,Juliana,,,03/08/2026,segunda-feira,,Baixa,Viviane,Revisão,,
2- Aparelho ortodontico,Video,Juliana,,,03/08/2026,segunda-feira,,Baixa,Viviane,Revisão,,
3- Fio dental,Video,Juliana,,,03/08/2026,segunda-feira,,Baixa,Viviane,Revisão,,
1-  Linha Buba Zoo Gatinha,Video,Aline,,,03/08/2026,segunda-feira,,Baixa,Viviane,A fazer,https://docs.google.com/document/d/1RZQjkZpJFXKMJDJ3rWUf1eSllafGTvkBfABT7urb6XE/edit?tab=t.0#heading=h.f63mzor1l4sm,
2- Bálsamo Reconfortante,Video,Aline,,,03/08/2026,segunda-feira,,Baixa,Viviane,A fazer,https://docs.google.com/document/d/1RZQjkZpJFXKMJDJ3rWUf1eSllafGTvkBfABT7urb6XE/edit?tab=t.0#heading=h.f63mzor1l4sm,
3- Spray Relaxante (Lavanda & Eucalipto ),Video,Aline,,,03/08/2026,segunda-feira,,Baixa,Viviane,A fazer,https://docs.google.com/document/d/1RZQjkZpJFXKMJDJ3rWUf1eSllafGTvkBfABT7urb6XE/edit?tab=t.0#heading=h.f63mzor1l4sm,
4- Sereia Treme-Treme Buba,Video,Aline,,,03/08/2026,segunda-feira,,Baixa,Viviane,A fazer,https://docs.google.com/document/d/1RZQjkZpJFXKMJDJ3rWUf1eSllafGTvkBfABT7urb6XE/edit?tab=t.0#heading=h.f63mzor1l4sm,
5 - Risque e Apague - Giz de Banho Buba,Video,Aline,,,03/08/2026,segunda-feira,,Baixa,Viviane,A fazer,https://docs.google.com/document/d/1RZQjkZpJFXKMJDJ3rWUf1eSllafGTvkBfABT7urb6XE/edit?tab=t.0#heading=h.f63mzor1l4sm,
"6- Potes Térmicos Buba (Animal Fun Girafa, Unicórnio e Gumy Pêssego Rosa)",Video,Aline,,,03/08/2026,segunda-feira,,Baixa,Viviane,A fazer,https://docs.google.com/document/d/1RZQjkZpJFXKMJDJ3rWUf1eSllafGTvkBfABT7urb6XE/edit?tab=t.0#heading=h.f63mzor1l4sm,
7 - Prontos para o Passeio? (Combo Passeio),Video,Aline,,,03/08/2026,segunda-feira,,Baixa,Viviane,A fazer,https://docs.google.com/document/d/1RZQjkZpJFXKMJDJ3rWUf1eSllafGTvkBfABT7urb6XE/edit?tab=t.0#heading=h.f63mzor1l4sm,
8- Kit 2 Escovas para Canudo Rosa,Video,Aline,,,03/08/2026,segunda-feira,,Baixa,Viviane,A fazer,https://docs.google.com/document/d/1RZQjkZpJFXKMJDJ3rWUf1eSllafGTvkBfABT7urb6XE/edit?tab=t.0#heading=h.f63mzor1l4sm,
2- A Essência por Trás das Tatuagens - 1007,Video,Mineiro,"Tatuagem precisa de significado?
Nem toda tatuagem tem um significado profundo, mas toda tatuagem conta uma história. Tenho vários desenhos que fiz simplesmente porque achei a arte incríve. No fim das contas, elas acabam contando um pouco de quem eu sou e não me arrependo de nenhuma delas. 
Cada tatuagem registra uma fase. Você recorda exatamente da sua vibe na época, de quem você era, da galera que andava com você, dos seus sentimentos ou de onde trabalhava... a arte na pele crava um momento da nossa história.  
Muitas vezes, a importância da tattoo não vai estar no desenho em si, mas sim por ela eternizar um capítulo da sua vida. 
Fazer uma tatuagem é escolher carregar uma marca para a vida toda. E com o passar dos anos, é natural que você mude. Você não é o mesmo de 10 anos atrás. O importante é assumir as próprias escolhas.
mas e ai qual foi a primeira tatuagem que você fez? Conta aqui nos comentários.",,03/08/2026,segunda-feira,18:00:00,Baixa,Junior,A fazer,,
video musica 5,Video,Venturini,Teaser da musica,,03/08/2026,segunda-feira,,Baixa,Junior,A fazer,,
4 - linha de produtos 1,Video,icecream,,,03/08/2026,segunda-feira,,Baixa,Junior,A fazer,,
ESTÁTICO 08 (Meme/Estagiário Siscomex),Estático,Comexblog,"Visual: Meme de alguém chorando olhando pro PC.
Texto na Arte: O estagiário de Comex abrindo o Portal Único e vendo que o governo mudou o layout inteiro do sistema sem avisar.
","A vida do profissional de importação no Brasil é nunca ter tédio. Cada dia é um layout novo, uma regra nova e uma instabilidade de sistema diferente. Quem já sobreviveu ao Portal Único sobrevive a qualquer coisa! 🤡💻",03/08/2026,segunda-feira,,Baixa,Viviane,A fazer,,
alteração no site,Design,Aline,,,03/08/2026,segunda-feira,,Baixa,Viviane,A fazer,,
Criar arte para os clientes que acham que pagam algo para a hedge,Design,HDG,aguardar bruna,,03/08/2026,segunda-feira,,Baixa,Junior,A fazer,,
Contratação video 2 - 3007                    ,Video,Suricato,Falta Editar,,03/08/2026,segunda-feira,,Baixa,Junior,A fazer,,
Video 1 andre 2307,Video,HDG,,,03/08/2026,segunda-feira,,Baixa,Junior,A fazer,,
Video 2 andre 2307,Video,HDG,,,03/08/2026,segunda-feira,,Baixa,Junior,A fazer,,
Video 2 andre 3007,Video,HDG,,,03/08/2026,segunda-feira,,Baixa,Junior,A fazer,,
Video 1 andre 3007,Video,HDG,,,03/08/2026,segunda-feira,,Baixa,Junior,A fazer,,
video dani horizolta,Video,HDG,,,03/08/2026,segunda-feira,,Baixa,Junior,A fazer,,
vcerificar com o paulo,Orçamento,Gasmaske,TRansporte,,03/08/2026,segunda-feira,17:00:00,Baixa,Junior,Aguardar,,
3 - efeito mounjaro,Video,icecream,,,04/08/2026,terça-feira,,Baixa,Junior,A fazer,,
Aguardar Roteiro,Estático,Mineiro,,,04/08/2026,terça-feira,18:00:00,Baixa,Viviane,A fazer,,
Macrofotografia de Produto (Desejo + Rendimento):,Estático,icecream,"Arte: Uma foto em super macro (bem de perto, altíssima resolução) de uma de nossas Pastas para Sorvetes (como Pistache ou Chocolate com Avelã), evidenciando o brilho e a textura espessa do insumo puro, derramando sobre a borda de um balde industrial.

Texto na imagem: Matéria-prima premium não é gasto. É rendimento.",,04/08/2026,terça-feira,,Baixa,Viviane,A fazer,,
SEM GALPÃO E SEM FUNCIONÁRIOS? COMO ATIVAR O COMPETE ATACADISTA HOJE,Video,HDG,,Achou que a barreira dos 300m² e 5 funcionários ia te impedir de ter o Compete? O Operador Logístico é a chave de ouro que dispensa toda essa estrutura física no Espírito Santo. Pega essa dica! 🏢🗝️ #Logistica #OperadorLogistico #EstrategiaDeNegocios,04/08/2026,terça-feira,19:00:00,Baixa,Junior,Postar,,
Central de compras no Espírito Santo: a conta que a ST muda,Blog,HDG,"---
title: ""Central de compras no Espírito Santo: a conta que a ST muda""
meta_description: ""Rede de varejo que compra de fora do estado pode montar a central de compras no ES e derrubar a carga de ICMS a 1,1% com o COMPETE Atacadista. Mas a substituição tributária muda a conta — e o cálculo do MVA decide se o projeto fecha.""
keywords: central de compras Espírito Santo, COMPETE Atacadista, crédito presumido ICMS, substituição tributária MVA ajustada, rede de varejo multiloja, CD próprio, incentivo fiscal ES, operador logístico Espírito Santo, planejamento tributário varejo, ADC 49 transferência entre estabelecimentos
author: Igor Izoton — Hedge Tax
focus_keyword: central de compras no Espírito Santo
---

# Sua rede compra quase tudo de fora do estado. A central de compras está no lugar errado.

Toda vez que sento com o financeiro de uma rede de varejo regional, a conversa começa no mesmo lugar. Não no imposto — na frustração de já ter procurado.

> ""A gente já tentou estudar de todos os lados o que a gente consegue de benefício, de incentivo. E a maior parte do que a gente compra já entra com ST.""

Duas frases, dois problemas diferentes. A primeira é a dor de quem já procurou saída e não achou. A segunda é a razão pela qual não achou.

Redes multiloja perdem margem num lugar que quase nenhum estudo tributário olha: **a entrada**. Não é o regime federal, não é a folha, não é o preço de venda. É o percurso da mercadoria entre o fornecedor e a prateleira — e quantos pontos de ICMS ficam pelo caminho.

## Onde o ICMS vaza numa rede multiloja

O desenho padrão de uma rede regional é este: cada loja, ou um CD dentro do próprio estado, compra direto do fornecedor de São Paulo, Minas ou do Sul, e vende no varejo local.

Para uma rede sediada num estado com alíquota interna de 19% — e há vários —, a mecânica é:

- A compra interestadual vinda do Sudeste ou do Sul entra com **7%** de ICMS destacado. Esse é todo o crédito que a rede leva.
- A venda no varejo, dentro do estado, sai com a alíquota interna cheia de **19%**.

O resultado é um spread de 12 pontos de ICMS sobre tudo que a rede agrega de valor. Sobre R$ 100 de compra e R$ 160 de venda:

| | Compra direta Sudeste → loja |
|---|---|
| Crédito na entrada (7% × 100) | R$ 7,00 |
| Débito na saída (19% × 160) | R$ 30,40 |
| **ICMS devido** | **R$ 23,40** |

Vinte e três reais de ICMS em cento e sessenta de venda. Em varejo que gira volume com margem apertada, isso não é linha de imposto — é linha de resultado.

A pergunta que interessa não é ""como pago menos ICMS na venda"". A alíquota interna do destino é dada, não se negocia. A pergunta é: **como entra mais crédito**.

## A virada: o crédito não vem do fornecedor, vem da rota

O Espírito Santo tem uma particularidade de alíquota que quase ninguém explora de propósito. Como o estado fica fora do grupo Sul/Sudeste para fins de alíquota interestadual de origem:

- Tudo que **entra** no ES vindo de São Paulo, Minas, Rio e Sul entra com **7%**.
- Tudo que **sai** do ES para qualquer outro estado sai com **12%**.

Ou seja: o ES é o único ponto do mapa onde você compra com 7 e vende com 12 sem fazer nada de diferente. Isso, sozinho, já é um ganho de crédito de 5 pontos para quem recebe a mercadoria.

Em cima disso vem o COMPETE Atacadista (Leis estaduais nº 10.568/2016 e 10.574/2016, com a redação da Lei nº 12.220/2024). O art. 16 concede crédito presumido ao estabelecimento atacadista capixaba nas saídas interestaduais, de modo que **a carga efetiva de ICMS fica em 1,1%** sobre a saída. O crédito de entrada, por outro lado, é limitado a 7% (art. 16, §2º), e a apuração do incentivo é feita em separado, no código de receita 380-8.

Junte as duas coisas e o desenho fica assim:

1. Você abre uma empresa atacadista no ES. Ela passa a ser a **central de compras** do grupo.
2. Ela compra dos seus fornecedores do Sudeste, entrando com 7%.
3. Ela vende para as suas lojas, **destacando 12% na nota**.
4. Sobre essa saída, recolhe **1,1%** de ICMS efetivo ao Espírito Santo.
5. A loja credita os 12% destacados e vende com 19%.

Mesmo produto, R$ 100 de compra, R$ 160 de venda no varejo, com preço de transferência da central para a loja de R$ 130:

| | Hoje (direto do Sudeste) | Com central no ES |
|---|---|---|
| ICMS efetivo pago no ES (1,1% × 130) | — | R$ 1,43 |
| Crédito da loja | R$ 7,00 (7%) | R$ 15,60 (12%) |
| Débito na venda (19% × 160) | R$ 30,40 | R$ 30,40 |
| ICMS devido no estado da loja | R$ 23,40 | R$ 14,80 |
| Custo do operador logístico (0,8%) | — | R$ 1,04 |
| **Custo total** | **R$ 23,40** | **R$ 17,27** |

Seis reais e treze centavos em cento e sessenta de venda: **3,8 pontos de margem líquida**, já descontado o custo logístico. Numa rede que fatura R$ 100 milhões, isso é conversa de oito dígitos ao longo de um ciclo de planejamento.

O motor da conta é simples de enunciar: **você paga 1,1% e o comprador credita 12%**. A diferença é margem, e ela cresce quanto mais valor você concentra na etapa capixaba da cadeia.

Guarde essa última frase. Ela é verdadeira para produtos fora da substituição tributária e **se inverte** para produtos dentro dela.

## A objeção que derruba metade dos projetos na mesa

Costuma vir do controller ou do diretor financeiro, e vem certa:

> ""O MVA vai ser calculado em cima do preço que sai do Espírito Santo. Se o preço está lá em cima, a base fica grande e já é tributada naquela hora. Tem que simular em cima disso.""

É o efeito mais importante e menos discutido dessa estrutura.

Quando o produto está sujeito à substituição tributária, a saída do ES carrega duas contas, não uma:

**Conta 1 — o ICMS próprio da central capixaba.** Destaca 12%, recolhe 1,1%. Essa parte é boa e não muda.

**Conta 2 — o ICMS-ST retido para o estado de destino.** E aqui está o problema:

```
Base ST  = valor da operação × (1 + MVA ajustada)
ICMS-ST  = Base ST × alíquota interna do destino − ICMS próprio
```

Repare no primeiro termo. A base da ST é o **preço que sai do Espírito Santo**, inflado pelo MVA. Se a estratégia para produto normal é jogar o preço de transferência para cima — concentrando margem onde a carga é 1,1% —, no produto ST essa mesma jogada **aumenta a base da ST** e devolve ao estado de destino o que você economizou no de origem.

É cobertor curto. Puxa de um lado, descobre do outro.

Duas coisas, porém, jogam a favor — e é por isso que o assunto exige simulação, não opinião.

### O MVA ajustado cai quando a origem destaca mais

Os protocolos de ST trabalham com MVA ajustada, pela fórmula do Convênio ICMS nº 142/2018:

```
MVA ajustada = [(1 + MVA original) × (1 − alíq. interestadual) ÷ (1 − alíq. interna destino)] − 1
```

Com MVA original de 40% e alíquota interna de destino de 19%:

- Saindo de **São Paulo** (interestadual 7%): MVA ajustada = **60,74%**
- Saindo do **Espírito Santo** (interestadual 12%): MVA ajustada = **52,10%**

O MVA ajustado existe justamente para neutralizar a diferença de alíquota de origem. Quem destaca mais na saída carrega um MVA menor. Sair do ES já entra com uma base de ST estruturalmente menor do que sair do Sudeste.

### E a dedução do ICMS próprio é feita sobre o destacado

Este é o ponto que decide o projeto inteiro. Na fórmula da ST, deduz-se o ""ICMS próprio"" da operação do substituto. A pergunta de R$ 1 milhão é: **próprio destacado (12%) ou próprio efetivamente recolhido com o incentivo (1,1%)?**

Rodando os cenários no mesmo produto — compra de R$ 100 no Sudeste, transferência da central a R$ 130, MVA original de 40%, alíquota interna de destino de 19%:

| Cenário | Base ST | ICMS-ST | Custo total de ICMS |
|---|---|---|---|
| Hoje: compra direta do Sudeste | R$ 160,74 | R$ 23,54 | **R$ 30,54** |
| Via ES, deduzindo o **destacado** (12%) | R$ 197,73 | R$ 21,97 | **R$ 24,44** |
| Via ES, deduzindo o **efetivo** (1,1%) | R$ 197,73 | R$ 36,14 | **R$ 38,61** |

Mesma estrutura, mesmo produto, mesma legislação capixaba. A diferença entre um ganho de R$ 6 e uma perda de R$ 8 por unidade está inteiramente em como o estado de destino lê a dedução do imposto próprio de um substituto que opera com crédito presumido.

Não dá para responder isso em tese, porque a resposta muda por estado, por protocolo e por NCM. Alguns estados disciplinam a dedução de forma expressa; outros deixam a questão aberta e ela vira contencioso. Nas reuniões em que esse ponto aparece, eu não improviso resposta: levo para o time de planejamento e volto com dado concreto antes de qualquer proposta.

**A regra prática que sai daí:**

- **Produto fora da ST:** a conta é aritmética e fecha. Concentre margem no ES.
- **Produto dentro da ST:** simule item a item e mantenha o preço de transferência no mínimo defensável — cada real a mais no preço custa MVA. Aqui a lógica é o oposto da anterior.
- **Nunca faça o projeto pela média do mix.** Faça pela decomposição do mix. Dentro de uma mesma rede, categorias diferentes se comportam de formas completamente diferentes sob essa estrutura, e o resultado consolidado esconde isso.

## ""Pode ser uma filial minha no Espírito Santo?""

Não. E a razão é boa.

Desde 2024, a saída de mercadoria de um estabelecimento para outro do mesmo titular **não é fato gerador de ICMS** — decisão do STF na ADC 49, consolidada pela LC nº 204/2023, que incluiu o §4º do art. 12 da Lei Kandir. Transferência entre filiais deixou de ser operação tributada; virou movimentação física com transferência de crédito.

Para quem depende de benefício fiscal, isso é fatal. O crédito presumido do COMPETE incide sobre uma **saída interestadual tributada**. Sem fato gerador, não há débito de 12%. Sem débito, não há crédito presumido. Não é detalhe de interpretação: o dispositivo que permitiria equiparar a transferência a uma operação tributada — justamente para preservar benefícios fiscais — foi vetado na sanção da LC 204/2023.

Portanto: **CNPJ novo, raiz distinta, compra e venda de verdade** entre a central capixaba e as lojas. Os sócios podem ser os mesmos, o grupo econômico é o mesmo, mas a operação precisa ser uma operação, não um deslocamento interno.

## ""Uma distribuidora que só vende para o próprio grupo não é suspeita?""

A pergunta tem fundamento. Alguns estados impõem ao atacadista limite de concentração de faturamento por cliente ou por grupo econômico, e quem já conviveu com esse tipo de regra na origem leva a preocupação para o novo desenho.

Duas respostas.

Primeira, técnica: **o COMPETE Atacadista não estabelece percentual máximo de faturamento por cliente.** A regra de concentração que existe em outros estados não tem equivalente no Espírito Santo.

Segunda, e mais importante, sobre propósito negocial. Uma rede com várias lojas ter uma central de compras não é engenharia tributária — é como o varejo funciona. Se cada loja negociasse a própria compra, a rede perderia poder de barganha, escala de frete e previsibilidade de estoque. Centralizar compra e distribuição num CD é o padrão do setor; a questão é só onde esse CD fica.

O benefício fiscal não pode ser a única razão da estrutura, mas também não precisa ser escondido. Escolher o estado onde a operação é mais eficiente é decisão empresarial legítima. O que sustenta a estrutura é a substância: contrato com operador logístico, mercadoria transitando, estoque movimentando, documentação fiscal coerente. Estrutura com substância se defende sozinha. Estrutura de papel não se defende com argumento nenhum.

## ""Vou ter que montar galpão e contratar gente no ES?""

Não necessariamente. O requisito padrão do COMPETE Atacadista é área mínima de 300 m² e cinco empregos diretos — **mas a legislação dispensa os dois requisitos para quem opera por meio de operador logístico local**. Nesse desenho, a empresa capixaba não precisa de imóvel próprio nem de um único funcionário no estado.

O que ela precisa é do contrato com o operador, e o custo entra na conta:

- **Crossdock** — a carga chega, troca de nota e segue. Nas operações que acompanho com operador parceiro, algo em torno de **0,8% do valor da nota**. É o modelo mais barato e serve para quem já controla o próprio frete de compra.
- **Armazenagem**, se a rede quiser estocar no ES e ir liberando carga aos poucos: custo variável, precificado por volume e giro. Muda a conta e precisa entrar na simulação desde o início.

Uma consequência que costuma passar batido no entusiasmo inicial: **toda a compra passa a transitar pelo Espírito Santo**. Isso alonga rota, muda prazo de reposição e afeta capital de giro. Dependendo da geografia entre fornecedor e loja, o desvio pelo ES faz todo sentido; em outras, o frete come o incentivo inteiro. Por isso o estudo tem que terminar em formação de preço, não em alíquota. A pergunta final nunca é ""quanto de ICMS eu economizo"". É ""quanto sobra na última linha depois do frete, do operador e do capital de giro parado"".

## O que eu não monto

Aparece sempre a mesma pergunta: e se eu mantiver um estoque avançado no meu próprio estado, faturar pelo Espírito Santo e entregar do estoque local, mais rápido?

Resposta direta: o Espírito Santo exige o **trânsito físico da mercadoria** pelo estado para reconhecer o benefício. E fiscaliza — a Receita Estadual bate no operador logístico e pede o relatório de movimentação por empresa satélite, entrada e saída. Se a mercadoria nunca passou, não há benefício; há autuação com o incentivo glosado retroativamente.

Existem operações no mercado que se aproximam disso com nota de remessa, nota de retorno e nota de venda. Eu não domino esse desenho a ponto de montar com segurança para um cliente, e prefiro dizer isso do que vender confiança que não tenho. O que eu monto é o padrão: empresa capixaba, mercadoria transitando pelo ES, incentivo deferido, apuração correta. Sem zona cinzenta.

## Os três cenários, separados

O projeto se quebra em três frentes independentes — e é assim que ele deve ser precificado e decidido:

| Frente | Mecânica | Veredito |
|---|---|---|
| **Atacado, produto fora da ST** | Compra 7% → destaca 12% → paga 1,1% | Ganho limpo e calculável. Concentre margem no ES. |
| **Atacado, produto na ST** | Mesma mecânica + ICMS-ST sobre base com MVA ajustada | Depende da dedução do próprio (destacado vs. efetivo). Simular por NCM antes de decidir. |
| **E-commerce B2C** | Destaca 12%, paga 1,1%, mais DIFAL de 12% até a alíquota interna do destino, recolhido antes do trânsito | Faz sentido com volume interestadual relevante. Se o e-commerce é uma fatia pequena da receita, não sustenta a estrutura sozinho. |

Prazos reais, para calibrar expectativa: o estudo tributário com dados da operação leva de 20 a 30 dias, mais eventual rodada de ajuste. A abertura da empresa, cerca de 15 dias. O deferimento do incentivo pela SEDES/SEFAZ, em torno de 30 dias — e, na modalidade com operador logístico, não é preciso ter movimentação prévia para pedir o benefício: basta a empresa aberta e o contrato logístico assinado. Com o estudo já pronto, é razoável falar em **45 dias entre decidir e estar operando**.

## A janela fecha em 2032

O COMPETE-ES é um benefício de ICMS, e o ICMS tem data de validade.

Pela EC nº 132/2023 e pela LC nº 214/2025, o ICMS começa a ser reduzido em 2029, perde peso ano a ano até 2032 e é **extinto em 2033**, substituído integralmente pelo IBS. E o IBS é imposto de **destino**: a alíquota é a do estado onde a mercadoria chega, não a do estado de onde ela sai.

Traduzindo: a lógica inteira de ""montar operação no estado com melhor benefício de origem"" morre em 2033. Não é que o COMPETE piora — é que a variável que ele explora deixa de existir.

Isso não desqualifica o projeto. Muda o cálculo de payback. Uma estrutura montada em 2026 tem **sete safras completas** de aproveitamento antes de a transição pesar, e um custo de implantação que se paga muito antes disso. Uma estrutura montada em 2030 tem janela curta e benefício já em degradação. Quem decide agora captura o ciclo inteiro; quem deixa para depois vai montar uma operação para desmontar.

Há um segundo motivo, menos óbvio, para fazer o estudo agora mesmo que a decisão seja não montar a estrutura: para se preparar para o IBS, você precisa saber exatamente de onde vem cada real de crédito da sua rede hoje. Esse mapeamento é o mesmo, com ou sem central de compras.

## O ponto

Rede de varejo não perde margem na venda. A alíquota do destino é dada e o preço quem manda é o mercado. Ela perde na entrada — e a entrada é a única parte da cadeia que ainda dá para redesenhar.

O incentivo fiscal não é o plano. O plano é a rota da mercadoria. O incentivo é só quem paga a conta no fim.

---

**Sobre a Hedge Tax.** Somos uma consultoria tributária boutique com sede em Vila Velha (ES), reconhecida como uma das principais referências em incentivos fiscais estaduais e estruturação de centrais de compras no Espírito Santo, com atuação em todo o país. Nosso time tem passagem por Deloitte, ArcelorMittal e Vale S.A., e reúne advogados tributaristas, consultores e contadores dedicados exclusivamente a consultoria — não fazemos contabilidade. Atendemos de redes familiares de varejo regional a empresas listadas em bolsa. No projeto de central de compras capixaba, cuidamos do estudo com os dados reais da operação, da formação de preço, da apresentação do projeto ao Estado, do pedido do benefício e do acompanhamento da apuração até a sua equipe rodar sozinha. Se a sua rede compra a maior parte do estoque fora do estado, existe uma conta que provavelmente ninguém fez: **hedgeconsultoria.com**.

Fale comigo diretamente pelo WhatsApp nesse link:
https://api.whatsapp.com/send/?phone=5527999614664

Igor Izoton
CEO, Hedge Tax
+55 27 99961-4664
igor@hedgeconsultoria.com

---

*Este conteúdo tem caráter informativo e não constitui consultoria tributária individualizada. Os números apresentados são simulações ilustrativas com premissas indicadas no texto; o resultado real depende do mix de produtos, do NCM, do protocolo de ST aplicável, da geografia dos fornecedores e do custo logístico de cada operação — e a viabilidade de estruturas envolvendo produtos sujeitos à substituição tributária exige simulação específica antes de qualquer decisão. As regras, alíquotas e percentuais citados baseiam-se na legislação vigente (EC nº 132/2023, LC nº 214/2025, LC nº 87/1996 com a redação da LC nº 204/2023, ADC 49/STF, Convênio ICMS nº 142/2018, Leis do Espírito Santo nº 10.568/2016, 10.574/2016 e 12.220/2024) e estão sujeitos a alteração.*
",,04/08/2026,terça-feira,,Baixa,Junior,A fazer,,
Aguardar Roteiro,carrossel,Mineiro,,,05/08/2026,quarta-feira,18:00:00,Baixa,Viviane,A fazer,,
5 - linha de produtos 2,Video,icecream,,,05/08/2026,quarta-feira,,Baixa,Junior,A fazer,,
Otimizar Ficha do Google,Operacional,Suricato,,,05/08/2026,quarta-feira,17:00:00,Media,Junior,A fazer,,
Mail Marketing: COMPLIANCE TRIBUTÁRIO (Foco: Gestão/Risco),Email,HDG,"📝 Resumo: Texto mais sóbrio e estratégico para decisores, focando em ""Compliance"" não como burocracia, mas como dinheiro e segurança antes da fiscalização bater. 🎯 Melhor Setor (Tag Brevo): CEOs, CFOs, Grandes Empresas
Assunto: Compliance tributário virou dinheiro na mesa — ou prejuízo imediato 💸
Corpo do E-mail:
Olá, [Nome do Lead],
A Reforma Tributária já está mexendo no seu caixa. A pergunta é: você vai perder ou proteger margem?
Neste momento de transição, compliance tributário deixou de ser burocracia. Ele virou decisão estratégica de lucro.
Empresas que não se ajustam agora estão expostas a: ❌ Perda silenciosa de margem; ❌ Créditos tributários mal aproveitados; ❌ Riscos que só aparecem quando já viraram autuação fiscal.
Quando a fiscalização apertar — não haverá tempo para corrigir.
Na Hedge Consultoria Tributária, nós não entregamos apenas relatórios. Entregamos impacto financeiro real:
Diagnóstico tributário completo (Raio-X);
Ajustes de processos e classificação fiscal;
Estrutura de compliance pensada para proteger o caixa.
O relógio já está correndo. Quem se antecipa vende melhor. Quem espera... paga mais imposto.
👉 [Agende agora uma conversa estratégica com a Hedge]
Atenciosamente, Hedge Consultoria Tributária
",,05/08/2026,quarta-feira,18:00:00,Baixa,Junior,A fazer,,
O FIM DOS INCENTIVOS FISCAIS? O QUE A REFORMA TRIBUTÁRIA ESCONDE DE VOCÊ!,Video,HDG,,O maior medo dos empresários com a Reforma Tributária: o fim dos incentivos fiscais! O Igor explica a transição até 2032 e o que muda pesadamente já em 2027 com a chegada do IVA Dual. A sua empresa está preparada pro impacto? 🚨⚖️ #ReformaTributaria #IVADual #Impostos,05/08/2026,quarta-feira,20:00:00,Baixa,Junior,Postar,,
Carrossel 4: Expansão de Uso (Confeitaria e Panificação),carrossel,icecream,"Slide 1 (Capa): Se você acha que a Ice Cream só atende sorveterias, está deixando dinheiro na mesa.

Slide 2: Nossas bases prontas, cacau 100% e emulsificantes são o segredo por trás da produção de grandes indústrias de panificação e confeitarias.

Slide 3: O nosso Ice Gel, por exemplo, é amplamente utilizado em escala industrial para deixar massas de bolos muito mais fofas e aeradas.

Slide 4: E nossa linha com mais de 25 saborizantes em pó garante padronização e alto rendimento para recheios, caldas e coberturas premium.

Slide 5 (CTA): Diversifique sua produção com quem tem 40 anos de chão de fábrica. Fale com nosso comercial.",,06/08/2026,quinta-feira,,Baixa,Viviane,A fazer,,
COMO ESSA INDÚSTRIA PAULISTA USOU CROSS DOCKIN PARA PAGAR MENOS IMPOSTO!,Video,HDG,Corte Igor,Na prática: veja como estruturamos a operação de uma indústria de São Paulo para abastecer suas próprias lojas físicas pagando uma fração do imposto original. A rota capixaba pode transformar seu negócio! 🚛📉 #CrossDocking #InovacaoTributaria #Planejamento,06/08/2026,quinta-feira,18:00:00,Baixa,Junior,Postar,,
"Recuperação de créditos: por que uma achou R$ 10 milhões e nós, R$ 700 mil",Blog,HDG,"---
title: ""Recuperação de créditos: por que uma achou R$ 10 milhões e nós, R$ 700 mil""
meta_description: ""Duas consultorias, o mesmo CNPJ, números que não batem. Entenda as três camadas de crédito tributário, quem responde pela compensação indevida e como avaliar uma proposta de recuperação antes da virada de 2027.""
keywords: recuperação de créditos tributários, crédito tributário seguro, consultoria tributária confiável, compensação indevida, multa de ofício, PER/DCOMP, EFD-Contribuições, créditos PIS COFINS CBS, LC 214/2025, auditoria fiscal retroativa
author: Igor Izoton — Hedge Tax
focus_keyword: recuperação de créditos tributários
---

# Uma consultoria achou R$ 10 milhões em créditos. A nossa achou R$ 700 mil. Quem está certo?

O dono de uma indústria de móveis do interior do Espírito Santo me disse isso numa call de quinze minutos, e resumiu melhor do que qualquer material de vendas:

> ""A gente tem que focar na nossa indústria. A gente não quer focar em risco jurídico. O Brasil já é um país que tem risco demais para a gente acrescentar mais um ao nosso negócio.""

Antes disso, ele tinha descrito a rotina do último ano:

> ""Toda semana é uma pessoa nova de uma outra consultoria tributária, um advogado entrando com uma ação ou com alguma coisa. Chega a ser insuportável. Só que, querendo ou não, quando você está nessa reta final, sempre fica com aquela pulga atrás da orelha: será que tem alguma coisa mesmo?""

As duas frases juntas descrevem o problema real de quem tem uma empresa de porte hoje. Existe dinheiro parado em imposto pago a maior — isso é verdade e é grande. E existe uma indústria inteira vendendo esse dinheiro com um nível de rigor que varia do conservador ao criminoso, sem que o empresário tenha como distinguir olhando de fora.

Este texto é sobre como distinguir.

## O caso concreto: R$ 10 milhões contra R$ 700 mil

Um cliente nosso, indicado por uma contabilidade, estava sendo cortejado por três consultorias ao mesmo tempo. Os números apresentados a ele iam de R$ 5 milhões a R$ 10 milhões em créditos recuperáveis.

Nosso levantamento, sobre a mesma base documental, apontou aproximadamente R$ 700 mil.

Não é que os outros estivessem inventando números do nada. Eles estavam somando, num único total, coisas com naturezas jurídicas completamente diferentes — e apresentando o resultado como se fosse tudo dinheiro no caixa. É a diferença entre ""quanto existe de discussão possível"" e ""quanto entra na sua conta sem você virar réu"".

## As três camadas de crédito (e por que ninguém separa isso na proposta)

Todo levantamento de recuperação encontra três tipos de crédito. Uma consultoria séria separa os três na apresentação. Uma consultoria agressiva soma tudo e mostra o total em negrito no slide de capa.

**Camada 1 — Crédito administrativo.** Erro material, sem controvérsia. Guia paga em duplicidade, base de cálculo escriturada errado, alíquota aplicada acima da devida, crédito de insumo que a legislação sempre autorizou e a empresa nunca tomou, retenção na fonte não aproveitada. Não depende de interpretação, não depende de juiz. Depende de prova documental. É o crédito que se compensa por PER/DCOMP e dorme tranquilo.

**Camada 2 — Crédito interpretativo.** A lei comporta a leitura, e existe respaldo: solução de consulta da Receita Federal, jurisprudência consolidada do STJ em repetitivo, precedente vinculante do STF. Exemplo clássico: a exclusão do ICMS da base do PIS/COFINS depois do Tema 69. Tem risco? Tem, mas é risco mensurável, e você sabe exatamente qual é o argumento do outro lado antes de tomar o crédito.

**Camada 3 — Tese.** Ainda não tem decisão vinculante. Ou tem decisão vinculante contra, e a aposta é na modulação, na distinção, ou numa mudança futura de entendimento. Pode ser um trabalho legítimo — desde que seja apresentado como o que é: uma ação judicial, com custo, prazo e chance de perda, não um crédito.

O problema não é a camada 3 existir. O problema é ela ser vendida com o nome da camada 1.

| Camada | Fundamento | Como se materializa | Risco real |
|---|---|---|---|
| 1. Administrativo | Erro de fato, prova documental | PER/DCOMP, retificação de obrigação acessória | Baixo — glosa pontual se a documentação falhar |
| 2. Interpretativo | Solução de consulta, repetitivo, tema vinculante | Compensação com respaldo formalizado em parecer | Médio — glosa com lançamento e multa se o entendimento virar |
| 3. Tese | Argumento sem decisão vinculante favorável | Ação judicial, depósito ou risco assumido | Alto — passivo, honorários, tempo, exposição |

Quando alguém te apresenta R$ 10 milhões, a primeira pergunta não é ""como você chegou nesse número"". É: **quanto disso é camada 1?**

## ""Fazer o levantamento chama fiscalização?""

Essa é a dúvida mais frequente, e a resposta honesta tem duas partes.

Não existe relação direta. A Receita não recebe aviso de que sua empresa contratou uma consultoria, e o simples levantamento — que é feito sobre documentos que já estão no SPED, na EFD-Contribuições e nas guias pagas — não gera nenhum evento no sistema dela.

O que gera evento é o passo seguinte: a retificação de obrigação acessória e a transmissão da compensação. Aí sim há um ato do contribuinte, com CNPJ, data e valor, que entra na malha. E é exatamente por isso que a qualidade do levantamento importa: o risco não está em olhar, está em declarar.

Vale registrar uma coisa que ouço com frequência: há empresas que fazem o projeto quase por curiosidade, descobrem que existe crédito, e decidem não seguir — porque, olhando por dentro, encontram problemas na própria documentação que tornam a exposição maior que o ganho. Isso é uma decisão empresarial legítima, e um bom levantamento tem que permitir que ela seja tomada com informação, não no escuro.

## ""Se a consultoria só ganha no êxito, qual é o meu risco?""

Essa é a pergunta que separa o empresário experiente do resto. Já ouvi de gente de fora do mundo empresarial que recuperação de crédito é ""a melhor coisa do mundo, não tem custo nenhum, a empresa só paga se der certo"". Quem é sócio de empresa sabe que não funciona assim.

O êxito elimina o custo financeiro do estudo. Ele não transfere a responsabilidade.

Quem assina a EFD-Contribuições retificada é a empresa. Quem transmite o PER/DCOMP é a empresa. Se a compensação não for homologada, o débito volta a ser exigido do CNPJ, corrigido pela Selic, com multa de ofício de 75% sobre o tributo (art. 44, I, da Lei nº 9.430/96). Se a fiscalização entender que houve sonegação, fraude ou conluio, a multa qualificada vai a 100% — e a 150% em caso de reincidência, na redação dada pela Lei nº 14.689/2023, com o limite confirmado pelo STF no Tema 863 (RE 736.090).

A consultoria que ganhou 20% do valor compensado três anos atrás não está no polo passivo do auto de infração. O contrato de êxito é um bom alinhamento de incentivos para o estudo, mas é um alinhamento assimétrico no risco: o upside é dividido, o downside é todo seu.

Isso não é argumento para não fazer. É argumento para fazer com quem entrega um número que sobrevive a uma auditoria.

## ""Estamos trocando de contabilidade e migrando o ERP. É hora?""

A objeção operacional é legítima e aparece sempre em empresa que está no meio de uma virada. Vale medir de onde vem o esforço.

Num projeto de recuperação bem estruturado, a carga de trabalho não cai sobre a diretoria nem sobre o time interno. O fluxo é:

1. Assinatura do termo de confidencialidade pelas duas partes.
2. Autorização para a consultoria solicitar documentos diretamente à contabilidade — parte deles obtida por procuração eletrônica, sem depender de ninguém.
3. Cerca de 60 dias de trabalho interno de análise. Às vezes 40, mas o prazo honesto de alinhamento de expectativa é 60.
4. Entrega do relatório com as oportunidades identificadas e os valores, oportunidade por oportunidade.

Somando a fase de coleta, a primeira entrega fica entre 70 e 80 dias. O envolvimento da empresa se concentra depois, na discussão de cada oportunidade — e essa conversa é majoritariamente técnica, entre consultoria e contabilidade.

Se a contabilidade é organizada, esse é o trecho mais leve do projeto. O momento ruim para começar é aquele em que se decide que nunca é o momento: sempre vai aparecer um sistema para migrar, um fechamento, uma auditoria. E o prazo de decadência corre sozinho — cada mês que passa apaga um mês da janela retroativa de cinco anos.

## Como avaliar uma proposta de recuperação antes de assinar

Oito perguntas. Nenhuma delas exige que você seja tributarista para entender a resposta:

1. **Quanto do total apresentado é camada 1, 2 e 3?** Se a proposta não separa, ela não foi feita para você decidir — foi feita para você assinar.
2. **Qual a base legal de cada oportunidade, item a item?** Número de lei, artigo, solução de consulta, número do tema repetitivo. Não ""jurisprudência consolidada"" no genérico.
3. **A compensação é administrativa ou depende de ação judicial?** Se depende de ação, isso é litígio, não recuperação.
4. **Qual o cenário de glosa?** Uma consultoria séria já mapeou o argumento do fisco contra cada tese que ela mesma indicou.
5. **Quem assina o parecer técnico?** Nome, OAB ou CRC, responsabilidade profissional identificada.
6. **O que acontece se a compensação não for homologada?** Existe acompanhamento da defesa? Está no contrato ou é serviço novo?
7. **O relatório vem com memória de cálculo auditável?** Você precisa conseguir refazer o número com a sua contabilidade.
8. **Existe obrigação de dar seguimento?** Um trabalho conservador não teme o ""não"". Se o resultado for pequeno demais ou a exposição alta demais, você tem que poder parar depois do relatório, sem multa e sem constrangimento.

Se as respostas vierem em forma de ""confia"", o número não é confiável.

## A camada da Reforma: 2026 é o ano em que a foto é tirada

Existe uma razão técnica — não comercial — para o assunto ter ficado urgente agora.

PIS e COFINS se extinguem em 31/12/2026. A CBS entra em 01/01/2027. Os saldos credores não se perdem: os arts. 378 a 383 da LC nº 214/2025 asseguram que os créditos de PIS/COFINS não apropriados ou não utilizados continuam válidos, podendo ser compensados com débitos de CBS, compensados com outros tributos federais ou ressarcidos em dinheiro. Em junho de 2026, a Receita Federal confirmou o procedimento: tudo pelo PER/DCOMP Web, com funcionalidade específica para essa finalidade.

O detalhe que muda o jogo está em como o sistema vai enxergar esse saldo: **ele será recuperado automaticamente a partir do que estiver informado na EFD-Contribuições de dezembro de 2026.**

Ou seja, a EFD-Contribuições de dezembro/2026 é a fotografia oficial do seu estoque de crédito. O que estiver escriturado ali entra no novo regime com trilha limpa. O que não estiver não desaparece juridicamente — o prazo de cinco anos para repetição de indébito continua correndo — mas passa a exigir retificação de obrigação acessória de um tributo extinto, sobre um período fechado, com um ônus de prova bem menos confortável.

Dois números dimensionam a coisa. A Receita estima cerca de R$ 140 bilhões em créditos de PIS/COFINS no sistema. E já identificou divergências em aproximadamente 12 mil empresas, envolvendo algo perto de R$ 44 bilhões, que serão orientadas a regularizar via EFD-Contribuições. Traduzindo: o fisco está cruzando esses saldos agora, antes da virada.

Há ainda uma oportunidade específica que quase ninguém está calculando. O art. 381 da LC nº 214/2025 concede crédito presumido de CBS sobre o estoque de bens materiais existente em 01/01/2027, para quem estava no regime cumulativo do PIS/COFINS em 31/12/2026 — caso típico do Lucro Presumido — e também para bens adquiridos sob substituição tributária ou incidência monofásica. Para bens nacionais, o crédito corresponde a 9,25% do valor do estoque, apurado conforme as regras do IRPJ. A apropriação deve ocorrer até 30 de junho de 2027 e o uso se dá em doze parcelas mensais, exclusivamente contra débitos de CBS.

Quem chega em dezembro de 2026 com inventário desorganizado perde esse crédito por incapacidade de comprovar o estoque — não por falta de direito.

| Marco | O que acontece | O que precisa estar pronto antes |
|---|---|---|
| Ao longo de 2026 | Cruzamento de saldos credores pela Receita | Revisão de EFD-Contribuições dos últimos 5 anos |
| 31/12/2026 | Extinção de PIS e COFINS | Saldo credor corretamente escriturado |
| Dez/2026 (EFD) | Fotografia do saldo que migra ao PER/DCOMP Web | Escrituração e inventário auditados |
| 01/01/2027 | CBS em vigor; estoque gera crédito presumido (art. 381) | Inventário valorado conforme regras do IRPJ |
| Até 30/06/2027 | Prazo de apropriação do crédito de estoque | Levantamento concluído |

## O ponto

A pergunta do título não tem resposta única, e é isso que a torna útil: o número certo depende de qual pergunta a consultoria estava respondendo.

Se a pergunta é ""quanto de discussão tributária cabe nesta empresa"", R$ 10 milhões pode ser um número honesto. Se a pergunta é ""quanto entra no caixa sem abrir passivo"", o número é outro, sempre menor, e é o único que serve para tomar decisão.

Recuperação de crédito não é uma competição de quem acha mais. É uma competição de quem acha o que sobrevive à fiscalização.

**Sobre a Hedge Tax.** Somos uma consultoria tributária boutique com sede em Vila Velha (ES), reconhecida como uma das principais referências em recuperação de créditos tributários e auditoria fiscal retroativa no Espírito Santo, com atuação em todo o país. Nosso time tem passagem por Deloitte, ArcelorMittal e Vale S.A. Trabalhamos com levantamento segregado por camada de risco, memória de cálculo auditável e parecer técnico assinado — e apresentamos o número conservador, mesmo quando ele é menor do que o que você ouviu de outro lugar. Se a sua empresa está avaliando propostas de recuperação e quer uma leitura técnica antes de decidir, fale com a gente: **hedgeconsultoria.com**.

Fale comigo diretamente pelo WhatsApp nesse link:
https://api.whatsapp.com/send/?phone=5527999614664

Igor Izoton
CEO, Hedge Tax
+55 27 99961-4664
igor@hedgeconsultoria.com

*Este conteúdo tem caráter informativo e não constitui consultoria tributária individualizada. A viabilidade, o valor e o nível de risco de cada crédito dependem da análise documental específica de cada empresa, do seu regime de apuração e do seu histórico fiscal. As regras, prazos e percentuais citados baseiam-se na legislação vigente (EC nº 132/2023, LC nº 214/2025 — arts. 378 a 383, Lei nº 9.430/96 — arts. 44 e 74, Lei nº 14.689/2023, CTN — art. 168, e orientações da Receita Federal sobre PER/DCOMP Web publicadas em junho de 2026) e estão sujeitos a alteração e a regulamentação complementar.*
",,06/08/2026,quinta-feira,,Baixa,Junior,A fazer,,
Pose anos 90 e a tatuagem pronta - 1007,Video,Mineiro,"Os tatuadores finalizam a tatuagem. Mineiro fala: ""Agora sim, acabou! Bora tirar as fotos."" Em seguida, começam as fotos: uma foto atrás da outra, em sequência rápida, com poses engraçadas (um sentado em cima do outro, pose dos anos 90, etc.). O restante do vídeo é apenas as fotos sendo mostradas em sequência, sem falas.",,07/08/2026,sexta-feira,17:00:00,Baixa,Junior,A fazer,https://www.instagram.com/p/DWjUAcJgBBa/,
Carrossel 2: A Ciência da Textura (Liga vs. Emulsificante),carrossel,icecream,"Slide 1 (Capa): O pesadelo dos cristais de gelo: Como resolver na sua produção?

Slide 2: O erro mais comum na fabricação é errar o equilíbrio entre estabilização e aeração da calda.

Slide 3: A Liga Neutra entra para não deixar a água se separar da gordura. É ela que segura a estrutura térmica e evita a formação de gelo.

Slide 4: Já os Emulsificantes (como nossa linha Ice Gel e Ice Mix) incorporam ar (overrun). Eles são os responsáveis pela maciez e alto rendimento.

Slide 5 (CTA): Não tente adivinhar a proporção. Converse com a equipe técnica da Ice Cream e garanta o mix ideal para a sua receita.",,07/08/2026,sexta-feira,,Baixa,Viviane,A fazer,,
Carrossel 7: A Armadilha da Internet,carrossel,HDG,"Slide 1: Dica de imposto no TikTok é o jeito mais rápido de tomar uma multa da Receita.
Slide 2: Todo dia surge um ""guru"" da internet vendendo uma tese milagrosa para você zerar os impostos do seu CNPJ da noite para o dia.
Slide 3: A armadilha mortal: a estratégia genérica que salva uma grande indústria pode destruir completamente o caixa do seu pequeno comércio.
Slide 4: Quando a notificação da malha fina bater na sua porta, o influenciador do vídeo não vai dividir a conta e os juros com você.
Slide 5: Planejamento tributário seguro se faz analisando o SEU balanço, não a trend da semana. Vem jogar o jogo de adultos com a Hedge Consultoria.
",,07/08/2026,sexta-feira,,Baixa,Viviane,A fazer,,
Video Teaser,Video,Mineiro,,,10/08/2026,segunda-feira,18:00:00,Baixa,Junior,A fazer,,
Cade meu anão,Orçamento,Venturini,,,,sábado,,Baixa,Junior,Finalizado,,
6 - linha de produtos 3,Video,icecream,,,10/08/2026,segunda-feira,,Baixa,Junior,A fazer,,
Video Teaser,Video,Mineiro,,,11/08/2026,terça-feira,18:00:00,Baixa,Junior,A fazer,,
Autoridade em Foco (O Peso da Liderança):,Estático,icecream,"Arte: Um retrato forte e bem iluminado do Vladimir, preferencialmente no laboratório, avaliando uma amostra de corante ou emulsificante. Design estilo ""capa de revista de negócios"".

Texto na imagem (Quote em destaque): ""Não vendemos apenas insumos. Formulamos o diferencial competitivo da sua indústria."" - Vladimir",,11/08/2026,terça-feira,,Baixa,Viviane,A fazer,,
Video Teaser,Video,Mineiro,,,12/08/2026,quarta-feira,18:00:00,Baixa,Junior,A fazer,,
7 - corantes,Video,icecream,,,12/08/2026,quarta-feira,,Baixa,Junior,A fazer,,
O Checklist da Indústria (Foco Comercial):,Estático,icecream,"Arte: Um layout limpo e corporativo, trazendo um checklist contrastante com o fundo institucional da fábrica desfocado.

Texto na imagem: Por que grandes indústrias escolhem a Ice Cream?
[✔] Fabricação Própria e Alta Escala
[✔] Customização de Sabores
[✔] 40 Anos de Tecnologia",,13/08/2026,quinta-feira,,Baixa,Viviane,A fazer,,
Carrossel 3: Laboratório e Customização,carrossel,icecream,"Slide 1 (Capa): Seu concorrente está copiando o seu sabor? Nós resolvemos isso.

Slide 2: Usar produtos de prateleira é prático, mas ter uma assinatura única no paladar é o que fideliza clientes e blinda sua marca.

Slide 3: Aqui na planta da Ice Cream, temos laboratório próprio focado em desenvolver aromas, cores e sabores 100% sob demanda.

Slide 4: Você traz a demanda do seu público, e nossa equipe formula a matéria-prima industrial exclusiva para o seu CNPJ.

Slide 5 (CTA): Saia do óbvio no mercado. Agende uma consultoria técnica e crie sua linha de sabores exclusivos.",,17/08/2026,segunda-feira,,Baixa,Viviane,A fazer,,
8 - linha de chocolate,Video,icecream,,,17/08/2026,segunda-feira,,Baixa,Junior,A fazer,,
9 - linha pasta para sorvetes,Video,icecream,,,19/08/2026,quarta-feira,,Baixa,Junior,A fazer,,
10 - produtos específicos,Video,icecream,,,24/08/2026,segunda-feira,,Baixa,Junior,A fazer,,
16 - Entrevista Suricato 3,Video,Suricato,,,,sábado,14:00:00,Baixa,Junior,A fazer,,
17 - Entrevista Suricato 4,Video,Suricato,,,,sábado,,Baixa,Junior,A fazer,,
"02 - Atendimento Rápido  
",Captação,Suricato,"CENÁRIO: O cliente está sentado aguardando atendimento.
AÇÃO: O Barbeiro entra na cena em passos rápidos, vai direto até a  cadeira do cliente e começa a disparar as perguntas sem pausa. O cliente responde na mesma velocidade, como um bate-volta.
DIÁLOGO:
Barbeiro:  E aí meu patrão, vai ser cabelo ou barba? Cliente: Cabelo.
Barbeiro: Degradê ou social? Cliente: Degradê.
Barbeiro: Na zero ou na um? Cliente: Na zero.
Barbeiro: Neymar ou Endrick? Cliente: Neymar.
Barbeiro: Um sonho? Cliente: Uma casa grande.
Barbeiro: Água mole em pedra dura... Cliente: ...tanto bate até que fura.
Barbeiro: Um dia? Cliente: O Dia do Barbeiro.
Barbeiro: Um medo. Cliente: De não conseguir agendar meu horário aqui no Suricato pro final de semana.
",,,sábado,14:00:00,Baixa,Junior,A fazer,,
03 - O Tom Que Falou Comigo,Captação,Suricato,"CENÁRIO: Interior da barbearia. O Barbeiro 2 está de costas, talvez arrumando os produtos na prateleira ou limpando o espelho. O Barbeiro 1 entra em cena apressado e irritado.
PERSONAGENS:
Barbeiro 1: O que dá a bronca (e depois canta).
Barbeiro 2: O que não gosta do tom.
CENA 1:  
Ação: O Barbeiro 1 chega gesticulando de forma agressiva, apontando para o chão cheio de cabelo ao redor da cadeira.
Barbeiro 1: (Gritando, bem estressado) ""Eu não falei pra você varrer o chão?!""
Ação: O Barbeiro 2 para o que está fazendo, vira para trás com cara de deboche e cruza os braços.
Barbeiro 2: ""Tá achando que é meu pai pra ficar mandando em mim, é? Não gostei desse tom que tu falou comigo não.""
CENA 2: 
Ação: O Barbeiro 1 muda completamente a postura. Ele começa a estalar os dedos no ritmo de uma música lenta, mexendo a cabeça suavemente.
Barbeiro 1: (Cantando em um tom suave e sedutor) ""Eu não falei... pra você varrer... o chããão...""
Barbeiro 2: (Começa a balançar os ombros no ritmo, sorrindo de canto) ""Ó, tá melhorando... mas ainda não gostei não.""
CENA 3:  
Ação: O Barbeiro 1 muda o ritmo. Ele começa a fazer um passinho de pagode, balançando os braços como se estivesse tocando um pandeiro imaginário e sorrindo.
Barbeiro 1: (Cantando no ritmo de pagode) ""Eu não faleeei... pra você varrê o chããão...""
Barbeiro 2: (Dançando junto, concordando com a cabeça) ""Ó, dá pra melhorar... Mas ainda não gostei não.""
CENA 4:  
Ação: O Barbeiro 1 fecha a cara de repente. Ele se agacha um pouco, faz a clássica pose de vocalista de banda de metal segurando um microfone invisível com as duas mãos.
Efeito de Vídeo: A tela fica em preto e branco e a câmera treme um pouco.
Barbeiro 1: (Dando um grito gutural, rasgado e agressivo) ""EU NÃO FALEEEI... PRA VOCÊ VARRER O CHÃAAO!!!""
Ação: O vídeo corta abruptamente no meio do grito. Fim.
",,,sábado,14:00:00,Baixa,Junior,A fazer,,
"04 - O Encaro Constrangedor
",Captação,Suricato,"CENÁRIO: Interior da barbearia. O ambiente está normal, com aquele som constante de maquininhas de cortar cabelo zumbindo no fundo.
TEXTO NA TELA (Início ao fim): ""QUANDO O BARBEIRO GIRA A CADEIRA E VOCÊ FICA ENCARANDO O CARA DO LADO:""
PERSONAGENS:
Cliente 1: Sério, rosto fechado.
Cliente 2): Desconfortável, tentando ser educado.
Barbeiros 1 e 2: Trabalhando normalmente, alheios ao clima pesado.
CENA 1: A Virada
Ação: O Cliente 1 e o Cliente 2 estão sentados em cadeiras vizinhas, cobertos com as capas de corte. O barbeiro do Cliente 2 precisa acertar a lateral do cabelo e, casualmente, gira a cadeira dele em 90 graus.
O Problema: Agora, o Cliente 2 está posicionado exatamente de frente para o Cliente 1.
CENA 2: O Contato Visual (Cortes Rápidos)
Ação: A câmera corta freneticamente entre os rostos dos dois clientes.
Foco Cliente 1: Ele tenta manter o olhar fixo no espelho (ou no vazio), mas acaba cruzando o olhar com o cara da frente.
Foco Cliente 2: Ele olha para a frente, pisca várias vezes, totalmente sem saber para onde direcionar os olhos.
CENA 3: O Sorriso Amarelo
Ação: A câmera mostra uma visão mais aberta dos dois, frente a frente, a menos de um metro de distância. Os barbeiros continuam passando a máquina como se nada estivesse acontecendo.
Ação: Os dois clientes se encaram novamente. Sem saída, ambos dão aquele sorriso forçado, rápido e sincronizado, típico de quem não sabe o que fazer.
CENA 4: O Colapso Interno
Ação: A câmera foca no Cliente 2 de perfil. O nível de constrangimento chega ao limite. Ele fecha os olhos por um segundo, coloca a mão no peito e solta um suspiro profundo e audível, quase como se estivesse tendo uma crise de ansiedade por causa da situação.
Desfecho: O vídeo encerra com ele suspirando e o som da maquininha ao fundo.
",,,sábado,14:00:00,Baixa,Junior,A fazer,,
"05 - A Mágica da Toalha (A Verdade Revelada)
",Captação,Suricato,"CENÁRIO: Interior da barbearia. O Barbeiro 2 está no fundo, aparentemente cortando o cabelo de um cliente. O Barbeiro 1 está em primeiro plano, mais perto da câmera. PERSONAGENS:
Barbeiro 1: O ""Mágico"", muito concentrado.
Barbeiro 2: O ""Cúmplice"" no fundo.
CENA 1: A Ilusão Ação: O Barbeiro 1 está segurando uma toalha de barbearia pelos cantos. Ele faz uma cara de misterioso, solta as mãos lentamente e a toalha fica flutuando no ar. Ele passa as mãos em volta para mostrar que ""não tem fios"". Áudio: Uma música clássica de mágica ou som de mistério
CENA 2: A Quebra do Truque Ação: A câmera começa a se mover lentamente para o lado (em movimento de panning), revelando o ângulo lateral da cena. O mistério acaba. Revelação: O Barbeiro 2, lá no fundo, está com o braço segurando uma vassoura. É o cabo da vassoura que está espetado por trás da toalha, mantendo ela no ar.
CENA 3: A Mensagem Ação: A câmera dá um zoom rápido no cabo da vassoura. Nele, há um papel colado (ou escrito com canetão grosso) com a frase em destaque: ""VOCÊ É FEIO, CORTE O CABELO AGORA!"" 
",,,sábado,14:00:00,Baixa,Junior,A fazer,,
17 - Entrevista Suricato 5,Video,Suricato,Falta Editar,,,sábado,,Baixa,Junior,A fazer,,
18 - Entrevista Suricato 6,Video,Suricato,Falta Editar,,,sábado,,Baixa,Junior,A fazer,,
18 - Entrevista Suricato 7,Video,Suricato,Falta Editar,,,sábado,,Baixa,Junior,A fazer,,
19 - Entrevista Suricato 8,Video,Suricato,Falta Editar,,,sábado,,Baixa,Junior,A fazer,,
20 - Entrevista Suricato 9,Video,Suricato,Falta Editar,,,sábado,,Baixa,Junior,A fazer,,
21 - Entrevista Suricato 10,Video,Suricato,Falta Editar,,,sábado,,Baixa,Junior,A fazer,,
Colando cartaz ,Captação,Venturini,Filmar o Gustavo colando em alguma parede escrito save the date - 10/07 - lançamento do album,,,sábado,,Baixa,Junior,Arquivado,https://www.instagram.com/p/DWmOkXhjrey/,
4- A Trágica Realidade do Sorvete,Captação,Venturini,"Personagem: Gustavinn 
Cenário: Uma cozinha, de frente para a geladeira. 

Texto na Tela (Fixo): ""Quando você é adulto, abre o pote de sorvete e realmente é sorvete, e agora você tem que cozinhar o feijão.""
Cena 1:  
Ação: Gustavinn abre a porta do congelador da geladeira com tranquilidade.
Ação Contínua: Ele puxa lá de dentro um clássico pote de sorvete (de preferência de plástico ).
Cena 2:  
Ação: Gustavinn segura o pote com uma mão e abre a tampa com a outra, esperando encontrar aquele bloco de feijão congelado salvador.
Expressão: Ele olha para o fundo do pote e seu rosto muda instantaneamente. A expectativa de um almoço fácil se transforma em choque puro ao ver que o pote tem sorvete de verdade.
Dica de gravação para o Gustavinn: O segredo dessa trend é a dramatização exagerada no final. A dor de não ter feijão pronto precisa parecer a pior coisa que já aconteceu na sua vida naquele dia.",,,sábado,18:00:00,Baixa,Viviane,Arquivado,,
"Roteiro 6: Lágrimas no Maní (A Emoção da Experiência)",Video,Full Gaz,,,,sábado,18:00:00,Baixa,Junior,Finalizado,,
"8 - ""Liga pra mim""",Captação,Venturini,"Personagens: Gustavinn e Julia. 
Cenário:   Um carro estacionado com o capô aberto. 

Texto na Tela (Fixo): ""FOI O QUE EU ENTENDI 🤡""
Cena 1:  
Ação: Gustavinn está de pé em frente ao capô aberto do carro, segurando alguma ferramenta e olhando para o motor com cara de quem está tentando consertar algo. Julia está em pé ao lado dele, apenas observando a situação.
Fala (Gustavinn): Apontando com a cabeça para a porta do motorista, ele pede com naturalidade: ""Entra no carro lá, amor, e liga pra mim.""
Fala (Julia): ""Tá bom.""
Ação Contínua: Julia dá a volta no carro e entra no banco do motorista.
Cena 2:  
Ação: Gustavinn volta a olhar para o motor, prestando atenção e esperando ouvir o barulho do motor do carro ligando.
Áudio: De repente, o toque do celular do Gustavinn começa a tocar alto.
Ação Contínua: Ele tira a atenção do motor, coloca a mão no bolso e pega o celular. Ele olha para a tela com uma expressão de total confusão. 
Cena 3:  
Ação: A câmera corta  revelando a Julia dentro do carro.
Detalhe: Em vez de estar com as mãos no volante ou na chave de ignição, ela está com o celular na orelha, ligando para o Gustavinn.
Expressão (Julia): Ela tem uma expressão de total inocência e tranquilidade, afinal, ela fez exatamente o que ele pediu (""liga pra mim"").
Cena 4: O Fim (Edição)
Efeito de Edição: O vídeo corta abruptamente ou congela a imagem na Julia com o celular na orelha, entrando a clássica música do meme e a tela preta com os créditos: ""Directed by Robert B. Weide"".
Dica de gravação para o casal: O grande lance desse vídeo é a ambiguidade da palavra ""liga"". O Gustavinn precisa falar a frase de forma bem natural, como se fosse óbvio que ele está falando do carro. Já a Julia precisa fazer a cena do telefone com a maior seriedade e inocência do mundo, sem rir, para a piada funcionar perfeitamente!",,,sábado,18:00:00,Baixa,Viviane,Arquivado,,
"1-  Roteiro: A Arte de Dizer ""Não""",Captação,Venturini,"Personagens: Gustavinn e um amigo. 
Cenário: O vídeo é dividido em dois ambientes: primeiro um banheiro com espelho, depois uma área externa. 

Texto na Tela (Fixo): ""aprendendo a dizer “não” quando me chamam pra sair:""
Cena 1:  
Cenário: No banheiro, de frente para o espelho.
Ação: Gustavinn está se olhando no espelho com uma postura muito firme e determinada. Ele aponta o dedo indicador para o próprio reflexo, como se estivesse dando uma bronca em si mesmo.
Fala (Gustavinn): ""Não. Não. Não. Não. Não.""
Expressão: Ele está muito sério e focado, ensaiando exaustivamente para não ceder à pressão dos amigos.
Cena 2: 
Cenário: Em uma área externa.
Ação: Gustavinn está parado, olhando para o nada. O amigo dele se aproxima por trás/pelo lado, coloca a mão no ombro dele de forma amigável e joga a isca.
Fala (Amigo): ""Mano, é sexta-feira. Cê não vai ficar em casa hoje, né?""
Fala (Gustavinn): Com a resposta na ponta da língua devido ao treinamento, ele responde de imediato, balançando a cabeça de forma afirmativa (concordando com a pergunta): ""Não.""
Ação Final: Imediatamente após dizer o ""Não"", o cérebro dele processa a lógica da frase  Ele muda a expressão de confiante para derrotado, abaixa a cabeça e murmura um ""Merda"" baixinho, percebendo que caiu na própria armadilha.
Dica de gravação para o Gustavinn: O humor desse vídeo está na quebra de expectativa no final. Durante o ensaio no espelho (Cena 1), seja o mais dramático e firme possível. Na Cena 2, a transição da cara de ""consegui dizer não"" para a cara de ""falei besteira e agora vou ter que sair"" tem que ser bem rápida e sutil! 
",,,sábado,18:00:00,Baixa,Viviane,Arquivado,,
9-  A Gambiarra Perfeita,Captação,Venturini,"Personagens: Gustavinn e uma segunda pessoa (amigo ou namorada). 
Cenário: Um ambiente com um Ring Light montado em um tripé (pode ser um quarto, sala ou escritório). 

 Texto na Tela (Fixo): ""Quando você quebra algo mas arruma o suficiente pra ele quebrar na mão de outra pessoa""
Cena 1: 
Ação: Gustavinn está segurando a parte de cima do Ring Light (o aro) que acabou de se soltar/quebrar do tripé.
Expressão: Ele olha para a peça quebrada na mão com os olhos arregalados, demonstrando desespero e choque.
Cena 2: 
Ação: Em um momento de genialidade, Gustavinn encaixa o aro do Ring Light de volta no tripé de forma extremamente cuidadosa, apenas equilibrando a peça para que pareça intacta.
Expressão: Ele levanta as mãos devagar, recuando lentamente como se estivesse desarmando uma bomba. Faz uma cara de alívio tenso e sai de fininho da cena.
Cena 3: 
Ação: A Julia pessoa entra em cena e se aproxima do Ring Light. Assim que ela encosta no equipamento (ou apenas se movimenta muito perto dele), a parte de cima cai no chão.
Expressão (Julia): A Julia leva as mãos à cabeça, achando que acabou de quebrar o equipamento. Ela fica horrorizada com o que ""fez"".
Cena 4: 
Ação: A câmera corta para uma porta ou quina de parede. Gustavinn aparece espiando a cena de longe.
Expressão: Ele abre um sorriso largo e malicioso. Faz um gesto de ""Yes!"" com o punho e bate palminhas silenciosas, comemorando que seu plano deu certo e a culpa caiu sobre a outra pessoa. Ele volta a se esconder rapidamente.
Dicas de gravação para o Gustavinn: * O segredo dessa trend é a expressão corporal. Na Cena 2, faça movimentos bem lentos e calculados ao soltar o Ring Light.
O contraste entre o desespero genuíno da ""vítima"" e a sua comemoração silenciosa no final é o que garante o humor do vídeo.

",,,sábado,18:00:00,Baixa,Viviane,Arquivado,,
2- O Sorriso de Cima,Captação,Venturini,"Cenário: Um ambiente interno confortável e bem iluminado (como uma sala ou quarto).  
Cena 1:  
Texto na Tela (Fixo): ""Ele sorriu apenas com os dentes de cima""
Ação: Gustavinn está lendo um livro. Ele lê concentrado, mas de repente para.
Expressão: Ele levanta os olhos do livro e olha para o vazio, demonstrando muita confusão. Ele está tentando imaginar como alguém faz isso fisicamente.
Cena 2: 
Ação: Ainda segurando o livro com uma mão, Gustavinn tenta reproduzir a expressão facial que acabou de ler.
Expressão: Ele força um sorriso bastante esquisito e desajeitado, puxando o lábio superior para mostrar apenas os dentes de cima, enquanto tenta manter o rosto sério.
Cena 3:  
Ação:  ele pega o celular, com o flash da câmera de trás ligado e “tira uma foto do telespectador”.
Efeitos (Edição): Som clássico de ""clique"" de foto e um clarão branco na tela simulando o flash.
Cena 4:  
Ação: Gustavinn olha para a tela do celular depois olha para frente como se olhasse para quem está assistindo e ri (simulando que tirou foto da pessoa supondo que ela estava também tentando fazer o sorriso apenas com os dentes de cima).
Dica de gravação para o Gustavinn: O humor desse formato mora na seriedade da atuação inicial. Quanto mais genuína for a cara de confusão lendo o livro, mais engraçado será o contraste com a foto que você “tira do público” no final! ",,,sábado,18:00:00,Baixa,Viviane,Arquivado,,
"3-  O Rei do ""Bug"" Automático",Captação,Venturini,"Personagens: Gustavinn e a ""Voz"" (uma pessoa atrás da câmera interagindo com ele). 

Cenário: Ambiente externo (mudar o ângulo da gravação a cada cena)

Texto na Tela (Fixo): ""Quando você buga e Responde as coisas Nada vê""
Cena 1: 
Ação: Gustavinn está andando na calçada, de costas para a câmera, indo embora.
Voz (atrás da câmera): ""Tchau!""
Gustavinn: Vira para trás sorrindo, dá um joinha e solta um combo de respostas automáticas que não combinam: ""Ah que isso, imagina! Tchau, vai com Deus, viu!""
Ação: Ele vira de costas e continua andando naturalmente desconcertado depois que viu que respondeu errado.
Cena 2: 
Ação: Gustavinn está andando pela rua.
Voz (atrás da câmera): ""Ô, cê tem um real pra me ajudar?""
Gustavinn: Sem perder o ritmo da caminhada, ele levanta o braço como quem se despede do trabalho: ""Vix, não tem, obrigado viu, até amanhã!"" 
Cena 3: 
Ação: Gustavinn está parado vendo o celular, quando alguém pergunta
Voz (atrás da câmera): ""moço, você sabe onde tem uma farmácia por aqui?""
Gustavinn: Levanta a cabeça e aponta a direção prestativo: ""Ah, sei sim, cê vira à esquerda aqui, e segue reto.""
Voz: ""Ah, tá, obrigado viu.""
Gustavinn: Dá um tchauzinho simpático: ""Que isso, volte sempre, beijo.""
Ação: Assim que percebe que se despediu errado e que mandou um ""beijo"" para um desconhecido, ele coloca a mão no rosto, rindo de vergonha.
Cena 4: 
Ação: Gustavinn está encostado no porta-malas do carro estacionado na rua.
Voz (atrás da câmera): ""Ô, fiquei sabendo que é teu aniversário hoje!""
Gustavinn: Abre um sorrisão e dá um joinha: ""Sim, é hoje sim!""
Voz: ""Ah, feliz aniversário viu!""
Gustavinn: Aponta para a câmera retribuindo: ""Obrigado, parabéns pra você também, obrigado viu, muitos anos de vida.""
Ação: Ele percebe o ""tilt"" mental e fica com cara de paisagem no final, processando a bobagem que acabou de falar.
Dica de gravação para o Gustavinn: O tom principal aqui é a naturalidade. O humor funciona melhor se você falar as respostas absurdas com a maior convicção e simpatia do mundo, como se fosse a coisa mais normal a se dizer, demorando para perceber o erro!",,,sábado,18:00:00,Baixa,Viviane,Arquivado,,
10- A Guerra do Brilho da Tela,Captação,Venturini,"Personagens: Gustavinn e Julia. 
Cenário: O quarto do casal, à noite, com as luzes baixas. 


 Texto na Tela (Fixo no topo): ""Todo casal tem um que usa o celular assim:""
Cena 1:  
Ação: Julia está deitada na cama, bem relaxada, rolando o feed do celular e sorrindo. O detalhe importante: a tela do celular dela está com o brilho no mínimo possível, praticamente toda preta.
Ação Contínua: Achando graça de alguma coisa, ela vira a tela do celular na direção do rosto do Gustavinn para mostrar a ele.
Cena 2:  
Ação: A câmera foca no rosto do Gustavinn. Ele se aproxima do celular da Julia e aperta muito os olhos, franzindo a testa ao máximo.
Expressão: Ele faz uma cara de confusão extrema e esforço, parecendo que está tentando ler um código morse no escuro, já que é impossível enxergar qualquer coisa na tela dela.
Cena 3:  
Ação: Corta para o Gustavinn agora mexendo no próprio celular. A diferença é gritante: o brilho da tela dele está no nível máximo absoluto.
Detalhe Visual: A luz do celular ilumina o rosto dele inteiro no quarto escuro, quase como se ele estivesse segurando um holofote ou uma lanterna no próprio rosto. Ele sorri, achando algo legal, e vira o celular rapidamente para mostrar para a Julia.
Cena 4:  
Ação: Assim que Gustavinn vira a tela brilhante na direção dela, a música suave corta abruptamente (entram os graves/som distorcido).
Expressão (Julia): Ela é pega totalmente de surpresa pela luz ""cegante"". Imediatamente ela aperta os olhos com força, vira o rosto de lado e coloca a mão (ou o braço) sobre o rosto para se proteger do clarão, com uma expressão de desespero com a claridade.
Dica de gravação para vocês: O segredo para esse vídeo viralizar é o exagero nas reações e o contraste de luz. 
",,,sábado,18:00:00,Baixa,Viviane,Arquivado,,
"5- A Famosa ""Indireta""",Captação,Venturini,"Personagens: Gustavinn. 
Cenário: Um ambiente de home office, com Gustavinn sentado à mesa, de frente para um notebook. O celular está repousado ao lado na mesa. 


Texto na Tela (Fixo no topo): ""Eu no trabalho recebendo uma mensagem da minha esposa no meio da tarde"" 


Cena 1:  
Ação: Gustavinn está extremamente concentrado,  olhando fixamente para a tela do notebook e digitando de forma ágil.
Expressão: Rosto sério, compenetrado nas tarefas, totalmente alheio ao que acontece fora do computador.
Cena 2:  
Áudio: Ouve-se o som clássico de notificação de mensagem do celular.
Ação: Sem quebrar muito o ritmo no início, Gustavinn para de digitar, tira uma das mãos do teclado e pega o celular casualmente para checar o que é.
Cena 3:  
Ação: Ele desbloqueia a tela e lê a mensagem enviada pela Julia.
Texto na Tela (Aparece no centro/embaixo, revelando o conteúdo da mensagem): ""Meu dia está ótimo... obrigado por perguntar""
Expressão: A expressão de Gustavinn muda em uma fração de segundos. A ficha finalmente cai: ele passou o dia inteiro sem mandar um ""bom dia"" ou perguntar como ela estava.
Cena 4:  
Ação: Ele afasta o celular do rosto em silêncio. Lentamente, ele leva a mão ao rosto, cobrindo a testa e os olhos, e solta aquele suspiro pesado de derrota.
Expressão: Cara de pura culpa, arrependimento e de quem sabe que acaba de entrar em uma enrascada gigantesca. Ele olha para o teto, repassando mentalmente como foi esquecer de mandar mensagem o dia todo.
Dica de gravação para o Gustavinn: O humor desse vídeo mora inteiramente na sua expressão facial! A transição do olhar ""focado e produtivo"" para o olhar de ""ferrou, como eu vou consertar isso?"" precisa ser nítida. Na hora de colocar a mão no rosto no final, faça com bastante peso e lentidão, demonstrando que o dia no trabalho acabou de ficar muito mais estressante.
",,,sábado,18:00:00,Baixa,Viviane,Arquivado,,
6- Sinuca Caseira,Captação,Venturini,"Personagem: Gustavinn 
Cenário: Uma mesa de jantar. 
Acessórios (Props):
1 cabo de vassoura ou rodo (para ser o ""taco"").
1 cebola ou cabeça de alho  (para ser o ""giz"" branco).
3 ou 4 laranjas ou tangerinas ou tomates  (para serem as ""bolas"" da sinuca).
1 copo junto com a garrafa  (iogurte de morango, suco,  Refri etc.). 
Texto na Tela (Fixo no topo): ""Quando minha mulher não deixa eu sair de casa e tenho que improvisar!""
Cena 1:  
Ação: Gustavinn está em uma ponta da mesa segurando o cabo de vassoura. Ele segura o cabo com firmeza e olha para a mesa com a mesma seriedade de um jogador profissional em um campeonato mundial.
Expressão: Focado, semicerrando os olhos e medindo a distância exata entre a cebola (que está mais perto dele), as laranjas (no meio) e o copo (na outra ponta).
Cena 2:  
Ação: Ele se inclina sobre a mesa, apoia a ponta do taco na mão esquerda, ajusta a mira nas laranjas e dá a tacada com um movimento rápido e seco.
Cena 3:  
Ação: Assim que acerta a laranja, Gustavinn levanta rapidamente, com uma postura de pura marra. Ele pega o copo  e dá um belo gole no líquido.
Expressão: Ele olha diretamente para  para o horizonte com uma expressão de superioridade, muito sério e orgulhoso da própria jogada.
",,,sábado,18:00:00,Baixa,Viviane,Arquivado,,
7- O Disfarce Perfeito,Captação,Venturini,"Personagem: Gustavinn 
Cenário: Uma calçada ou espaço público ao ar livre. 
Figurino: Roupas de esporte (bermuda, camiseta e tênis de corrida). 
Acessórios : Um pacote de biscoito ou alguma embalagem de doce jogado no chão. 

 Texto na Tela (Fixo no topo): ""o que minha situação financeira me faz passar ""
Cena 1:  
Ação: O pacote de biscoito está no chão, em primeiro plano. Gustavinn vem correndo de longe, em direção à câmera, fingindo estar no meio de um treino intenso de corrida.
Expressão: Cara de cansaço, focado no exercício. De repente, o olhar dele cruza com o pacote no chão. Ele reduz a velocidade sutilmente.
Cena 2:  
Ação: Ele para exatamente ao lado da embalagem. Para não passar vergonha, ele se abaixa e coloca uma das mãos no cadarço do tênis, fingindo que está amarrando.
Ação Principal (O Truque): Enquanto uma mão está no tênis, a outra mão vai de fininho até a embalagem no chão. Ele umas  apertadinhas disfarçadas no pacote para sentir se o biscoito está inteiro ou se ainda tem alguma coisa lá dentro.
Cena 3:  
Ação: Ao apertar na terceira vez, ele percebe que o pacote está completamente vazio (só tem vento).
Expressão: O rosto dele cai. A esperança vira uma cara de decepção misturada com vergonha alheia de si mesmo. Ele dá aquela olhada rápida pros lados para ver se alguém flagrou o papelão que ele acabou de fazer.
Ação Final: Totalmente sem graça, ele solta o pacote, levanta rapidamente, arruma a postura e volta a correr, saindo de cena fingindo que absolutamente nada aconteceu.
Dica de gravação para o Gustavinn: O ponto alto da sua atuação tem que ser no momento da ""apertadinha"" no pacote! A transição da sua cara de ""opa, me dei bem"" para ""que humilhação, tá vazio"" é o que vai garantir que o público entenda perfeitamente a piada. Manda ver na gravação! e o pacote precisa parecer que tem produto dentro para ser uma surpresa pro publico também.",,,sábado,18:00:00,Baixa,Viviane,Arquivado,,
1 - 5 músicas que lotam a pista em qualquer casamento 🎤💥,carrossel,Venturini,"CARD 1 — CAPA
5 músicas que lotam a pista em qualquer casamento
Se tocar uma dessas, pode ter certeza: ninguém fica sentado. 🔥

CARD 2
1. Americana na Vaquejada — Nattan
A mistura perfeita de sofrência, vaquejada e energia.
É daquelas que faz a galera cantar junto do início ao fim e já coloca a pista no clima da festa.


CARD 3
2. Desliza — Léo Santana & Melody
Batida envolvente, refrão fácil e coreografia que surge naturalmente.
Quando começa, a pista vira um verdadeiro baile.

3. Suíte 14 — Henrique & Diego ft. MC Guimê
Um clássico que atravessa gerações de festas.
Mistura sertanejo e funk na medida certa e sempre gera aquele coro coletivo.


CARD 4
4. Pequena Eva
Impossível ouvir e ficar parado.
Perfeita para aquele momento em que todo mundo já está na pista cantando abraçado.

5. Chupa Que É De Uva — Aviões do Forró
Energia lá em cima do primeiro ao último refrão.
Uma das músicas que transformam qualquer festa em uma grande celebração.


CARD 5  
Quer uma pista cheia no seu casamento?
O segredo não é apenas cantar bem.
É saber escolher as músicas certas no momento certo da festa.
🎤 @gustavinn entrega um show pensado para fazer seus convidados cantarem, dançarem e criarem memórias inesquecíveis.",,,sábado,,Baixa,Viviane,Arquivado,https://docs.google.com/document/d/18Hq3ldIzLtLPSs7jN2N6e45Gh-eyncXxh9l21_U_88E/edit?tab=t.0#heading=h.7x30tw8kh9th,
3- 10 músicas que unem todas as gerações na pista 🎶,carrossel,Venturini,"Dos avós aos amigos da faculdade.
Se essas músicas tocam, a pista vira uma só.
 
CARD 2
1. Pequena Eva
Um clássico que atravessa gerações e faz todo mundo cantar.
2. Razões e Emoções
Aquela música que une os apaixonados pelo rock nacional.
3. Sou Praieiro
Leve, divertida e impossível de ouvir sem sorrir.
4. Pode Chorar
Sertanejo que todo mundo sabe pelo menos um pedaço.
5. Mulher de Fases
Energia lá em cima e coro garantido.
 
CARD 3
6. Chupa Que É De Uva
Forró que coloca qualquer mesa para dançar.
7. Americana na Vaquejada
Um dos maiores sucessos para levantar a galera atualmente.
8. Suíte 14
Mistura perfeita entre sertanejo e festa.
9. Charlie Brown Jr.
Quando toca, a nostalgia toma conta da pista.
10. Parará Tomate
Daquelas que transformam a festa em carnaval por alguns minutos.
🎤 O segredo não é apenas a música. É saber a hora certa de tocar cada uma delas.
 
CARD 4  
A melhor pista é aquela onde ninguém fica de fora.
Dos avós aos amigos da faculdade, cada convidado merece viver momentos especiais na sua festa.
🎶 É por isso que o show do @gustavinn é pensado para conectar diferentes gerações, criando uma experiência que faz todo mundo cantar, dançar e celebrar junto.
📩 Garanta uma trilha sonora à altura da sua história e faça do seu casamento uma lembrança inesquecível.  ",,,sábado,,Baixa,Viviane,Arquivado,https://docs.google.com/document/d/18Hq3ldIzLtLPSs7jN2N6e45Gh-eyncXxh9l21_U_88E/edit?tab=t.0#heading=h.7x30tw8kh9th,
,carrossel,Full Gaz,,,,sábado,18:00:00,Baixa,Viviane,A fazer,,
,carrossel,Full Gaz,,,,sábado,18:00:00,Baixa,Viviane,A fazer,,
,Estático,Full Gaz,,,,sábado,18:00:00,Baixa,Viviane,A fazer,,
Roteiro 8: A Virada de Chave (A Decisão Estratégica),Video,Full Gaz,,,,sábado,18:00:00,Baixa,Junior,A fazer,,
,carrossel,Full Gaz,,,,sábado,18:00:00,Baixa,Viviane,A fazer,,
,Estático,Full Gaz,,,,sábado,18:00:00,Baixa,Viviane,A fazer,,
,Estático,Full Gaz,,,,sábado,18:00:00,Baixa,Viviane,A fazer,,
fazer video do paraguai 1,Video,Full Gaz,,,,sábado,18:00:00,Baixa,Junior,A fazer,,
fazer video do paraguai 2,Video,Full Gaz,,,,sábado,18:00:00,Baixa,Junior,A fazer,,
Videos das imagens de comida,Video,Full Gaz,,,,sábado,18:00:00,Baixa,Junior,A fazer,,
follow-up clara brahin,Orçamento,Gasmaske,,,,sábado,,Baixa,Junior,Aguardar,,
follow-up ECS,Orçamento,Gasmaske,,,,sábado,,Baixa,Junior,Aguardar,,
follow-up Renata,Orçamento,Gasmaske,,,,sábado,,Baixa,Junior,Aguardar,,
follow-up Gustavo Transporte,Orçamento,Gasmaske,,,,sábado,,Baixa,Junior,Aguardar,,
follow-up Cabral,Orçamento,Gasmaske,,,,sábado,,Baixa,Junior,Aguardar,,
,Estático,Full Gaz,,,,sábado,18:00:00,Baixa,Viviane,A fazer,,
,Estático,Full Gaz,,,,sábado,18:00:00,Baixa,Viviane,A fazer,,
,Estático,Full Gaz,,,,sábado,18:00:00,Baixa,Viviane,A fazer,,
,carrossel,Full Gaz,,,,sábado,18:00:00,Baixa,Viviane,A fazer,,
1. O perigo das baterias de lítio.,carrossel,Comexblog,,,,sábado,,Baixa,Junior,Aguardar,,
2. Amostras vs. Lote Comercial.,carrossel,Comexblog,,,,sábado,,Baixa,Junior,Aguardar,,
3. A documentação não aceita traduções informais.,carrossel,Comexblog,,,,sábado,,Baixa,Junior,Aguardar,,
4. Feriados ignorados pelos brasileiros.,carrossel,Comexblog,,,,sábado,,Baixa,Junior,Aguardar,,
5. Homologação Anatel/Inmetro ignorada.,carrossel,Comexblog,,,,sábado,,Baixa,Junior,Aguardar,,
6. Abandono de carga no porto.,carrossel,Comexblog,,,,sábado,,Baixa,Junior,Aguardar,,
7. Importação de eletrônicos usados/recondicionados.,carrossel,Comexblog,,,,sábado,,Baixa,Junior,Aguardar,,
8. Inspeção na origem falha.,carrossel,Comexblog,,,,sábado,,Baixa,Junior,Aguardar,,
9. Diferença entre NCM e descrição técnica.,carrossel,Comexblog,,,,sábado,,Baixa,Junior,Aguardar,,
10. Dropshipping vs. Importação Própria.,carrossel,Comexblog,,,,sábado,,Baixa,Junior,Aguardar,,
11. Ansiedade do importador (Meme).,Estático,Comexblog,,,,sábado,,Baixa,Junior,Aguardar,,
12. Custo de oportunidade portuária.,Estático,Comexblog,,,,sábado,,Baixa,Junior,Aguardar,,
13. Diferença de nomenclaturas.,Estático,Comexblog,,,,sábado,,Baixa,Junior,Aguardar,,
14. Canal vermelho de sexta-feira.,Estático,Comexblog,,,,sábado,,Baixa,Junior,Aguardar,,
15. Escolha de fornecedores.,Estático,Comexblog,,,,sábado,,Baixa,Junior,Aguardar,,
"16. Risco cambial no ""achismo"".",Estático,Comexblog,,,,sábado,,Baixa,Junior,Aguardar,,
17. Falta de planejamento de espaço.,Estático,Comexblog,,,,sábado,,Baixa,Junior,Aguardar,,
18. Despachante barato.,Estático,Comexblog,,,,sábado,,Baixa,Junior,Aguardar,,
19. Pagamento 100% no escuro.,Estático,Comexblog,,,,sábado,,Baixa,Junior,Aguardar,,
20. Expectativa vs. Realidade do lucro.,Estático,Comexblog,,,,sábado,,Baixa,Junior,Aguardar,,
21. Gestão de Risco com Fornecedores.,carrossel,LTV,,,,sábado,,Baixa,Junior,Aguardar,,
22. O custo do compliance ignorado.,carrossel,LTV,,,,sábado,,Baixa,Junior,Aguardar,,
23. Previsibilidade de Caixa na Importação.,carrossel,LTV,,,,sábado,,Baixa,Junior,Aguardar,,
24. Escalabilidade com Carga Compartilhada (LCL Hub).,carrossel,LTV,,,,sábado,,Baixa,Junior,Aguardar,,
25. Sourcing Estratégico e Auditoria.,carrossel,LTV,,,,sábado,,Baixa,Junior,Aguardar,,
26. Integração Tributária e IA (DUIMP).,carrossel,LTV,,,,sábado,,Baixa,Junior,Aguardar,,
27. Proteção de Propriedade Intelectual (White Label e NNN).,carrossel,LTV,,,,sábado,,Baixa,Junior,Aguardar,,
28. Logística como diferencial de Valuation.,carrossel,LTV,,,,sábado,,Baixa,Junior,Aguardar,,
29. Terceirização de Inteligência vs. Operação.,carrossel,LTV,,,,sábado,,Baixa,Junior,Aguardar,,
30. Controle e Autonomia de Estoque.,carrossel,LTV,,,,sábado,,Baixa,Junior,Aguardar,,
31. Posicionamento sobre margem.,Estático,LTV,,,,sábado,,Baixa,Junior,Aguardar,,
32. Governança no Comércio Exterior.,Estático,LTV,,,,sábado,,Baixa,Junior,Aguardar,,
33. Visão de Longo Prazo (O significado de LTV).,Estático,LTV,,,,sábado,,Baixa,Junior,Aguardar,,
34. O compliance como investimento.,Estático,LTV,,,,sábado,,Baixa,Junior,Aguardar,,
35. Diagnóstico de Operação Real.,Estático,LTV,,,,sábado,,Baixa,Junior,Aguardar,,
36. Automação vs. Processo Manual.,Estático,LTV,,,,sábado,,Baixa,Junior,Aguardar,,
Barbeiro novo - 2907,Video,Suricato,Falta Editar,,,sábado,,Baixa,Junior,Finalizado,,
37. Ex-Tarifário e Capex.,Estático,LTV,,,,sábado,,Baixa,Junior,Aguardar,,
38. Posicionamento C-Level.,Estático,LTV,,,,sábado,,Baixa,Junior,Aguardar,,
39. Previsibilidade de Freight Forwarding.,Estático,LTV,,,,sábado,,Baixa,Junior,Aguardar,,
40. Custo da Inação no B2B.,Estático,LTV,,,,sábado,,Baixa,Junior,Aguardar,,
22 - Entrevista Suricato 11,Video,Suricato,Falta Editar,,,sábado,,Baixa,Junior,A fazer,,
23 - Entrevista Suricato 12,Video,Suricato,Falta Editar,,,sábado,,Baixa,Junior,A fazer,,
24 - Entrevista Suricato 13,Video,Suricato,Falta Editar,,,sábado,,Baixa,Junior,A fazer,,
Maça Sem camiseta,Video,Suricato,Falta Editar,,,sábado,,Baixa,Junior,A fazer,,
Vinicinho imirando a suellen - 2307,Video,Suricato,Falta Editar,,,sábado,,Baixa,Junior,A fazer,,
quando o estagiario não quer trabalhar - 2907,Video,Suricato,Falta Editar,,,sábado,,Baixa,Junior,A fazer,,
Vinicinho 67 - 2907,Video,Suricato,Falta Editar,,,sábado,,Baixa,Junior,A fazer,,
Usar o cliente de bancada - 2907,Video,Suricato,Falta Editar,,,sábado,,Baixa,Junior,A fazer,,
Calcinha gigante - 2907,Video,Suricato,Falta Editar,,,sábado,,Baixa,Junior,A fazer,,
Coach de barbearia - 2907,Video,Suricato,Falta Editar,,,sábado,,Baixa,Junior,A fazer,,
1 - STJ nega créditos de PIS/Cofins a postos de combustíveis em vigência da LC 192,Captação,HDG,"A gasolina vai ficar mais cara? Porque o STJ acabou de dar uma canetada que vai arrancar milhões do caixa dos postos de combustíveis no Brasil.
Presta atenção nisso, seja você o cara que abastece o carro ou o dono do posto.
Lá em dois mil e vinte e dois, o governo zerou os impostos do combustível. A lei era clara: os postos podiam manter os créditos de PIS e Cofins. Era um dinheiro limpo, que dava um fôlego para o empresário respirar e não precisar repassar tanto custo lá na bomba.
Mas o governo odeia perder dinheiro. E o que aconteceu agora?
O STJ julgou o caso e simplesmente passou a tesoura no direito do empresário. Por unanimidade, proibiram os postos de usarem esse crédito. Disseram que o imposto é concentrado na refinaria e pronto, o direito do varejo foi pro ralo. O governo ganha, o dono do posto toma o prejuízo, e adivinha para quem essa conta vai sobrar mais cedo ou mais tarde?
Agora, um aviso urgente para você que é dono de posto: se algum consultor kamikaze fez você compensar esse imposto na marra contando com a lentidão da justiça, o alerta vermelho está aceso hoje. A Receita Federal vai vir cobrar o que você compensou, com juros e multa de quebrar as pernas.
Chega de apostar a saúde financeira do seu negócio em tese que o tribunal derruba quando quer. Planejamento tributário de verdade se faz com estratégia blindada, que o governo não derruba no tapetão.
Dono de posto, quer proteger o seu caixa e recuperar impostos do jeito certo e seguro? Clica no link da bio. A equipe da Hedge Consultoria sabe exatamente como defender o seu patrimônio.
","Legenda: O STJ acabou de proibir os postos de combustíveis de utilizarem os créditos de PIS/Cofins da LC 192. Essa decisão unânime (Tema 1339) atinge em cheio o caixa de milhares de empresas que contavam com esse fôlego financeiro. ⚠️⛽ 
Quer blindar o caixa do seu posto, evitar multas e focar no que realmente é seguro recuperar?
📲 Clique no link da bio e fale agora com os especialistas da Hedge Consultoria.",,sábado,,Baixa,Junior,A fazer,https://www.jota.info/tributos/stj-nega-creditos-de-pis-cofins-a-postos-de-combustiveis-em-vigencia-da-lc-192,